record_id,entity,year,source_group,source_file,source_doc,source_page,source_section,row_type,asset_class_raw,asset_class_std,project_id,project_name,metric,value_num,value_text,unit,currency,date_precision,event_date,event_year,event_month,confidence,include_in_k,include_in_productive_k,needs_monthly_timing,notes
HPC_2019_AR_2018_infrastructure_buildings_cost_open,HPC,2018,HPC_2019_AR,files_privatizations_hifa-port_eng_HaifaPort_FinancialStatment_HPC_2019-eng.pdf,files_privatizations_hifa-port_eng_HaifaPort_FinancialStatment_HPC_2019-eng.pdf,59,"Note 8 Fixed assets, net",ppe_rollforward,Infrastructure and buildings,infrastructure_buildings,,,cost_open,200068.0,,NIS_thousands,NIS,year,,2018,,high,yes,yes,yes,Extracted from 2019 annual report comparative fixed-asset table for 2018.
HPC_2019_AR_2018_infrastructure_buildings_cost_additions,HPC,2018,HPC_2019_AR,files_privatizations_hifa-port_eng_HaifaPort_FinancialStatment_HPC_2019-eng.pdf,files_privatizations_hifa-port_eng_HaifaPort_FinancialStatment_HPC_2019-eng.pdf,59,"Note 8 Fixed assets, net",ppe_rollforward,Infrastructure and buildings,infrastructure_buildings,,,cost_additions,12381.0,,NIS_thousands,NIS,year,,2018,,high,yes,yes,yes,Extracted from 2019 annual report comparative fixed-asset table for 2018.
HPC_2019_AR_2018_infrastructure_buildings_cost_transfers_other,HPC,2018,HPC_2019_AR,files_privatizations_hifa-port_eng_HaifaPort_FinancialStatment_HPC_2019-eng.pdf,files_privatizations_hifa-port_eng_HaifaPort_FinancialStatment_HPC_2019-eng.pdf,59,"Note 8 Fixed assets, net",ppe_rollforward,Infrastructure and buildings,infrastructure_buildings,,,cost_transfers_other,-181.0,,NIS_thousands,NIS,year,,2018,,high,yes,yes,yes,Extracted from 2019 annual report comparative fixed-asset table for 2018.
HPC_2019_AR_2018_infrastructure_buildings_cost_disposals,HPC,2018,HPC_2019_AR,files_privatizations_hifa-port_eng_HaifaPort_FinancialStatment_HPC_2019-eng.pdf,files_privatizations_hifa-port_eng_HaifaPort_FinancialStatment_HPC_2019-eng.pdf,59,"Note 8 Fixed assets, net",ppe_rollforward,Infrastructure and buildings,infrastructure_buildings,,,cost_disposals,-27.0,,NIS_thousands,NIS,year,,2018,,high,yes,yes,yes,Extracted from 2019 annual report comparative fixed-asset table for 2018.
HPC_2019_AR_2018_infrastructure_buildings_cost_transfer_held_for_sale,HPC,2018,HPC_2019_AR,files_privatizations_hifa-port_eng_HaifaPort_FinancialStatment_HPC_2019-eng.pdf,files_privatizations_hifa-port_eng_HaifaPort_FinancialStatment_HPC_2019-eng.pdf,59,"Note 8 Fixed assets, net",ppe_rollforward,Infrastructure and buildings,infrastructure_buildings,,,cost_transfer_held_for_sale,0.0,,NIS_thousands,NIS,year,,2018,,high,yes,yes,yes,Extracted from 2019 annual report comparative fixed-asset table for 2018.
HPC_2019_AR_2018_infrastructure_buildings_cost_impairment_change,HPC,2018,HPC_2019_AR,files_privatizations_hifa-port_eng_HaifaPort_FinancialStatment_HPC_2019-eng.pdf,files_privatizations_hifa-port_eng_HaifaPort_FinancialStatment_HPC_2019-eng.pdf,59,"Note 8 Fixed assets, net",ppe_rollforward,Infrastructure and buildings,infrastructure_buildings,,,cost_impairment_change,0.0,,NIS_thousands,NIS,year,,2018,,high,yes,yes,yes,Extracted from 2019 annual report comparative fixed-asset table for 2018.
HPC_2019_AR_2018_infrastructure_buildings_cost_close,HPC,2018,HPC_2019_AR,files_privatizations_hifa-port_eng_HaifaPort_FinancialStatment_HPC_2019-eng.pdf,files_privatizations_hifa-port_eng_HaifaPort_FinancialStatment_HPC_2019-eng.pdf,59,"Note 8 Fixed assets, net",ppe_rollforward,Infrastructure and buildings,infrastructure_buildings,,,cost_close,212241.0,,NIS_thousands,NIS,year,,2018,,high,yes,yes,yes,Extracted from 2019 annual report comparative fixed-asset table for 2018.
HPC_2019_AR_2018_infrastructure_buildings_accdep_open,HPC,2018,HPC_2019_AR,files_privatizations_hifa-port_eng_HaifaPort_FinancialStatment_HPC_2019-eng.pdf,files_privatizations_hifa-port_eng_HaifaPort_FinancialStatment_HPC_2019-eng.pdf,59,"Note 8 Fixed assets, net",ppe_rollforward,Infrastructure and buildings,infrastructure_buildings,,,accdep_open,43479.0,,NIS_thousands,NIS,year,,2018,,high,yes,yes,yes,Extracted from 2019 annual report comparative fixed-asset table for 2018.
HPC_2019_AR_2018_infrastructure_buildings_accdep_depreciation,HPC,2018,HPC_2019_AR,files_privatizations_hifa-port_eng_HaifaPort_FinancialStatment_HPC_2019-eng.pdf,files_privatizations_hifa-port_eng_HaifaPort_FinancialStatment_HPC_2019-eng.pdf,59,"Note 8 Fixed assets, net",ppe_rollforward,Infrastructure and buildings,infrastructure_buildings,,,accdep_depreciation,11060.0,,NIS_thousands,NIS,year,,2018,,high,yes,yes,yes,Extracted from 2019 annual report comparative fixed-asset table for 2018.
HPC_2019_AR_2018_infrastructure_buildings_accdep_transfers_other,HPC,2018,HPC_2019_AR,files_privatizations_hifa-port_eng_HaifaPort_FinancialStatment_HPC_2019-eng.pdf,files_privatizations_hifa-port_eng_HaifaPort_FinancialStatment_HPC_2019-eng.pdf,59,"Note 8 Fixed assets, net",ppe_rollforward,Infrastructure and buildings,infrastructure_buildings,,,accdep_transfers_other,-3.0,,NIS_thousands,NIS,year,,2018,,high,yes,yes,yes,Extracted from 2019 annual report comparative fixed-asset table for 2018.
HPC_2019_AR_2018_infrastructure_buildings_accdep_disposals,HPC,2018,HPC_2019_AR,files_privatizations_hifa-port_eng_HaifaPort_FinancialStatment_HPC_2019-eng.pdf,files_privatizations_hifa-port_eng_HaifaPort_FinancialStatment_HPC_2019-eng.pdf,59,"Note 8 Fixed assets, net",ppe_rollforward,Infrastructure and buildings,infrastructure_buildings,,,accdep_disposals,-6.0,,NIS_thousands,NIS,year,,2018,,high,yes,yes,yes,Extracted from 2019 annual report comparative fixed-asset table for 2018.
HPC_2019_AR_2018_infrastructure_buildings_accdep_transfer_held_for_sale,HPC,2018,HPC_2019_AR,files_privatizations_hifa-port_eng_HaifaPort_FinancialStatment_HPC_2019-eng.pdf,files_privatizations_hifa-port_eng_HaifaPort_FinancialStatment_HPC_2019-eng.pdf,59,"Note 8 Fixed assets, net",ppe_rollforward,Infrastructure and buildings,infrastructure_buildings,,,accdep_transfer_held_for_sale,0.0,,NIS_thousands,NIS,year,,2018,,high,yes,yes,yes,Extracted from 2019 annual report comparative fixed-asset table for 2018.
HPC_2019_AR_2018_infrastructure_buildings_accdep_close,HPC,2018,HPC_2019_AR,files_privatizations_hifa-port_eng_HaifaPort_FinancialStatment_HPC_2019-eng.pdf,files_privatizations_hifa-port_eng_HaifaPort_FinancialStatment_HPC_2019-eng.pdf,59,"Note 8 Fixed assets, net",ppe_rollforward,Infrastructure and buildings,infrastructure_buildings,,,accdep_close,54530.0,,NIS_thousands,NIS,year,,2018,,high,yes,yes,yes,Extracted from 2019 annual report comparative fixed-asset table for 2018.
HPC_2019_AR_2018_infrastructure_buildings_net_ppe_close,HPC,2018,HPC_2019_AR,files_privatizations_hifa-port_eng_HaifaPort_FinancialStatment_HPC_2019-eng.pdf,files_privatizations_hifa-port_eng_HaifaPort_FinancialStatment_HPC_2019-eng.pdf,59,"Note 8 Fixed assets, net",ppe_rollforward,Infrastructure and buildings,infrastructure_buildings,,,net_ppe_close,157711.0,,NIS_thousands,NIS,year,,2018,,high,yes,yes,yes,Extracted from 2019 annual report comparative fixed-asset table for 2018.
HPC_2019_AR_2018_equipment_cost_open,HPC,2018,HPC_2019_AR,files_privatizations_hifa-port_eng_HaifaPort_FinancialStatment_HPC_2019-eng.pdf,files_privatizations_hifa-port_eng_HaifaPort_FinancialStatment_HPC_2019-eng.pdf,59,"Note 8 Fixed assets, net",ppe_rollforward,Equipment,equipment,,,cost_open,1635861.0,,NIS_thousands,NIS,year,,2018,,high,yes,yes,yes,Extracted from 2019 annual report comparative fixed-asset table for 2018.
HPC_2019_AR_2018_equipment_cost_additions,HPC,2018,HPC_2019_AR,files_privatizations_hifa-port_eng_HaifaPort_FinancialStatment_HPC_2019-eng.pdf,files_privatizations_hifa-port_eng_HaifaPort_FinancialStatment_HPC_2019-eng.pdf,59,"Note 8 Fixed assets, net",ppe_rollforward,Equipment,equipment,,,cost_additions,15860.0,,NIS_thousands,NIS,year,,2018,,high,yes,yes,yes,Extracted from 2019 annual report comparative fixed-asset table for 2018.
HPC_2019_AR_2018_equipment_cost_transfers_other,HPC,2018,HPC_2019_AR,files_privatizations_hifa-port_eng_HaifaPort_FinancialStatment_HPC_2019-eng.pdf,files_privatizations_hifa-port_eng_HaifaPort_FinancialStatment_HPC_2019-eng.pdf,59,"Note 8 Fixed assets, net",ppe_rollforward,Equipment,equipment,,,cost_transfers_other,1887.0,,NIS_thousands,NIS,year,,2018,,high,yes,yes,yes,Extracted from 2019 annual report comparative fixed-asset table for 2018.
HPC_2019_AR_2018_equipment_cost_disposals,HPC,2018,HPC_2019_AR,files_privatizations_hifa-port_eng_HaifaPort_FinancialStatment_HPC_2019-eng.pdf,files_privatizations_hifa-port_eng_HaifaPort_FinancialStatment_HPC_2019-eng.pdf,59,"Note 8 Fixed assets, net",ppe_rollforward,Equipment,equipment,,,cost_disposals,-9422.0,,NIS_thousands,NIS,year,,2018,,high,yes,yes,yes,Extracted from 2019 annual report comparative fixed-asset table for 2018.
HPC_2019_AR_2018_equipment_cost_transfer_held_for_sale,HPC,2018,HPC_2019_AR,files_privatizations_hifa-port_eng_HaifaPort_FinancialStatment_HPC_2019-eng.pdf,files_privatizations_hifa-port_eng_HaifaPort_FinancialStatment_HPC_2019-eng.pdf,59,"Note 8 Fixed assets, net",ppe_rollforward,Equipment,equipment,,,cost_transfer_held_for_sale,-3749.0,,NIS_thousands,NIS,year,,2018,,high,yes,yes,yes,Extracted from 2019 annual report comparative fixed-asset table for 2018.
HPC_2019_AR_2018_equipment_cost_impairment_change,HPC,2018,HPC_2019_AR,files_privatizations_hifa-port_eng_HaifaPort_FinancialStatment_HPC_2019-eng.pdf,files_privatizations_hifa-port_eng_HaifaPort_FinancialStatment_HPC_2019-eng.pdf,59,"Note 8 Fixed assets, net",ppe_rollforward,Equipment,equipment,,,cost_impairment_change,3916.0,,NIS_thousands,NIS,year,,2018,,high,yes,yes,yes,Extracted from 2019 annual report comparative fixed-asset table for 2018.
HPC_2019_AR_2018_equipment_cost_close,HPC,2018,HPC_2019_AR,files_privatizations_hifa-port_eng_HaifaPort_FinancialStatment_HPC_2019-eng.pdf,files_privatizations_hifa-port_eng_HaifaPort_FinancialStatment_HPC_2019-eng.pdf,59,"Note 8 Fixed assets, net",ppe_rollforward,Equipment,equipment,,,cost_close,1644353.0,,NIS_thousands,NIS,year,,2018,,high,yes,yes,yes,Extracted from 2019 annual report comparative fixed-asset table for 2018.
HPC_2019_AR_2018_equipment_accdep_open,HPC,2018,HPC_2019_AR,files_privatizations_hifa-port_eng_HaifaPort_FinancialStatment_HPC_2019-eng.pdf,files_privatizations_hifa-port_eng_HaifaPort_FinancialStatment_HPC_2019-eng.pdf,59,"Note 8 Fixed assets, net",ppe_rollforward,Equipment,equipment,,,accdep_open,657971.0,,NIS_thousands,NIS,year,,2018,,high,yes,yes,yes,Extracted from 2019 annual report comparative fixed-asset table for 2018.
HPC_2019_AR_2018_equipment_accdep_depreciation,HPC,2018,HPC_2019_AR,files_privatizations_hifa-port_eng_HaifaPort_FinancialStatment_HPC_2019-eng.pdf,files_privatizations_hifa-port_eng_HaifaPort_FinancialStatment_HPC_2019-eng.pdf,59,"Note 8 Fixed assets, net",ppe_rollforward,Equipment,equipment,,,accdep_depreciation,59312.0,,NIS_thousands,NIS,year,,2018,,high,yes,yes,yes,Extracted from 2019 annual report comparative fixed-asset table for 2018.
HPC_2019_AR_2018_equipment_accdep_transfers_other,HPC,2018,HPC_2019_AR,files_privatizations_hifa-port_eng_HaifaPort_FinancialStatment_HPC_2019-eng.pdf,files_privatizations_hifa-port_eng_HaifaPort_FinancialStatment_HPC_2019-eng.pdf,59,"Note 8 Fixed assets, net",ppe_rollforward,Equipment,equipment,,,accdep_transfers_other,13.0,,NIS_thousands,NIS,year,,2018,,high,yes,yes,yes,Extracted from 2019 annual report comparative fixed-asset table for 2018.
HPC_2019_AR_2018_equipment_accdep_disposals,HPC,2018,HPC_2019_AR,files_privatizations_hifa-port_eng_HaifaPort_FinancialStatment_HPC_2019-eng.pdf,files_privatizations_hifa-port_eng_HaifaPort_FinancialStatment_HPC_2019-eng.pdf,59,"Note 8 Fixed assets, net",ppe_rollforward,Equipment,equipment,,,accdep_disposals,-5449.0,,NIS_thousands,NIS,year,,2018,,high,yes,yes,yes,Extracted from 2019 annual report comparative fixed-asset table for 2018.
HPC_2019_AR_2018_equipment_accdep_transfer_held_for_sale,HPC,2018,HPC_2019_AR,files_privatizations_hifa-port_eng_HaifaPort_FinancialStatment_HPC_2019-eng.pdf,files_privatizations_hifa-port_eng_HaifaPort_FinancialStatment_HPC_2019-eng.pdf,59,"Note 8 Fixed assets, net",ppe_rollforward,Equipment,equipment,,,accdep_transfer_held_for_sale,-3461.0,,NIS_thousands,NIS,year,,2018,,high,yes,yes,yes,Extracted from 2019 annual report comparative fixed-asset table for 2018.
HPC_2019_AR_2018_equipment_accdep_close,HPC,2018,HPC_2019_AR,files_privatizations_hifa-port_eng_HaifaPort_FinancialStatment_HPC_2019-eng.pdf,files_privatizations_hifa-port_eng_HaifaPort_FinancialStatment_HPC_2019-eng.pdf,59,"Note 8 Fixed assets, net",ppe_rollforward,Equipment,equipment,,,accdep_close,708386.0,,NIS_thousands,NIS,year,,2018,,high,yes,yes,yes,Extracted from 2019 annual report comparative fixed-asset table for 2018.
HPC_2019_AR_2018_equipment_net_ppe_close,HPC,2018,HPC_2019_AR,files_privatizations_hifa-port_eng_HaifaPort_FinancialStatment_HPC_2019-eng.pdf,files_privatizations_hifa-port_eng_HaifaPort_FinancialStatment_HPC_2019-eng.pdf,59,"Note 8 Fixed assets, net",ppe_rollforward,Equipment,equipment,,,net_ppe_close,935967.0,,NIS_thousands,NIS,year,,2018,,high,yes,yes,yes,Extracted from 2019 annual report comparative fixed-asset table for 2018.
HPC_2019_AR_2018_spare_parts_over_15000_cost_open,HPC,2018,HPC_2019_AR,files_privatizations_hifa-port_eng_HaifaPort_FinancialStatment_HPC_2019-eng.pdf,files_privatizations_hifa-port_eng_HaifaPort_FinancialStatment_HPC_2019-eng.pdf,59,"Note 8 Fixed assets, net",ppe_rollforward,"Spare parts inventory over NIS 15,000 per item",spare_parts_over_15000,,,cost_open,38592.0,,NIS_thousands,NIS,year,,2018,,high,yes,yes,yes,Extracted from 2019 annual report comparative fixed-asset table for 2018.
HPC_2019_AR_2018_spare_parts_over_15000_cost_additions,HPC,2018,HPC_2019_AR,files_privatizations_hifa-port_eng_HaifaPort_FinancialStatment_HPC_2019-eng.pdf,files_privatizations_hifa-port_eng_HaifaPort_FinancialStatment_HPC_2019-eng.pdf,59,"Note 8 Fixed assets, net",ppe_rollforward,"Spare parts inventory over NIS 15,000 per item",spare_parts_over_15000,,,cost_additions,2123.0,,NIS_thousands,NIS,year,,2018,,high,yes,yes,yes,Extracted from 2019 annual report comparative fixed-asset table for 2018.
HPC_2019_AR_2018_spare_parts_over_15000_cost_transfers_other,HPC,2018,HPC_2019_AR,files_privatizations_hifa-port_eng_HaifaPort_FinancialStatment_HPC_2019-eng.pdf,files_privatizations_hifa-port_eng_HaifaPort_FinancialStatment_HPC_2019-eng.pdf,59,"Note 8 Fixed assets, net",ppe_rollforward,"Spare parts inventory over NIS 15,000 per item",spare_parts_over_15000,,,cost_transfers_other,-1706.0,,NIS_thousands,NIS,year,,2018,,high,yes,yes,yes,Extracted from 2019 annual report comparative fixed-asset table for 2018.
HPC_2019_AR_2018_spare_parts_over_15000_cost_disposals,HPC,2018,HPC_2019_AR,files_privatizations_hifa-port_eng_HaifaPort_FinancialStatment_HPC_2019-eng.pdf,files_privatizations_hifa-port_eng_HaifaPort_FinancialStatment_HPC_2019-eng.pdf,59,"Note 8 Fixed assets, net",ppe_rollforward,"Spare parts inventory over NIS 15,000 per item",spare_parts_over_15000,,,cost_disposals,0.0,,NIS_thousands,NIS,year,,2018,,high,yes,yes,yes,Extracted from 2019 annual report comparative fixed-asset table for 2018.
HPC_2019_AR_2018_spare_parts_over_15000_cost_transfer_held_for_sale,HPC,2018,HPC_2019_AR,files_privatizations_hifa-port_eng_HaifaPort_FinancialStatment_HPC_2019-eng.pdf,files_privatizations_hifa-port_eng_HaifaPort_FinancialStatment_HPC_2019-eng.pdf,59,"Note 8 Fixed assets, net",ppe_rollforward,"Spare parts inventory over NIS 15,000 per item",spare_parts_over_15000,,,cost_transfer_held_for_sale,0.0,,NIS_thousands,NIS,year,,2018,,high,yes,yes,yes,Extracted from 2019 annual report comparative fixed-asset table for 2018.
HPC_2019_AR_2018_spare_parts_over_15000_cost_impairment_change,HPC,2018,HPC_2019_AR,files_privatizations_hifa-port_eng_HaifaPort_FinancialStatment_HPC_2019-eng.pdf,files_privatizations_hifa-port_eng_HaifaPort_FinancialStatment_HPC_2019-eng.pdf,59,"Note 8 Fixed assets, net",ppe_rollforward,"Spare parts inventory over NIS 15,000 per item",spare_parts_over_15000,,,cost_impairment_change,0.0,,NIS_thousands,NIS,year,,2018,,high,yes,yes,yes,Extracted from 2019 annual report comparative fixed-asset table for 2018.
HPC_2019_AR_2018_spare_parts_over_15000_cost_close,HPC,2018,HPC_2019_AR,files_privatizations_hifa-port_eng_HaifaPort_FinancialStatment_HPC_2019-eng.pdf,files_privatizations_hifa-port_eng_HaifaPort_FinancialStatment_HPC_2019-eng.pdf,59,"Note 8 Fixed assets, net",ppe_rollforward,"Spare parts inventory over NIS 15,000 per item",spare_parts_over_15000,,,cost_close,39009.0,,NIS_thousands,NIS,year,,2018,,high,yes,yes,yes,Extracted from 2019 annual report comparative fixed-asset table for 2018.
HPC_2019_AR_2018_spare_parts_over_15000_accdep_open,HPC,2018,HPC_2019_AR,files_privatizations_hifa-port_eng_HaifaPort_FinancialStatment_HPC_2019-eng.pdf,files_privatizations_hifa-port_eng_HaifaPort_FinancialStatment_HPC_2019-eng.pdf,59,"Note 8 Fixed assets, net",ppe_rollforward,"Spare parts inventory over NIS 15,000 per item",spare_parts_over_15000,,,accdep_open,7421.0,,NIS_thousands,NIS,year,,2018,,high,yes,yes,yes,Extracted from 2019 annual report comparative fixed-asset table for 2018.
HPC_2019_AR_2018_spare_parts_over_15000_accdep_depreciation,HPC,2018,HPC_2019_AR,files_privatizations_hifa-port_eng_HaifaPort_FinancialStatment_HPC_2019-eng.pdf,files_privatizations_hifa-port_eng_HaifaPort_FinancialStatment_HPC_2019-eng.pdf,59,"Note 8 Fixed assets, net",ppe_rollforward,"Spare parts inventory over NIS 15,000 per item",spare_parts_over_15000,,,accdep_depreciation,0.0,,NIS_thousands,NIS,year,,2018,,high,yes,yes,yes,Extracted from 2019 annual report comparative fixed-asset table for 2018.
HPC_2019_AR_2018_spare_parts_over_15000_accdep_transfers_other,HPC,2018,HPC_2019_AR,files_privatizations_hifa-port_eng_HaifaPort_FinancialStatment_HPC_2019-eng.pdf,files_privatizations_hifa-port_eng_HaifaPort_FinancialStatment_HPC_2019-eng.pdf,59,"Note 8 Fixed assets, net",ppe_rollforward,"Spare parts inventory over NIS 15,000 per item",spare_parts_over_15000,,,accdep_transfers_other,-10.0,,NIS_thousands,NIS,year,,2018,,high,yes,yes,yes,Extracted from 2019 annual report comparative fixed-asset table for 2018.
HPC_2019_AR_2018_spare_parts_over_15000_accdep_disposals,HPC,2018,HPC_2019_AR,files_privatizations_hifa-port_eng_HaifaPort_FinancialStatment_HPC_2019-eng.pdf,files_privatizations_hifa-port_eng_HaifaPort_FinancialStatment_HPC_2019-eng.pdf,59,"Note 8 Fixed assets, net",ppe_rollforward,"Spare parts inventory over NIS 15,000 per item",spare_parts_over_15000,,,accdep_disposals,-62.0,,NIS_thousands,NIS,year,,2018,,high,yes,yes,yes,Extracted from 2019 annual report comparative fixed-asset table for 2018.
HPC_2019_AR_2018_spare_parts_over_15000_accdep_transfer_held_for_sale,HPC,2018,HPC_2019_AR,files_privatizations_hifa-port_eng_HaifaPort_FinancialStatment_HPC_2019-eng.pdf,files_privatizations_hifa-port_eng_HaifaPort_FinancialStatment_HPC_2019-eng.pdf,59,"Note 8 Fixed assets, net",ppe_rollforward,"Spare parts inventory over NIS 15,000 per item",spare_parts_over_15000,,,accdep_transfer_held_for_sale,0.0,,NIS_thousands,NIS,year,,2018,,high,yes,yes,yes,Extracted from 2019 annual report comparative fixed-asset table for 2018.
HPC_2019_AR_2018_spare_parts_over_15000_accdep_close,HPC,2018,HPC_2019_AR,files_privatizations_hifa-port_eng_HaifaPort_FinancialStatment_HPC_2019-eng.pdf,files_privatizations_hifa-port_eng_HaifaPort_FinancialStatment_HPC_2019-eng.pdf,59,"Note 8 Fixed assets, net",ppe_rollforward,"Spare parts inventory over NIS 15,000 per item",spare_parts_over_15000,,,accdep_close,7349.0,,NIS_thousands,NIS,year,,2018,,high,yes,yes,yes,Extracted from 2019 annual report comparative fixed-asset table for 2018.
HPC_2019_AR_2018_spare_parts_over_15000_net_ppe_close,HPC,2018,HPC_2019_AR,files_privatizations_hifa-port_eng_HaifaPort_FinancialStatment_HPC_2019-eng.pdf,files_privatizations_hifa-port_eng_HaifaPort_FinancialStatment_HPC_2019-eng.pdf,59,"Note 8 Fixed assets, net",ppe_rollforward,"Spare parts inventory over NIS 15,000 per item",spare_parts_over_15000,,,net_ppe_close,31660.0,,NIS_thousands,NIS,year,,2018,,high,yes,yes,yes,Extracted from 2019 annual report comparative fixed-asset table for 2018.
HPC_2019_AR_2018_spare_parts_under_15000_cost_open,HPC,2018,HPC_2019_AR,files_privatizations_hifa-port_eng_HaifaPort_FinancialStatment_HPC_2019-eng.pdf,files_privatizations_hifa-port_eng_HaifaPort_FinancialStatment_HPC_2019-eng.pdf,59,"Note 8 Fixed assets, net",ppe_rollforward,"Spare parts inventory up to NIS 15,000 per item",spare_parts_under_15000,,,cost_open,36627.0,,NIS_thousands,NIS,year,,2018,,high,yes,yes,yes,Extracted from 2019 annual report comparative fixed-asset table for 2018.
HPC_2019_AR_2018_spare_parts_under_15000_cost_additions,HPC,2018,HPC_2019_AR,files_privatizations_hifa-port_eng_HaifaPort_FinancialStatment_HPC_2019-eng.pdf,files_privatizations_hifa-port_eng_HaifaPort_FinancialStatment_HPC_2019-eng.pdf,59,"Note 8 Fixed assets, net",ppe_rollforward,"Spare parts inventory up to NIS 15,000 per item",spare_parts_under_15000,,,cost_additions,1574.0,,NIS_thousands,NIS,year,,2018,,high,yes,yes,yes,Extracted from 2019 annual report comparative fixed-asset table for 2018.
HPC_2019_AR_2018_spare_parts_under_15000_cost_transfers_other,HPC,2018,HPC_2019_AR,files_privatizations_hifa-port_eng_HaifaPort_FinancialStatment_HPC_2019-eng.pdf,files_privatizations_hifa-port_eng_HaifaPort_FinancialStatment_HPC_2019-eng.pdf,59,"Note 8 Fixed assets, net",ppe_rollforward,"Spare parts inventory up to NIS 15,000 per item",spare_parts_under_15000,,,cost_transfers_other,0.0,,NIS_thousands,NIS,year,,2018,,high,yes,yes,yes,Extracted from 2019 annual report comparative fixed-asset table for 2018.
HPC_2019_AR_2018_spare_parts_under_15000_cost_disposals,HPC,2018,HPC_2019_AR,files_privatizations_hifa-port_eng_HaifaPort_FinancialStatment_HPC_2019-eng.pdf,files_privatizations_hifa-port_eng_HaifaPort_FinancialStatment_HPC_2019-eng.pdf,59,"Note 8 Fixed assets, net",ppe_rollforward,"Spare parts inventory up to NIS 15,000 per item",spare_parts_under_15000,,,cost_disposals,0.0,,NIS_thousands,NIS,year,,2018,,high,yes,yes,yes,Extracted from 2019 annual report comparative fixed-asset table for 2018.
HPC_2019_AR_2018_spare_parts_under_15000_cost_transfer_held_for_sale,HPC,2018,HPC_2019_AR,files_privatizations_hifa-port_eng_HaifaPort_FinancialStatment_HPC_2019-eng.pdf,files_privatizations_hifa-port_eng_HaifaPort_FinancialStatment_HPC_2019-eng.pdf,59,"Note 8 Fixed assets, net",ppe_rollforward,"Spare parts inventory up to NIS 15,000 per item",spare_parts_under_15000,,,cost_transfer_held_for_sale,0.0,,NIS_thousands,NIS,year,,2018,,high,yes,yes,yes,Extracted from 2019 annual report comparative fixed-asset table for 2018.
HPC_2019_AR_2018_spare_parts_under_15000_cost_impairment_change,HPC,2018,HPC_2019_AR,files_privatizations_hifa-port_eng_HaifaPort_FinancialStatment_HPC_2019-eng.pdf,files_privatizations_hifa-port_eng_HaifaPort_FinancialStatment_HPC_2019-eng.pdf,59,"Note 8 Fixed assets, net",ppe_rollforward,"Spare parts inventory up to NIS 15,000 per item",spare_parts_under_15000,,,cost_impairment_change,0.0,,NIS_thousands,NIS,year,,2018,,high,yes,yes,yes,Extracted from 2019 annual report comparative fixed-asset table for 2018.
HPC_2019_AR_2018_spare_parts_under_15000_cost_close,HPC,2018,HPC_2019_AR,files_privatizations_hifa-port_eng_HaifaPort_FinancialStatment_HPC_2019-eng.pdf,files_privatizations_hifa-port_eng_HaifaPort_FinancialStatment_HPC_2019-eng.pdf,59,"Note 8 Fixed assets, net",ppe_rollforward,"Spare parts inventory up to NIS 15,000 per item",spare_parts_under_15000,,,cost_close,38201.0,,NIS_thousands,NIS,year,,2018,,high,yes,yes,yes,Extracted from 2019 annual report comparative fixed-asset table for 2018.
HPC_2019_AR_2018_spare_parts_under_15000_accdep_open,HPC,2018,HPC_2019_AR,files_privatizations_hifa-port_eng_HaifaPort_FinancialStatment_HPC_2019-eng.pdf,files_privatizations_hifa-port_eng_HaifaPort_FinancialStatment_HPC_2019-eng.pdf,59,"Note 8 Fixed assets, net",ppe_rollforward,"Spare parts inventory up to NIS 15,000 per item",spare_parts_under_15000,,,accdep_open,0.0,,NIS_thousands,NIS,year,,2018,,high,yes,yes,yes,Extracted from 2019 annual report comparative fixed-asset table for 2018.
HPC_2019_AR_2018_spare_parts_under_15000_accdep_depreciation,HPC,2018,HPC_2019_AR,files_privatizations_hifa-port_eng_HaifaPort_FinancialStatment_HPC_2019-eng.pdf,files_privatizations_hifa-port_eng_HaifaPort_FinancialStatment_HPC_2019-eng.pdf,59,"Note 8 Fixed assets, net",ppe_rollforward,"Spare parts inventory up to NIS 15,000 per item",spare_parts_under_15000,,,accdep_depreciation,0.0,,NIS_thousands,NIS,year,,2018,,high,yes,yes,yes,Extracted from 2019 annual report comparative fixed-asset table for 2018.
HPC_2019_AR_2018_spare_parts_under_15000_accdep_transfers_other,HPC,2018,HPC_2019_AR,files_privatizations_hifa-port_eng_HaifaPort_FinancialStatment_HPC_2019-eng.pdf,files_privatizations_hifa-port_eng_HaifaPort_FinancialStatment_HPC_2019-eng.pdf,59,"Note 8 Fixed assets, net",ppe_rollforward,"Spare parts inventory up to NIS 15,000 per item",spare_parts_under_15000,,,accdep_transfers_other,0.0,,NIS_thousands,NIS,year,,2018,,high,yes,yes,yes,Extracted from 2019 annual report comparative fixed-asset table for 2018.
HPC_2019_AR_2018_spare_parts_under_15000_accdep_disposals,HPC,2018,HPC_2019_AR,files_privatizations_hifa-port_eng_HaifaPort_FinancialStatment_HPC_2019-eng.pdf,files_privatizations_hifa-port_eng_HaifaPort_FinancialStatment_HPC_2019-eng.pdf,59,"Note 8 Fixed assets, net",ppe_rollforward,"Spare parts inventory up to NIS 15,000 per item",spare_parts_under_15000,,,accdep_disposals,0.0,,NIS_thousands,NIS,year,,2018,,high,yes,yes,yes,Extracted from 2019 annual report comparative fixed-asset table for 2018.
HPC_2019_AR_2018_spare_parts_under_15000_accdep_transfer_held_for_sale,HPC,2018,HPC_2019_AR,files_privatizations_hifa-port_eng_HaifaPort_FinancialStatment_HPC_2019-eng.pdf,files_privatizations_hifa-port_eng_HaifaPort_FinancialStatment_HPC_2019-eng.pdf,59,"Note 8 Fixed assets, net",ppe_rollforward,"Spare parts inventory up to NIS 15,000 per item",spare_parts_under_15000,,,accdep_transfer_held_for_sale,0.0,,NIS_thousands,NIS,year,,2018,,high,yes,yes,yes,Extracted from 2019 annual report comparative fixed-asset table for 2018.
HPC_2019_AR_2018_spare_parts_under_15000_accdep_close,HPC,2018,HPC_2019_AR,files_privatizations_hifa-port_eng_HaifaPort_FinancialStatment_HPC_2019-eng.pdf,files_privatizations_hifa-port_eng_HaifaPort_FinancialStatment_HPC_2019-eng.pdf,59,"Note 8 Fixed assets, net",ppe_rollforward,"Spare parts inventory up to NIS 15,000 per item",spare_parts_under_15000,,,accdep_close,0.0,,NIS_thousands,NIS,year,,2018,,high,yes,yes,yes,Extracted from 2019 annual report comparative fixed-asset table for 2018.
HPC_2019_AR_2018_spare_parts_under_15000_net_ppe_close,HPC,2018,HPC_2019_AR,files_privatizations_hifa-port_eng_HaifaPort_FinancialStatment_HPC_2019-eng.pdf,files_privatizations_hifa-port_eng_HaifaPort_FinancialStatment_HPC_2019-eng.pdf,59,"Note 8 Fixed assets, net",ppe_rollforward,"Spare parts inventory up to NIS 15,000 per item",spare_parts_under_15000,,,net_ppe_close,38201.0,,NIS_thousands,NIS,year,,2018,,high,yes,yes,yes,Extracted from 2019 annual report comparative fixed-asset table for 2018.
HPC_2019_AR_2019_infrastructure_buildings_cost_open,HPC,2019,HPC_2019_AR,files_privatizations_hifa-port_eng_HaifaPort_FinancialStatment_HPC_2019-eng.pdf,files_privatizations_hifa-port_eng_HaifaPort_FinancialStatment_HPC_2019-eng.pdf,58-60,"Note 8 Fixed assets, net",ppe_rollforward,Infrastructure and buildings,infrastructure_buildings,,,cost_open,212241.0,,NIS_thousands,NIS,year,,2019,,high,yes,yes,yes,Extracted from 2019 annual report fixed-asset table.
HPC_2019_AR_2019_infrastructure_buildings_cost_additions,HPC,2019,HPC_2019_AR,files_privatizations_hifa-port_eng_HaifaPort_FinancialStatment_HPC_2019-eng.pdf,files_privatizations_hifa-port_eng_HaifaPort_FinancialStatment_HPC_2019-eng.pdf,58-60,"Note 8 Fixed assets, net",ppe_rollforward,Infrastructure and buildings,infrastructure_buildings,,,cost_additions,9686.0,,NIS_thousands,NIS,year,,2019,,high,yes,yes,yes,Extracted from 2019 annual report fixed-asset table.
HPC_2019_AR_2019_infrastructure_buildings_cost_transfers_other,HPC,2019,HPC_2019_AR,files_privatizations_hifa-port_eng_HaifaPort_FinancialStatment_HPC_2019-eng.pdf,files_privatizations_hifa-port_eng_HaifaPort_FinancialStatment_HPC_2019-eng.pdf,58-60,"Note 8 Fixed assets, net",ppe_rollforward,Infrastructure and buildings,infrastructure_buildings,,,cost_transfers_other,-159.0,,NIS_thousands,NIS,year,,2019,,high,yes,yes,yes,Extracted from 2019 annual report fixed-asset table.
HPC_2019_AR_2019_infrastructure_buildings_cost_disposals,HPC,2019,HPC_2019_AR,files_privatizations_hifa-port_eng_HaifaPort_FinancialStatment_HPC_2019-eng.pdf,files_privatizations_hifa-port_eng_HaifaPort_FinancialStatment_HPC_2019-eng.pdf,58-60,"Note 8 Fixed assets, net",ppe_rollforward,Infrastructure and buildings,infrastructure_buildings,,,cost_disposals,0.0,,NIS_thousands,NIS,year,,2019,,high,yes,yes,yes,Extracted from 2019 annual report fixed-asset table.
HPC_2019_AR_2019_infrastructure_buildings_cost_transfer_held_for_sale,HPC,2019,HPC_2019_AR,files_privatizations_hifa-port_eng_HaifaPort_FinancialStatment_HPC_2019-eng.pdf,files_privatizations_hifa-port_eng_HaifaPort_FinancialStatment_HPC_2019-eng.pdf,58-60,"Note 8 Fixed assets, net",ppe_rollforward,Infrastructure and buildings,infrastructure_buildings,,,cost_transfer_held_for_sale,0.0,,NIS_thousands,NIS,year,,2019,,high,yes,yes,yes,Extracted from 2019 annual report fixed-asset table.
HPC_2019_AR_2019_infrastructure_buildings_cost_impairment_change,HPC,2019,HPC_2019_AR,files_privatizations_hifa-port_eng_HaifaPort_FinancialStatment_HPC_2019-eng.pdf,files_privatizations_hifa-port_eng_HaifaPort_FinancialStatment_HPC_2019-eng.pdf,58-60,"Note 8 Fixed assets, net",ppe_rollforward,Infrastructure and buildings,infrastructure_buildings,,,cost_impairment_change,0.0,,NIS_thousands,NIS,year,,2019,,high,yes,yes,yes,Extracted from 2019 annual report fixed-asset table.
HPC_2019_AR_2019_infrastructure_buildings_cost_transfer_discontinued_ops,HPC,2019,HPC_2019_AR,files_privatizations_hifa-port_eng_HaifaPort_FinancialStatment_HPC_2019-eng.pdf,files_privatizations_hifa-port_eng_HaifaPort_FinancialStatment_HPC_2019-eng.pdf,58-60,"Note 8 Fixed assets, net",ppe_rollforward,Infrastructure and buildings,infrastructure_buildings,,,cost_transfer_discontinued_ops,-1995.0,,NIS_thousands,NIS,year,,2019,,high,yes,yes,yes,Extracted from 2019 annual report fixed-asset table.
HPC_2019_AR_2019_infrastructure_buildings_cost_close,HPC,2019,HPC_2019_AR,files_privatizations_hifa-port_eng_HaifaPort_FinancialStatment_HPC_2019-eng.pdf,files_privatizations_hifa-port_eng_HaifaPort_FinancialStatment_HPC_2019-eng.pdf,58-60,"Note 8 Fixed assets, net",ppe_rollforward,Infrastructure and buildings,infrastructure_buildings,,,cost_close,219773.0,,NIS_thousands,NIS,year,,2019,,high,yes,yes,yes,Extracted from 2019 annual report fixed-asset table.
HPC_2019_AR_2019_infrastructure_buildings_accdep_open,HPC,2019,HPC_2019_AR,files_privatizations_hifa-port_eng_HaifaPort_FinancialStatment_HPC_2019-eng.pdf,files_privatizations_hifa-port_eng_HaifaPort_FinancialStatment_HPC_2019-eng.pdf,58-60,"Note 8 Fixed assets, net",ppe_rollforward,Infrastructure and buildings,infrastructure_buildings,,,accdep_open,54530.0,,NIS_thousands,NIS,year,,2019,,high,yes,yes,yes,Extracted from 2019 annual report fixed-asset table.
HPC_2019_AR_2019_infrastructure_buildings_accdep_depreciation,HPC,2019,HPC_2019_AR,files_privatizations_hifa-port_eng_HaifaPort_FinancialStatment_HPC_2019-eng.pdf,files_privatizations_hifa-port_eng_HaifaPort_FinancialStatment_HPC_2019-eng.pdf,58-60,"Note 8 Fixed assets, net",ppe_rollforward,Infrastructure and buildings,infrastructure_buildings,,,accdep_depreciation,11570.0,,NIS_thousands,NIS,year,,2019,,high,yes,yes,yes,Extracted from 2019 annual report fixed-asset table.
HPC_2019_AR_2019_infrastructure_buildings_accdep_transfers_other,HPC,2019,HPC_2019_AR,files_privatizations_hifa-port_eng_HaifaPort_FinancialStatment_HPC_2019-eng.pdf,files_privatizations_hifa-port_eng_HaifaPort_FinancialStatment_HPC_2019-eng.pdf,58-60,"Note 8 Fixed assets, net",ppe_rollforward,Infrastructure and buildings,infrastructure_buildings,,,accdep_transfers_other,-42.0,,NIS_thousands,NIS,year,,2019,,high,yes,yes,yes,Extracted from 2019 annual report fixed-asset table.
HPC_2019_AR_2019_infrastructure_buildings_accdep_disposals,HPC,2019,HPC_2019_AR,files_privatizations_hifa-port_eng_HaifaPort_FinancialStatment_HPC_2019-eng.pdf,files_privatizations_hifa-port_eng_HaifaPort_FinancialStatment_HPC_2019-eng.pdf,58-60,"Note 8 Fixed assets, net",ppe_rollforward,Infrastructure and buildings,infrastructure_buildings,,,accdep_disposals,0.0,,NIS_thousands,NIS,year,,2019,,high,yes,yes,yes,Extracted from 2019 annual report fixed-asset table.
HPC_2019_AR_2019_infrastructure_buildings_accdep_transfer_held_for_sale,HPC,2019,HPC_2019_AR,files_privatizations_hifa-port_eng_HaifaPort_FinancialStatment_HPC_2019-eng.pdf,files_privatizations_hifa-port_eng_HaifaPort_FinancialStatment_HPC_2019-eng.pdf,58-60,"Note 8 Fixed assets, net",ppe_rollforward,Infrastructure and buildings,infrastructure_buildings,,,accdep_transfer_held_for_sale,0.0,,NIS_thousands,NIS,year,,2019,,high,yes,yes,yes,Extracted from 2019 annual report fixed-asset table.
HPC_2019_AR_2019_infrastructure_buildings_accdep_transfer_discontinued_ops,HPC,2019,HPC_2019_AR,files_privatizations_hifa-port_eng_HaifaPort_FinancialStatment_HPC_2019-eng.pdf,files_privatizations_hifa-port_eng_HaifaPort_FinancialStatment_HPC_2019-eng.pdf,58-60,"Note 8 Fixed assets, net",ppe_rollforward,Infrastructure and buildings,infrastructure_buildings,,,accdep_transfer_discontinued_ops,-776.0,,NIS_thousands,NIS,year,,2019,,high,yes,yes,yes,Extracted from 2019 annual report fixed-asset table.
HPC_2019_AR_2019_infrastructure_buildings_accdep_close,HPC,2019,HPC_2019_AR,files_privatizations_hifa-port_eng_HaifaPort_FinancialStatment_HPC_2019-eng.pdf,files_privatizations_hifa-port_eng_HaifaPort_FinancialStatment_HPC_2019-eng.pdf,58-60,"Note 8 Fixed assets, net",ppe_rollforward,Infrastructure and buildings,infrastructure_buildings,,,accdep_close,65282.0,,NIS_thousands,NIS,year,,2019,,high,yes,yes,yes,Extracted from 2019 annual report fixed-asset table.
HPC_2019_AR_2019_infrastructure_buildings_net_ppe_close,HPC,2019,HPC_2019_AR,files_privatizations_hifa-port_eng_HaifaPort_FinancialStatment_HPC_2019-eng.pdf,files_privatizations_hifa-port_eng_HaifaPort_FinancialStatment_HPC_2019-eng.pdf,58-60,"Note 8 Fixed assets, net",ppe_rollforward,Infrastructure and buildings,infrastructure_buildings,,,net_ppe_close,154491.0,,NIS_thousands,NIS,year,,2019,,high,yes,yes,yes,Extracted from 2019 annual report fixed-asset table.
HPC_2019_AR_2019_equipment_cost_open,HPC,2019,HPC_2019_AR,files_privatizations_hifa-port_eng_HaifaPort_FinancialStatment_HPC_2019-eng.pdf,files_privatizations_hifa-port_eng_HaifaPort_FinancialStatment_HPC_2019-eng.pdf,58-60,"Note 8 Fixed assets, net",ppe_rollforward,Equipment,equipment,,,cost_open,1644353.0,,NIS_thousands,NIS,year,,2019,,high,yes,yes,yes,Extracted from 2019 annual report fixed-asset table.
HPC_2019_AR_2019_equipment_cost_additions,HPC,2019,HPC_2019_AR,files_privatizations_hifa-port_eng_HaifaPort_FinancialStatment_HPC_2019-eng.pdf,files_privatizations_hifa-port_eng_HaifaPort_FinancialStatment_HPC_2019-eng.pdf,58-60,"Note 8 Fixed assets, net",ppe_rollforward,Equipment,equipment,,,cost_additions,10870.0,,NIS_thousands,NIS,year,,2019,,high,yes,yes,yes,Extracted from 2019 annual report fixed-asset table.
HPC_2019_AR_2019_equipment_cost_transfers_other,HPC,2019,HPC_2019_AR,files_privatizations_hifa-port_eng_HaifaPort_FinancialStatment_HPC_2019-eng.pdf,files_privatizations_hifa-port_eng_HaifaPort_FinancialStatment_HPC_2019-eng.pdf,58-60,"Note 8 Fixed assets, net",ppe_rollforward,Equipment,equipment,,,cost_transfers_other,559.0,,NIS_thousands,NIS,year,,2019,,high,yes,yes,yes,Extracted from 2019 annual report fixed-asset table.
HPC_2019_AR_2019_equipment_cost_disposals,HPC,2019,HPC_2019_AR,files_privatizations_hifa-port_eng_HaifaPort_FinancialStatment_HPC_2019-eng.pdf,files_privatizations_hifa-port_eng_HaifaPort_FinancialStatment_HPC_2019-eng.pdf,58-60,"Note 8 Fixed assets, net",ppe_rollforward,Equipment,equipment,,,cost_disposals,-16472.0,,NIS_thousands,NIS,year,,2019,,high,yes,yes,yes,Extracted from 2019 annual report fixed-asset table.
HPC_2019_AR_2019_equipment_cost_transfer_held_for_sale,HPC,2019,HPC_2019_AR,files_privatizations_hifa-port_eng_HaifaPort_FinancialStatment_HPC_2019-eng.pdf,files_privatizations_hifa-port_eng_HaifaPort_FinancialStatment_HPC_2019-eng.pdf,58-60,"Note 8 Fixed assets, net",ppe_rollforward,Equipment,equipment,,,cost_transfer_held_for_sale,3448.0,,NIS_thousands,NIS,year,,2019,,high,yes,yes,yes,Extracted from 2019 annual report fixed-asset table.
HPC_2019_AR_2019_equipment_cost_impairment_change,HPC,2019,HPC_2019_AR,files_privatizations_hifa-port_eng_HaifaPort_FinancialStatment_HPC_2019-eng.pdf,files_privatizations_hifa-port_eng_HaifaPort_FinancialStatment_HPC_2019-eng.pdf,58-60,"Note 8 Fixed assets, net",ppe_rollforward,Equipment,equipment,,,cost_impairment_change,870.0,,NIS_thousands,NIS,year,,2019,,high,yes,yes,yes,Extracted from 2019 annual report fixed-asset table.
HPC_2019_AR_2019_equipment_cost_transfer_discontinued_ops,HPC,2019,HPC_2019_AR,files_privatizations_hifa-port_eng_HaifaPort_FinancialStatment_HPC_2019-eng.pdf,files_privatizations_hifa-port_eng_HaifaPort_FinancialStatment_HPC_2019-eng.pdf,58-60,"Note 8 Fixed assets, net",ppe_rollforward,Equipment,equipment,,,cost_transfer_discontinued_ops,-146856.0,,NIS_thousands,NIS,year,,2019,,high,yes,yes,yes,Extracted from 2019 annual report fixed-asset table.
HPC_2019_AR_2019_equipment_cost_close,HPC,2019,HPC_2019_AR,files_privatizations_hifa-port_eng_HaifaPort_FinancialStatment_HPC_2019-eng.pdf,files_privatizations_hifa-port_eng_HaifaPort_FinancialStatment_HPC_2019-eng.pdf,58-60,"Note 8 Fixed assets, net",ppe_rollforward,Equipment,equipment,,,cost_close,1496772.0,,NIS_thousands,NIS,year,,2019,,high,yes,yes,yes,Extracted from 2019 annual report fixed-asset table.
HPC_2019_AR_2019_equipment_accdep_open,HPC,2019,HPC_2019_AR,files_privatizations_hifa-port_eng_HaifaPort_FinancialStatment_HPC_2019-eng.pdf,files_privatizations_hifa-port_eng_HaifaPort_FinancialStatment_HPC_2019-eng.pdf,58-60,"Note 8 Fixed assets, net",ppe_rollforward,Equipment,equipment,,,accdep_open,708386.0,,NIS_thousands,NIS,year,,2019,,high,yes,yes,yes,Extracted from 2019 annual report fixed-asset table.
HPC_2019_AR_2019_equipment_accdep_depreciation,HPC,2019,HPC_2019_AR,files_privatizations_hifa-port_eng_HaifaPort_FinancialStatment_HPC_2019-eng.pdf,files_privatizations_hifa-port_eng_HaifaPort_FinancialStatment_HPC_2019-eng.pdf,58-60,"Note 8 Fixed assets, net",ppe_rollforward,Equipment,equipment,,,accdep_depreciation,56277.0,,NIS_thousands,NIS,year,,2019,,high,yes,yes,yes,Extracted from 2019 annual report fixed-asset table.
HPC_2019_AR_2019_equipment_accdep_transfers_other,HPC,2019,HPC_2019_AR,files_privatizations_hifa-port_eng_HaifaPort_FinancialStatment_HPC_2019-eng.pdf,files_privatizations_hifa-port_eng_HaifaPort_FinancialStatment_HPC_2019-eng.pdf,58-60,"Note 8 Fixed assets, net",ppe_rollforward,Equipment,equipment,,,accdep_transfers_other,-630.0,,NIS_thousands,NIS,year,,2019,,high,yes,yes,yes,Extracted from 2019 annual report fixed-asset table.
HPC_2019_AR_2019_equipment_accdep_disposals,HPC,2019,HPC_2019_AR,files_privatizations_hifa-port_eng_HaifaPort_FinancialStatment_HPC_2019-eng.pdf,files_privatizations_hifa-port_eng_HaifaPort_FinancialStatment_HPC_2019-eng.pdf,58-60,"Note 8 Fixed assets, net",ppe_rollforward,Equipment,equipment,,,accdep_disposals,-15208.0,,NIS_thousands,NIS,year,,2019,,high,yes,yes,yes,Extracted from 2019 annual report fixed-asset table.
HPC_2019_AR_2019_equipment_accdep_transfer_held_for_sale,HPC,2019,HPC_2019_AR,files_privatizations_hifa-port_eng_HaifaPort_FinancialStatment_HPC_2019-eng.pdf,files_privatizations_hifa-port_eng_HaifaPort_FinancialStatment_HPC_2019-eng.pdf,58-60,"Note 8 Fixed assets, net",ppe_rollforward,Equipment,equipment,,,accdep_transfer_held_for_sale,3300.0,,NIS_thousands,NIS,year,,2019,,high,yes,yes,yes,Extracted from 2019 annual report fixed-asset table.
HPC_2019_AR_2019_equipment_accdep_transfer_discontinued_ops,HPC,2019,HPC_2019_AR,files_privatizations_hifa-port_eng_HaifaPort_FinancialStatment_HPC_2019-eng.pdf,files_privatizations_hifa-port_eng_HaifaPort_FinancialStatment_HPC_2019-eng.pdf,58-60,"Note 8 Fixed assets, net",ppe_rollforward,Equipment,equipment,,,accdep_transfer_discontinued_ops,-42572.0,,NIS_thousands,NIS,year,,2019,,high,yes,yes,yes,Extracted from 2019 annual report fixed-asset table.
HPC_2019_AR_2019_equipment_accdep_close,HPC,2019,HPC_2019_AR,files_privatizations_hifa-port_eng_HaifaPort_FinancialStatment_HPC_2019-eng.pdf,files_privatizations_hifa-port_eng_HaifaPort_FinancialStatment_HPC_2019-eng.pdf,58-60,"Note 8 Fixed assets, net",ppe_rollforward,Equipment,equipment,,,accdep_close,709553.0,,NIS_thousands,NIS,year,,2019,,high,yes,yes,yes,Extracted from 2019 annual report fixed-asset table.
HPC_2019_AR_2019_equipment_net_ppe_close,HPC,2019,HPC_2019_AR,files_privatizations_hifa-port_eng_HaifaPort_FinancialStatment_HPC_2019-eng.pdf,files_privatizations_hifa-port_eng_HaifaPort_FinancialStatment_HPC_2019-eng.pdf,58-60,"Note 8 Fixed assets, net",ppe_rollforward,Equipment,equipment,,,net_ppe_close,787219.0,,NIS_thousands,NIS,year,,2019,,high,yes,yes,yes,Extracted from 2019 annual report fixed-asset table.
HPC_2019_AR_2019_spare_parts_over_15000_cost_open,HPC,2019,HPC_2019_AR,files_privatizations_hifa-port_eng_HaifaPort_FinancialStatment_HPC_2019-eng.pdf,files_privatizations_hifa-port_eng_HaifaPort_FinancialStatment_HPC_2019-eng.pdf,58-60,"Note 8 Fixed assets, net",ppe_rollforward,"Spare parts inventory over NIS 15,000 per item",spare_parts_over_15000,,,cost_open,39009.0,,NIS_thousands,NIS,year,,2019,,high,yes,yes,yes,Extracted from 2019 annual report fixed-asset table.
HPC_2019_AR_2019_spare_parts_over_15000_cost_additions,HPC,2019,HPC_2019_AR,files_privatizations_hifa-port_eng_HaifaPort_FinancialStatment_HPC_2019-eng.pdf,files_privatizations_hifa-port_eng_HaifaPort_FinancialStatment_HPC_2019-eng.pdf,58-60,"Note 8 Fixed assets, net",ppe_rollforward,"Spare parts inventory over NIS 15,000 per item",spare_parts_over_15000,,,cost_additions,1894.0,,NIS_thousands,NIS,year,,2019,,high,yes,yes,yes,Extracted from 2019 annual report fixed-asset table.
HPC_2019_AR_2019_spare_parts_over_15000_cost_transfers_other,HPC,2019,HPC_2019_AR,files_privatizations_hifa-port_eng_HaifaPort_FinancialStatment_HPC_2019-eng.pdf,files_privatizations_hifa-port_eng_HaifaPort_FinancialStatment_HPC_2019-eng.pdf,58-60,"Note 8 Fixed assets, net",ppe_rollforward,"Spare parts inventory over NIS 15,000 per item",spare_parts_over_15000,,,cost_transfers_other,-1077.0,,NIS_thousands,NIS,year,,2019,,high,yes,yes,yes,Extracted from 2019 annual report fixed-asset table.
HPC_2019_AR_2019_spare_parts_over_15000_cost_disposals,HPC,2019,HPC_2019_AR,files_privatizations_hifa-port_eng_HaifaPort_FinancialStatment_HPC_2019-eng.pdf,files_privatizations_hifa-port_eng_HaifaPort_FinancialStatment_HPC_2019-eng.pdf,58-60,"Note 8 Fixed assets, net",ppe_rollforward,"Spare parts inventory over NIS 15,000 per item",spare_parts_over_15000,,,cost_disposals,-104.0,,NIS_thousands,NIS,year,,2019,,high,yes,yes,yes,Extracted from 2019 annual report fixed-asset table.
HPC_2019_AR_2019_spare_parts_over_15000_cost_transfer_held_for_sale,HPC,2019,HPC_2019_AR,files_privatizations_hifa-port_eng_HaifaPort_FinancialStatment_HPC_2019-eng.pdf,files_privatizations_hifa-port_eng_HaifaPort_FinancialStatment_HPC_2019-eng.pdf,58-60,"Note 8 Fixed assets, net",ppe_rollforward,"Spare parts inventory over NIS 15,000 per item",spare_parts_over_15000,,,cost_transfer_held_for_sale,0.0,,NIS_thousands,NIS,year,,2019,,high,yes,yes,yes,Extracted from 2019 annual report fixed-asset table.
HPC_2019_AR_2019_spare_parts_over_15000_cost_impairment_change,HPC,2019,HPC_2019_AR,files_privatizations_hifa-port_eng_HaifaPort_FinancialStatment_HPC_2019-eng.pdf,files_privatizations_hifa-port_eng_HaifaPort_FinancialStatment_HPC_2019-eng.pdf,58-60,"Note 8 Fixed assets, net",ppe_rollforward,"Spare parts inventory over NIS 15,000 per item",spare_parts_over_15000,,,cost_impairment_change,0.0,,NIS_thousands,NIS,year,,2019,,high,yes,yes,yes,Extracted from 2019 annual report fixed-asset table.
HPC_2019_AR_2019_spare_parts_over_15000_cost_transfer_discontinued_ops,HPC,2019,HPC_2019_AR,files_privatizations_hifa-port_eng_HaifaPort_FinancialStatment_HPC_2019-eng.pdf,files_privatizations_hifa-port_eng_HaifaPort_FinancialStatment_HPC_2019-eng.pdf,58-60,"Note 8 Fixed assets, net",ppe_rollforward,"Spare parts inventory over NIS 15,000 per item",spare_parts_over_15000,,,cost_transfer_discontinued_ops,-1737.0,,NIS_thousands,NIS,year,,2019,,high,yes,yes,yes,Extracted from 2019 annual report fixed-asset table.
HPC_2019_AR_2019_spare_parts_over_15000_cost_close,HPC,2019,HPC_2019_AR,files_privatizations_hifa-port_eng_HaifaPort_FinancialStatment_HPC_2019-eng.pdf,files_privatizations_hifa-port_eng_HaifaPort_FinancialStatment_HPC_2019-eng.pdf,58-60,"Note 8 Fixed assets, net",ppe_rollforward,"Spare parts inventory over NIS 15,000 per item",spare_parts_over_15000,,,cost_close,37985.0,,NIS_thousands,NIS,year,,2019,,high,yes,yes,yes,Extracted from 2019 annual report fixed-asset table.
HPC_2019_AR_2019_spare_parts_over_15000_accdep_open,HPC,2019,HPC_2019_AR,files_privatizations_hifa-port_eng_HaifaPort_FinancialStatment_HPC_2019-eng.pdf,files_privatizations_hifa-port_eng_HaifaPort_FinancialStatment_HPC_2019-eng.pdf,58-60,"Note 8 Fixed assets, net",ppe_rollforward,"Spare parts inventory over NIS 15,000 per item",spare_parts_over_15000,,,accdep_open,7349.0,,NIS_thousands,NIS,year,,2019,,high,yes,yes,yes,Extracted from 2019 annual report fixed-asset table.
HPC_2019_AR_2019_spare_parts_over_15000_accdep_depreciation,HPC,2019,HPC_2019_AR,files_privatizations_hifa-port_eng_HaifaPort_FinancialStatment_HPC_2019-eng.pdf,files_privatizations_hifa-port_eng_HaifaPort_FinancialStatment_HPC_2019-eng.pdf,58-60,"Note 8 Fixed assets, net",ppe_rollforward,"Spare parts inventory over NIS 15,000 per item",spare_parts_over_15000,,,accdep_depreciation,0.0,,NIS_thousands,NIS,year,,2019,,high,yes,yes,yes,Extracted from 2019 annual report fixed-asset table.
HPC_2019_AR_2019_spare_parts_over_15000_accdep_transfers_other,HPC,2019,HPC_2019_AR,files_privatizations_hifa-port_eng_HaifaPort_FinancialStatment_HPC_2019-eng.pdf,files_privatizations_hifa-port_eng_HaifaPort_FinancialStatment_HPC_2019-eng.pdf,58-60,"Note 8 Fixed assets, net",ppe_rollforward,"Spare parts inventory over NIS 15,000 per item",spare_parts_over_15000,,,accdep_transfers_other,125.0,,NIS_thousands,NIS,year,,2019,,high,yes,yes,yes,Extracted from 2019 annual report fixed-asset table.
HPC_2019_AR_2019_spare_parts_over_15000_accdep_disposals,HPC,2019,HPC_2019_AR,files_privatizations_hifa-port_eng_HaifaPort_FinancialStatment_HPC_2019-eng.pdf,files_privatizations_hifa-port_eng_HaifaPort_FinancialStatment_HPC_2019-eng.pdf,58-60,"Note 8 Fixed assets, net",ppe_rollforward,"Spare parts inventory over NIS 15,000 per item",spare_parts_over_15000,,,accdep_disposals,0.0,,NIS_thousands,NIS,year,,2019,,high,yes,yes,yes,Extracted from 2019 annual report fixed-asset table.
HPC_2019_AR_2019_spare_parts_over_15000_accdep_transfer_held_for_sale,HPC,2019,HPC_2019_AR,files_privatizations_hifa-port_eng_HaifaPort_FinancialStatment_HPC_2019-eng.pdf,files_privatizations_hifa-port_eng_HaifaPort_FinancialStatment_HPC_2019-eng.pdf,58-60,"Note 8 Fixed assets, net",ppe_rollforward,"Spare parts inventory over NIS 15,000 per item",spare_parts_over_15000,,,accdep_transfer_held_for_sale,0.0,,NIS_thousands,NIS,year,,2019,,high,yes,yes,yes,Extracted from 2019 annual report fixed-asset table.
HPC_2019_AR_2019_spare_parts_over_15000_accdep_transfer_discontinued_ops,HPC,2019,HPC_2019_AR,files_privatizations_hifa-port_eng_HaifaPort_FinancialStatment_HPC_2019-eng.pdf,files_privatizations_hifa-port_eng_HaifaPort_FinancialStatment_HPC_2019-eng.pdf,58-60,"Note 8 Fixed assets, net",ppe_rollforward,"Spare parts inventory over NIS 15,000 per item",spare_parts_over_15000,,,accdep_transfer_discontinued_ops,-263.0,,NIS_thousands,NIS,year,,2019,,high,yes,yes,yes,Extracted from 2019 annual report fixed-asset table.
HPC_2019_AR_2019_spare_parts_over_15000_accdep_close,HPC,2019,HPC_2019_AR,files_privatizations_hifa-port_eng_HaifaPort_FinancialStatment_HPC_2019-eng.pdf,files_privatizations_hifa-port_eng_HaifaPort_FinancialStatment_HPC_2019-eng.pdf,58-60,"Note 8 Fixed assets, net",ppe_rollforward,"Spare parts inventory over NIS 15,000 per item",spare_parts_over_15000,,,accdep_close,7211.0,,NIS_thousands,NIS,year,,2019,,high,yes,yes,yes,Extracted from 2019 annual report fixed-asset table.
HPC_2019_AR_2019_spare_parts_over_15000_net_ppe_close,HPC,2019,HPC_2019_AR,files_privatizations_hifa-port_eng_HaifaPort_FinancialStatment_HPC_2019-eng.pdf,files_privatizations_hifa-port_eng_HaifaPort_FinancialStatment_HPC_2019-eng.pdf,58-60,"Note 8 Fixed assets, net",ppe_rollforward,"Spare parts inventory over NIS 15,000 per item",spare_parts_over_15000,,,net_ppe_close,30774.0,,NIS_thousands,NIS,year,,2019,,high,yes,yes,yes,Extracted from 2019 annual report fixed-asset table.
HPC_2019_AR_2019_spare_parts_under_15000_cost_open,HPC,2019,HPC_2019_AR,files_privatizations_hifa-port_eng_HaifaPort_FinancialStatment_HPC_2019-eng.pdf,files_privatizations_hifa-port_eng_HaifaPort_FinancialStatment_HPC_2019-eng.pdf,58-60,"Note 8 Fixed assets, net",ppe_rollforward,"Spare parts inventory up to NIS 15,000 per item",spare_parts_under_15000,,,cost_open,38201.0,,NIS_thousands,NIS,year,,2019,,high,yes,yes,yes,Extracted from 2019 annual report fixed-asset table.
HPC_2019_AR_2019_spare_parts_under_15000_cost_additions,HPC,2019,HPC_2019_AR,files_privatizations_hifa-port_eng_HaifaPort_FinancialStatment_HPC_2019-eng.pdf,files_privatizations_hifa-port_eng_HaifaPort_FinancialStatment_HPC_2019-eng.pdf,58-60,"Note 8 Fixed assets, net",ppe_rollforward,"Spare parts inventory up to NIS 15,000 per item",spare_parts_under_15000,,,cost_additions,3276.0,,NIS_thousands,NIS,year,,2019,,high,yes,yes,yes,Extracted from 2019 annual report fixed-asset table.
HPC_2019_AR_2019_spare_parts_under_15000_cost_transfers_other,HPC,2019,HPC_2019_AR,files_privatizations_hifa-port_eng_HaifaPort_FinancialStatment_HPC_2019-eng.pdf,files_privatizations_hifa-port_eng_HaifaPort_FinancialStatment_HPC_2019-eng.pdf,58-60,"Note 8 Fixed assets, net",ppe_rollforward,"Spare parts inventory up to NIS 15,000 per item",spare_parts_under_15000,,,cost_transfers_other,0.0,,NIS_thousands,NIS,year,,2019,,high,yes,yes,yes,Extracted from 2019 annual report fixed-asset table.
HPC_2019_AR_2019_spare_parts_under_15000_cost_disposals,HPC,2019,HPC_2019_AR,files_privatizations_hifa-port_eng_HaifaPort_FinancialStatment_HPC_2019-eng.pdf,files_privatizations_hifa-port_eng_HaifaPort_FinancialStatment_HPC_2019-eng.pdf,58-60,"Note 8 Fixed assets, net",ppe_rollforward,"Spare parts inventory up to NIS 15,000 per item",spare_parts_under_15000,,,cost_disposals,0.0,,NIS_thousands,NIS,year,,2019,,high,yes,yes,yes,Extracted from 2019 annual report fixed-asset table.
HPC_2019_AR_2019_spare_parts_under_15000_cost_transfer_held_for_sale,HPC,2019,HPC_2019_AR,files_privatizations_hifa-port_eng_HaifaPort_FinancialStatment_HPC_2019-eng.pdf,files_privatizations_hifa-port_eng_HaifaPort_FinancialStatment_HPC_2019-eng.pdf,58-60,"Note 8 Fixed assets, net",ppe_rollforward,"Spare parts inventory up to NIS 15,000 per item",spare_parts_under_15000,,,cost_transfer_held_for_sale,0.0,,NIS_thousands,NIS,year,,2019,,high,yes,yes,yes,Extracted from 2019 annual report fixed-asset table.
HPC_2019_AR_2019_spare_parts_under_15000_cost_impairment_change,HPC,2019,HPC_2019_AR,files_privatizations_hifa-port_eng_HaifaPort_FinancialStatment_HPC_2019-eng.pdf,files_privatizations_hifa-port_eng_HaifaPort_FinancialStatment_HPC_2019-eng.pdf,58-60,"Note 8 Fixed assets, net",ppe_rollforward,"Spare parts inventory up to NIS 15,000 per item",spare_parts_under_15000,,,cost_impairment_change,0.0,,NIS_thousands,NIS,year,,2019,,high,yes,yes,yes,Extracted from 2019 annual report fixed-asset table.
HPC_2019_AR_2019_spare_parts_under_15000_cost_transfer_discontinued_ops,HPC,2019,HPC_2019_AR,files_privatizations_hifa-port_eng_HaifaPort_FinancialStatment_HPC_2019-eng.pdf,files_privatizations_hifa-port_eng_HaifaPort_FinancialStatment_HPC_2019-eng.pdf,58-60,"Note 8 Fixed assets, net",ppe_rollforward,"Spare parts inventory up to NIS 15,000 per item",spare_parts_under_15000,,,cost_transfer_discontinued_ops,-3320.0,,NIS_thousands,NIS,year,,2019,,high,yes,yes,yes,Extracted from 2019 annual report fixed-asset table.
HPC_2019_AR_2019_spare_parts_under_15000_cost_close,HPC,2019,HPC_2019_AR,files_privatizations_hifa-port_eng_HaifaPort_FinancialStatment_HPC_2019-eng.pdf,files_privatizations_hifa-port_eng_HaifaPort_FinancialStatment_HPC_2019-eng.pdf,58-60,"Note 8 Fixed assets, net",ppe_rollforward,"Spare parts inventory up to NIS 15,000 per item",spare_parts_under_15000,,,cost_close,38157.0,,NIS_thousands,NIS,year,,2019,,high,yes,yes,yes,Extracted from 2019 annual report fixed-asset table.
HPC_2019_AR_2019_spare_parts_under_15000_accdep_open,HPC,2019,HPC_2019_AR,files_privatizations_hifa-port_eng_HaifaPort_FinancialStatment_HPC_2019-eng.pdf,files_privatizations_hifa-port_eng_HaifaPort_FinancialStatment_HPC_2019-eng.pdf,58-60,"Note 8 Fixed assets, net",ppe_rollforward,"Spare parts inventory up to NIS 15,000 per item",spare_parts_under_15000,,,accdep_open,0.0,,NIS_thousands,NIS,year,,2019,,high,yes,yes,yes,Extracted from 2019 annual report fixed-asset table.
HPC_2019_AR_2019_spare_parts_under_15000_accdep_depreciation,HPC,2019,HPC_2019_AR,files_privatizations_hifa-port_eng_HaifaPort_FinancialStatment_HPC_2019-eng.pdf,files_privatizations_hifa-port_eng_HaifaPort_FinancialStatment_HPC_2019-eng.pdf,58-60,"Note 8 Fixed assets, net",ppe_rollforward,"Spare parts inventory up to NIS 15,000 per item",spare_parts_under_15000,,,accdep_depreciation,0.0,,NIS_thousands,NIS,year,,2019,,high,yes,yes,yes,Extracted from 2019 annual report fixed-asset table.
HPC_2019_AR_2019_spare_parts_under_15000_accdep_transfers_other,HPC,2019,HPC_2019_AR,files_privatizations_hifa-port_eng_HaifaPort_FinancialStatment_HPC_2019-eng.pdf,files_privatizations_hifa-port_eng_HaifaPort_FinancialStatment_HPC_2019-eng.pdf,58-60,"Note 8 Fixed assets, net",ppe_rollforward,"Spare parts inventory up to NIS 15,000 per item",spare_parts_under_15000,,,accdep_transfers_other,0.0,,NIS_thousands,NIS,year,,2019,,high,yes,yes,yes,Extracted from 2019 annual report fixed-asset table.
HPC_2019_AR_2019_spare_parts_under_15000_accdep_disposals,HPC,2019,HPC_2019_AR,files_privatizations_hifa-port_eng_HaifaPort_FinancialStatment_HPC_2019-eng.pdf,files_privatizations_hifa-port_eng_HaifaPort_FinancialStatment_HPC_2019-eng.pdf,58-60,"Note 8 Fixed assets, net",ppe_rollforward,"Spare parts inventory up to NIS 15,000 per item",spare_parts_under_15000,,,accdep_disposals,0.0,,NIS_thousands,NIS,year,,2019,,high,yes,yes,yes,Extracted from 2019 annual report fixed-asset table.
HPC_2019_AR_2019_spare_parts_under_15000_accdep_transfer_held_for_sale,HPC,2019,HPC_2019_AR,files_privatizations_hifa-port_eng_HaifaPort_FinancialStatment_HPC_2019-eng.pdf,files_privatizations_hifa-port_eng_HaifaPort_FinancialStatment_HPC_2019-eng.pdf,58-60,"Note 8 Fixed assets, net",ppe_rollforward,"Spare parts inventory up to NIS 15,000 per item",spare_parts_under_15000,,,accdep_transfer_held_for_sale,0.0,,NIS_thousands,NIS,year,,2019,,high,yes,yes,yes,Extracted from 2019 annual report fixed-asset table.
HPC_2019_AR_2019_spare_parts_under_15000_accdep_transfer_discontinued_ops,HPC,2019,HPC_2019_AR,files_privatizations_hifa-port_eng_HaifaPort_FinancialStatment_HPC_2019-eng.pdf,files_privatizations_hifa-port_eng_HaifaPort_FinancialStatment_HPC_2019-eng.pdf,58-60,"Note 8 Fixed assets, net",ppe_rollforward,"Spare parts inventory up to NIS 15,000 per item",spare_parts_under_15000,,,accdep_transfer_discontinued_ops,0.0,,NIS_thousands,NIS,year,,2019,,high,yes,yes,yes,Extracted from 2019 annual report fixed-asset table.
HPC_2019_AR_2019_spare_parts_under_15000_accdep_close,HPC,2019,HPC_2019_AR,files_privatizations_hifa-port_eng_HaifaPort_FinancialStatment_HPC_2019-eng.pdf,files_privatizations_hifa-port_eng_HaifaPort_FinancialStatment_HPC_2019-eng.pdf,58-60,"Note 8 Fixed assets, net",ppe_rollforward,"Spare parts inventory up to NIS 15,000 per item",spare_parts_under_15000,,,accdep_close,0.0,,NIS_thousands,NIS,year,,2019,,high,yes,yes,yes,Extracted from 2019 annual report fixed-asset table.
HPC_2019_AR_2019_spare_parts_under_15000_net_ppe_close,HPC,2019,HPC_2019_AR,files_privatizations_hifa-port_eng_HaifaPort_FinancialStatment_HPC_2019-eng.pdf,files_privatizations_hifa-port_eng_HaifaPort_FinancialStatment_HPC_2019-eng.pdf,58-60,"Note 8 Fixed assets, net",ppe_rollforward,"Spare parts inventory up to NIS 15,000 per item",spare_parts_under_15000,,,net_ppe_close,38157.0,,NIS_thousands,NIS,year,,2019,,high,yes,yes,yes,Extracted from 2019 annual report fixed-asset table.
HPC_2019_AR_2019_payments_on_account_fixed_assets,HPC,2019,HPC_2019_AR,files_privatizations_hifa-port_eng_HaifaPort_FinancialStatment_HPC_2019-eng.pdf,files_privatizations_hifa-port_eng_HaifaPort_FinancialStatment_HPC_2019-eng.pdf,59,Note 8(c) payments on account of purchase of fixed assets,wip_indicator,,,,,payments_on_account_purchase_fixed_assets,4486.0,,NIS_thousands,NIS,year,,2019,,high,no,no,yes,Cost as of Dec 31 2019 includes payments on account for purchase of fixed assets; useful as WIP/CIP-like timing signal.
HPC_2019_AR_2019_cum_accounting_depreciation,HPC,2019,HPC_2019_AR,files_privatizations_hifa-port_eng_HaifaPort_FinancialStatment_HPC_2019-eng.pdf,files_privatizations_hifa-port_eng_HaifaPort_FinancialStatment_HPC_2019-eng.pdf,60,Note 8(d) asset renewal fund,renewal_fund_note,,,,,cumulative_accounting_depreciation_since_commencement,1117892.0,,NIS_thousands,NIS,year,,2019,,medium,no,no,no,Cumulative accounting depreciation from commencement through 2019.
HPC_2019_AR_2019_cum_investment_for_renewal,HPC,2019,HPC_2019_AR,files_privatizations_hifa-port_eng_HaifaPort_FinancialStatment_HPC_2019-eng.pdf,files_privatizations_hifa-port_eng_HaifaPort_FinancialStatment_HPC_2019-eng.pdf,60,Note 8(d) asset renewal fund,renewal_fund_note,,,,,cumulative_investment_for_renewal_replacement_acquisition_since_commencement,1642007.0,,NIS_thousands,NIS,year,,2019,,medium,no,no,no,Cumulative investment for renewal/replacement/acquisition from commencement through 2019.
HPC_2019_AR_2019_held_for_sale_balance,HPC,2019,HPC_2019_AR,files_privatizations_hifa-port_eng_HaifaPort_FinancialStatment_HPC_2019-eng.pdf,files_privatizations_hifa-port_eng_HaifaPort_FinancialStatment_HPC_2019-eng.pdf,60,Note 8(e) non-current assets held for sale,held_for_sale_note,,held_for_sale_operational_equipment,,,held_for_sale_asset_balance,12.0,,NIS_thousands,NIS,year,,2019,,medium,no,no,no,Realization group balance at Dec 31 2019.
HPC_2019_AR_2019_held_for_sale_remeasurement_gain,HPC,2019,HPC_2019_AR,files_privatizations_hifa-port_eng_HaifaPort_FinancialStatment_HPC_2019-eng.pdf,files_privatizations_hifa-port_eng_HaifaPort_FinancialStatment_HPC_2019-eng.pdf,60,Note 8(e) non-current assets held for sale,held_for_sale_note,,held_for_sale_operational_equipment,,,held_for_sale_remeasurement_gain,871.0,,NIS_thousands,NIS,year,,2019,,medium,no,no,no,Gain from remeasurement of held-for-sale operational equipment.
HPC_2019_AR_2019_discontinued_ops_fixed_assets,HPC,2019,HPC_2019_AR,files_privatizations_hifa-port_eng_HaifaPort_FinancialStatment_HPC_2019-eng.pdf,files_privatizations_hifa-port_eng_HaifaPort_FinancialStatment_HPC_2019-eng.pdf,98,Note 25 discontinued operations,discontinued_ops_note,Marine Department,marine_department_assets,,,discontinued_ops_fixed_assets_net,110298.0,,NIS_thousands,NIS,year,,2019,,high,no,no,yes,Marine Department fixed assets presented in discontinued operations; useful for tracking sea-department transfer out of HPC.
HPC_2019_AR_2019_infrastructure_buildings_structures_annual_depreciation_rate_main_pct,HPC,2019,HPC_2019_AR,files_privatizations_hifa-port_eng_HaifaPort_FinancialStatment_HPC_2019-eng.pdf,files_privatizations_hifa-port_eng_HaifaPort_FinancialStatment_HPC_2019-eng.pdf,44,Note 2(l) depreciation rates,dep_policy,Structures,infrastructure_buildings_structures,,,annual_depreciation_rate_main_pct,5.0,,percent,,year,,2019,,high,no,no,no,2019 annual report depreciation-rate disclosure.
HPC_2019_AR_2019_infrastructure_buildings_structures_annual_depreciation_rate_low_pct,HPC,2019,HPC_2019_AR,files_privatizations_hifa-port_eng_HaifaPort_FinancialStatment_HPC_2019-eng.pdf,files_privatizations_hifa-port_eng_HaifaPort_FinancialStatment_HPC_2019-eng.pdf,44,Note 2(l) depreciation rates,dep_policy,Structures,infrastructure_buildings_structures,,,annual_depreciation_rate_low_pct,5.0,,percent,,year,,2019,,high,no,no,no,2019 annual report depreciation-rate disclosure.
HPC_2019_AR_2019_infrastructure_buildings_structures_annual_depreciation_rate_high_pct,HPC,2019,HPC_2019_AR,files_privatizations_hifa-port_eng_HaifaPort_FinancialStatment_HPC_2019-eng.pdf,files_privatizations_hifa-port_eng_HaifaPort_FinancialStatment_HPC_2019-eng.pdf,44,Note 2(l) depreciation rates,dep_policy,Structures,infrastructure_buildings_structures,,,annual_depreciation_rate_high_pct,5.0,,percent,,year,,2019,,high,no,no,no,2019 annual report depreciation-rate disclosure.
HPC_2019_AR_2019_infrastructure_buildings_infrastructure_annual_depreciation_rate_main_pct,HPC,2019,HPC_2019_AR,files_privatizations_hifa-port_eng_HaifaPort_FinancialStatment_HPC_2019-eng.pdf,files_privatizations_hifa-port_eng_HaifaPort_FinancialStatment_HPC_2019-eng.pdf,44,Note 2(l) depreciation rates,dep_policy,Infrastructure,infrastructure_buildings_infrastructure,,,annual_depreciation_rate_main_pct,5.0,,percent,,year,,2019,,high,no,no,no,2019 annual report depreciation-rate disclosure.
HPC_2019_AR_2019_infrastructure_buildings_infrastructure_annual_depreciation_rate_low_pct,HPC,2019,HPC_2019_AR,files_privatizations_hifa-port_eng_HaifaPort_FinancialStatment_HPC_2019-eng.pdf,files_privatizations_hifa-port_eng_HaifaPort_FinancialStatment_HPC_2019-eng.pdf,44,Note 2(l) depreciation rates,dep_policy,Infrastructure,infrastructure_buildings_infrastructure,,,annual_depreciation_rate_low_pct,5.0,,percent,,year,,2019,,high,no,no,no,2019 annual report depreciation-rate disclosure.
HPC_2019_AR_2019_infrastructure_buildings_infrastructure_annual_depreciation_rate_high_pct,HPC,2019,HPC_2019_AR,files_privatizations_hifa-port_eng_HaifaPort_FinancialStatment_HPC_2019-eng.pdf,files_privatizations_hifa-port_eng_HaifaPort_FinancialStatment_HPC_2019-eng.pdf,44,Note 2(l) depreciation rates,dep_policy,Infrastructure,infrastructure_buildings_infrastructure,,,annual_depreciation_rate_high_pct,5.0,,percent,,year,,2019,,high,no,no,no,2019 annual report depreciation-rate disclosure.
HPC_2019_AR_2019_cranes_annual_depreciation_rate_main_pct,HPC,2019,HPC_2019_AR,files_privatizations_hifa-port_eng_HaifaPort_FinancialStatment_HPC_2019-eng.pdf,files_privatizations_hifa-port_eng_HaifaPort_FinancialStatment_HPC_2019-eng.pdf,44,Note 2(l) depreciation rates,dep_policy,Cranes,cranes,,,annual_depreciation_rate_main_pct,3.0,,percent,,year,,2019,,high,no,no,no,2019 annual report depreciation-rate disclosure.
HPC_2019_AR_2019_cranes_annual_depreciation_rate_low_pct,HPC,2019,HPC_2019_AR,files_privatizations_hifa-port_eng_HaifaPort_FinancialStatment_HPC_2019-eng.pdf,files_privatizations_hifa-port_eng_HaifaPort_FinancialStatment_HPC_2019-eng.pdf,44,Note 2(l) depreciation rates,dep_policy,Cranes,cranes,,,annual_depreciation_rate_low_pct,3.0,,percent,,year,,2019,,high,no,no,no,2019 annual report depreciation-rate disclosure.
HPC_2019_AR_2019_cranes_annual_depreciation_rate_high_pct,HPC,2019,HPC_2019_AR,files_privatizations_hifa-port_eng_HaifaPort_FinancialStatment_HPC_2019-eng.pdf,files_privatizations_hifa-port_eng_HaifaPort_FinancialStatment_HPC_2019-eng.pdf,44,Note 2(l) depreciation rates,dep_policy,Cranes,cranes,,,annual_depreciation_rate_high_pct,5.0,,percent,,year,,2019,,high,no,no,no,2019 annual report depreciation-rate disclosure.
HPC_2019_AR_2019_trailers_carts_compressors_annual_depreciation_rate_main_pct,HPC,2019,HPC_2019_AR,files_privatizations_hifa-port_eng_HaifaPort_FinancialStatment_HPC_2019-eng.pdf,files_privatizations_hifa-port_eng_HaifaPort_FinancialStatment_HPC_2019-eng.pdf,44,Note 2(l) depreciation rates,dep_policy,Trailers carts and compressors,trailers_carts_compressors,,,annual_depreciation_rate_main_pct,8.3,,percent,,year,,2019,,high,no,no,no,2019 annual report depreciation-rate disclosure.
HPC_2019_AR_2019_trailers_carts_compressors_annual_depreciation_rate_low_pct,HPC,2019,HPC_2019_AR,files_privatizations_hifa-port_eng_HaifaPort_FinancialStatment_HPC_2019-eng.pdf,files_privatizations_hifa-port_eng_HaifaPort_FinancialStatment_HPC_2019-eng.pdf,44,Note 2(l) depreciation rates,dep_policy,Trailers carts and compressors,trailers_carts_compressors,,,annual_depreciation_rate_low_pct,5.0,,percent,,year,,2019,,high,no,no,no,2019 annual report depreciation-rate disclosure.
HPC_2019_AR_2019_trailers_carts_compressors_annual_depreciation_rate_high_pct,HPC,2019,HPC_2019_AR,files_privatizations_hifa-port_eng_HaifaPort_FinancialStatment_HPC_2019-eng.pdf,files_privatizations_hifa-port_eng_HaifaPort_FinancialStatment_HPC_2019-eng.pdf,44,Note 2(l) depreciation rates,dep_policy,Trailers carts and compressors,trailers_carts_compressors,,,annual_depreciation_rate_high_pct,12.5,,percent,,year,,2019,,high,no,no,no,2019 annual report depreciation-rate disclosure.
HPC_2019_AR_2019_vessels_annual_depreciation_rate_main_pct,HPC,2019,HPC_2019_AR,files_privatizations_hifa-port_eng_HaifaPort_FinancialStatment_HPC_2019-eng.pdf,files_privatizations_hifa-port_eng_HaifaPort_FinancialStatment_HPC_2019-eng.pdf,44,Note 2(l) depreciation rates,dep_policy,Vessels,vessels,,,annual_depreciation_rate_main_pct,4.0,,percent,,year,,2019,,high,no,no,no,2019 annual report depreciation-rate disclosure.
HPC_2019_AR_2019_vessels_annual_depreciation_rate_low_pct,HPC,2019,HPC_2019_AR,files_privatizations_hifa-port_eng_HaifaPort_FinancialStatment_HPC_2019-eng.pdf,files_privatizations_hifa-port_eng_HaifaPort_FinancialStatment_HPC_2019-eng.pdf,44,Note 2(l) depreciation rates,dep_policy,Vessels,vessels,,,annual_depreciation_rate_low_pct,4.0,,percent,,year,,2019,,high,no,no,no,2019 annual report depreciation-rate disclosure.
HPC_2019_AR_2019_vessels_annual_depreciation_rate_high_pct,HPC,2019,HPC_2019_AR,files_privatizations_hifa-port_eng_HaifaPort_FinancialStatment_HPC_2019-eng.pdf,files_privatizations_hifa-port_eng_HaifaPort_FinancialStatment_HPC_2019-eng.pdf,44,Note 2(l) depreciation rates,dep_policy,Vessels,vessels,,,annual_depreciation_rate_high_pct,4.0,,percent,,year,,2019,,high,no,no,no,2019 annual report depreciation-rate disclosure.
HPC_2019_AR_2019_vehicles_annual_depreciation_rate_main_pct,HPC,2019,HPC_2019_AR,files_privatizations_hifa-port_eng_HaifaPort_FinancialStatment_HPC_2019-eng.pdf,files_privatizations_hifa-port_eng_HaifaPort_FinancialStatment_HPC_2019-eng.pdf,44,Note 2(l) depreciation rates,dep_policy,Vehicles,vehicles,,,annual_depreciation_rate_main_pct,15.0,,percent,,year,,2019,,high,no,no,no,2019 annual report depreciation-rate disclosure.
HPC_2019_AR_2019_vehicles_annual_depreciation_rate_low_pct,HPC,2019,HPC_2019_AR,files_privatizations_hifa-port_eng_HaifaPort_FinancialStatment_HPC_2019-eng.pdf,files_privatizations_hifa-port_eng_HaifaPort_FinancialStatment_HPC_2019-eng.pdf,44,Note 2(l) depreciation rates,dep_policy,Vehicles,vehicles,,,annual_depreciation_rate_low_pct,15.0,,percent,,year,,2019,,high,no,no,no,2019 annual report depreciation-rate disclosure.
HPC_2019_AR_2019_vehicles_annual_depreciation_rate_high_pct,HPC,2019,HPC_2019_AR,files_privatizations_hifa-port_eng_HaifaPort_FinancialStatment_HPC_2019-eng.pdf,files_privatizations_hifa-port_eng_HaifaPort_FinancialStatment_HPC_2019-eng.pdf,44,Note 2(l) depreciation rates,dep_policy,Vehicles,vehicles,,,annual_depreciation_rate_high_pct,15.0,,percent,,year,,2019,,high,no,no,no,2019 annual report depreciation-rate disclosure.
HPC_2019_AR_2019_furniture_equipment_annual_depreciation_rate_main_pct,HPC,2019,HPC_2019_AR,files_privatizations_hifa-port_eng_HaifaPort_FinancialStatment_HPC_2019-eng.pdf,files_privatizations_hifa-port_eng_HaifaPort_FinancialStatment_HPC_2019-eng.pdf,44,Note 2(l) depreciation rates,dep_policy,Furniture and equipment,furniture_equipment,,,annual_depreciation_rate_main_pct,6.0,,percent,,year,,2019,,high,no,no,no,2019 annual report depreciation-rate disclosure.
HPC_2019_AR_2019_furniture_equipment_annual_depreciation_rate_low_pct,HPC,2019,HPC_2019_AR,files_privatizations_hifa-port_eng_HaifaPort_FinancialStatment_HPC_2019-eng.pdf,files_privatizations_hifa-port_eng_HaifaPort_FinancialStatment_HPC_2019-eng.pdf,44,Note 2(l) depreciation rates,dep_policy,Furniture and equipment,furniture_equipment,,,annual_depreciation_rate_low_pct,6.0,,percent,,year,,2019,,high,no,no,no,2019 annual report depreciation-rate disclosure.
HPC_2019_AR_2019_furniture_equipment_annual_depreciation_rate_high_pct,HPC,2019,HPC_2019_AR,files_privatizations_hifa-port_eng_HaifaPort_FinancialStatment_HPC_2019-eng.pdf,files_privatizations_hifa-port_eng_HaifaPort_FinancialStatment_HPC_2019-eng.pdf,44,Note 2(l) depreciation rates,dep_policy,Furniture and equipment,furniture_equipment,,,annual_depreciation_rate_high_pct,10.0,,percent,,year,,2019,,high,no,no,no,2019 annual report depreciation-rate disclosure.
HPC_2019_AR_2019_communication_equipment_annual_depreciation_rate_main_pct,HPC,2019,HPC_2019_AR,files_privatizations_hifa-port_eng_HaifaPort_FinancialStatment_HPC_2019-eng.pdf,files_privatizations_hifa-port_eng_HaifaPort_FinancialStatment_HPC_2019-eng.pdf,44,Note 2(l) depreciation rates,dep_policy,Communication equipment,communication_equipment,,,annual_depreciation_rate_main_pct,15.0,,percent,,year,,2019,,high,no,no,no,2019 annual report depreciation-rate disclosure.
HPC_2019_AR_2019_communication_equipment_annual_depreciation_rate_low_pct,HPC,2019,HPC_2019_AR,files_privatizations_hifa-port_eng_HaifaPort_FinancialStatment_HPC_2019-eng.pdf,files_privatizations_hifa-port_eng_HaifaPort_FinancialStatment_HPC_2019-eng.pdf,44,Note 2(l) depreciation rates,dep_policy,Communication equipment,communication_equipment,,,annual_depreciation_rate_low_pct,15.0,,percent,,year,,2019,,high,no,no,no,2019 annual report depreciation-rate disclosure.
HPC_2019_AR_2019_communication_equipment_annual_depreciation_rate_high_pct,HPC,2019,HPC_2019_AR,files_privatizations_hifa-port_eng_HaifaPort_FinancialStatment_HPC_2019-eng.pdf,files_privatizations_hifa-port_eng_HaifaPort_FinancialStatment_HPC_2019-eng.pdf,44,Note 2(l) depreciation rates,dep_policy,Communication equipment,communication_equipment,,,annual_depreciation_rate_high_pct,15.0,,percent,,year,,2019,,high,no,no,no,2019 annual report depreciation-rate disclosure.
HPC_2019_AR_2019_computers_annual_depreciation_rate_main_pct,HPC,2019,HPC_2019_AR,files_privatizations_hifa-port_eng_HaifaPort_FinancialStatment_HPC_2019-eng.pdf,files_privatizations_hifa-port_eng_HaifaPort_FinancialStatment_HPC_2019-eng.pdf,44,Note 2(l) depreciation rates,dep_policy,Computers,computers,,,annual_depreciation_rate_main_pct,20.0,,percent,,year,,2019,,high,no,no,no,2019 annual report depreciation-rate disclosure.
HPC_2019_AR_2019_computers_annual_depreciation_rate_low_pct,HPC,2019,HPC_2019_AR,files_privatizations_hifa-port_eng_HaifaPort_FinancialStatment_HPC_2019-eng.pdf,files_privatizations_hifa-port_eng_HaifaPort_FinancialStatment_HPC_2019-eng.pdf,44,Note 2(l) depreciation rates,dep_policy,Computers,computers,,,annual_depreciation_rate_low_pct,20.0,,percent,,year,,2019,,high,no,no,no,2019 annual report depreciation-rate disclosure.
HPC_2019_AR_2019_computers_annual_depreciation_rate_high_pct,HPC,2019,HPC_2019_AR,files_privatizations_hifa-port_eng_HaifaPort_FinancialStatment_HPC_2019-eng.pdf,files_privatizations_hifa-port_eng_HaifaPort_FinancialStatment_HPC_2019-eng.pdf,44,Note 2(l) depreciation rates,dep_policy,Computers,computers,,,annual_depreciation_rate_high_pct,20.0,,percent,,year,,2019,,high,no,no,no,2019 annual report depreciation-rate disclosure.
HPC_2019_AR_2019_other_equipment_annual_depreciation_rate_main_pct,HPC,2019,HPC_2019_AR,files_privatizations_hifa-port_eng_HaifaPort_FinancialStatment_HPC_2019-eng.pdf,files_privatizations_hifa-port_eng_HaifaPort_FinancialStatment_HPC_2019-eng.pdf,44,Note 2(l) depreciation rates,dep_policy,Other equipment,other_equipment,,,annual_depreciation_rate_main_pct,12.5,,percent,,year,,2019,,high,no,no,no,2019 annual report depreciation-rate disclosure.
HPC_2019_AR_2019_other_equipment_annual_depreciation_rate_low_pct,HPC,2019,HPC_2019_AR,files_privatizations_hifa-port_eng_HaifaPort_FinancialStatment_HPC_2019-eng.pdf,files_privatizations_hifa-port_eng_HaifaPort_FinancialStatment_HPC_2019-eng.pdf,44,Note 2(l) depreciation rates,dep_policy,Other equipment,other_equipment,,,annual_depreciation_rate_low_pct,7.0,,percent,,year,,2019,,high,no,no,no,2019 annual report depreciation-rate disclosure.
HPC_2019_AR_2019_other_equipment_annual_depreciation_rate_high_pct,HPC,2019,HPC_2019_AR,files_privatizations_hifa-port_eng_HaifaPort_FinancialStatment_HPC_2019-eng.pdf,files_privatizations_hifa-port_eng_HaifaPort_FinancialStatment_HPC_2019-eng.pdf,44,Note 2(l) depreciation rates,dep_policy,Other equipment,other_equipment,,,annual_depreciation_rate_high_pct,12.5,,percent,,year,,2019,,high,no,no,no,2019 annual report depreciation-rate disclosure.
HPC_2019_AR_2019_spare_parts_gt15k_depreciation_rule,HPC,2019,HPC_2019_AR,files_privatizations_hifa-port_eng_HaifaPort_FinancialStatment_HPC_2019-eng.pdf,files_privatizations_hifa-port_eng_HaifaPort_FinancialStatment_HPC_2019-eng.pdf,43-44,Note 2(l) fixed assets,dep_policy,"Spare parts and auxiliary equipment over NIS 15,000 per item",spare_parts_over_15000,,,depreciation_rule_text,,"Depreciated from beginning of operation after issue to operational equipment, at depreciation rate of the parent asset.",,,year,,2019,,high,no,no,no,Important timing rule for high-value spare parts.
HPC_2019_AR_2019_fixed_asset_available_for_use_rule,HPC,2019,HPC_2019_AR,files_privatizations_hifa-port_eng_HaifaPort_FinancialStatment_HPC_2019-eng.pdf,files_privatizations_hifa-port_eng_HaifaPort_FinancialStatment_HPC_2019-eng.pdf,42-43,Note 2(l) fixed assets,timing_policy,Fixed assets,all_fixed_assets,,,available_for_use_rule_text,,Self-constructed assets include directly attributable costs to bring the asset to the place and condition in which it can operate as intended by management.,,,year,,2019,,medium,no,no,yes,Closest available 2019 statement language to service-entry timing.
HPC_2020_AR_2020_infrastructure_buildings_cost_open,HPC,2020,HPC_2020_AR,"חברת נמל חיפה בע""מ חיפה נמל הדוח השנתי לשנת 2020.pdf","חברת נמל חיפה בע""מ חיפה נמל הדוח השנתי לשנת 2020.pdf",55-56,"Note 8 Fixed assets, net",ppe_rollforward,תשתיות ומבנים,infrastructure_buildings,,,cost_open,219773.0,,NIS_thousands,NIS,year,,2020,,high,yes,yes,yes,Extracted from 2020 annual report fixed-asset table.
HPC_2020_AR_2020_infrastructure_buildings_cost_additions,HPC,2020,HPC_2020_AR,"חברת נמל חיפה בע""מ חיפה נמל הדוח השנתי לשנת 2020.pdf","חברת נמל חיפה בע""מ חיפה נמל הדוח השנתי לשנת 2020.pdf",55-56,"Note 8 Fixed assets, net",ppe_rollforward,תשתיות ומבנים,infrastructure_buildings,,,cost_additions,11722.0,,NIS_thousands,NIS,year,,2020,,high,yes,yes,yes,Extracted from 2020 annual report fixed-asset table.
HPC_2020_AR_2020_infrastructure_buildings_cost_transfers_other,HPC,2020,HPC_2020_AR,"חברת נמל חיפה בע""מ חיפה נמל הדוח השנתי לשנת 2020.pdf","חברת נמל חיפה בע""מ חיפה נמל הדוח השנתי לשנת 2020.pdf",55-56,"Note 8 Fixed assets, net",ppe_rollforward,תשתיות ומבנים,infrastructure_buildings,,,cost_transfers_other,-28.0,,NIS_thousands,NIS,year,,2020,,high,yes,yes,yes,Extracted from 2020 annual report fixed-asset table.
HPC_2020_AR_2020_infrastructure_buildings_cost_disposals,HPC,2020,HPC_2020_AR,"חברת נמל חיפה בע""מ חיפה נמל הדוח השנתי לשנת 2020.pdf","חברת נמל חיפה בע""מ חיפה נמל הדוח השנתי לשנת 2020.pdf",55-56,"Note 8 Fixed assets, net",ppe_rollforward,תשתיות ומבנים,infrastructure_buildings,,,cost_disposals,0.0,,NIS_thousands,NIS,year,,2020,,high,yes,yes,yes,Extracted from 2020 annual report fixed-asset table.
HPC_2020_AR_2020_infrastructure_buildings_cost_transfer_held_for_sale,HPC,2020,HPC_2020_AR,"חברת נמל חיפה בע""מ חיפה נמל הדוח השנתי לשנת 2020.pdf","חברת נמל חיפה בע""מ חיפה נמל הדוח השנתי לשנת 2020.pdf",55-56,"Note 8 Fixed assets, net",ppe_rollforward,תשתיות ומבנים,infrastructure_buildings,,,cost_transfer_held_for_sale,0.0,,NIS_thousands,NIS,year,,2020,,high,yes,yes,yes,Extracted from 2020 annual report fixed-asset table.
HPC_2020_AR_2020_infrastructure_buildings_cost_impairment_change,HPC,2020,HPC_2020_AR,"חברת נמל חיפה בע""מ חיפה נמל הדוח השנתי לשנת 2020.pdf","חברת נמל חיפה בע""מ חיפה נמל הדוח השנתי לשנת 2020.pdf",55-56,"Note 8 Fixed assets, net",ppe_rollforward,תשתיות ומבנים,infrastructure_buildings,,,cost_impairment_change,0.0,,NIS_thousands,NIS,year,,2020,,high,yes,yes,yes,Extracted from 2020 annual report fixed-asset table.
HPC_2020_AR_2020_infrastructure_buildings_cost_transfer_discontinued_ops,HPC,2020,HPC_2020_AR,"חברת נמל חיפה בע""מ חיפה נמל הדוח השנתי לשנת 2020.pdf","חברת נמל חיפה בע""מ חיפה נמל הדוח השנתי לשנת 2020.pdf",55-56,"Note 8 Fixed assets, net",ppe_rollforward,תשתיות ומבנים,infrastructure_buildings,,,cost_transfer_discontinued_ops,0.0,,NIS_thousands,NIS,year,,2020,,high,yes,yes,yes,Extracted from 2020 annual report fixed-asset table.
HPC_2020_AR_2020_infrastructure_buildings_cost_close,HPC,2020,HPC_2020_AR,"חברת נמל חיפה בע""מ חיפה נמל הדוח השנתי לשנת 2020.pdf","חברת נמל חיפה בע""מ חיפה נמל הדוח השנתי לשנת 2020.pdf",55-56,"Note 8 Fixed assets, net",ppe_rollforward,תשתיות ומבנים,infrastructure_buildings,,,cost_close,231467.0,,NIS_thousands,NIS,year,,2020,,high,yes,yes,yes,Extracted from 2020 annual report fixed-asset table.
HPC_2020_AR_2020_infrastructure_buildings_accdep_open,HPC,2020,HPC_2020_AR,"חברת נמל חיפה בע""מ חיפה נמל הדוח השנתי לשנת 2020.pdf","חברת נמל חיפה בע""מ חיפה נמל הדוח השנתי לשנת 2020.pdf",55-56,"Note 8 Fixed assets, net",ppe_rollforward,תשתיות ומבנים,infrastructure_buildings,,,accdep_open,65282.0,,NIS_thousands,NIS,year,,2020,,high,yes,yes,yes,Extracted from 2020 annual report fixed-asset table.
HPC_2020_AR_2020_infrastructure_buildings_accdep_depreciation,HPC,2020,HPC_2020_AR,"חברת נמל חיפה בע""מ חיפה נמל הדוח השנתי לשנת 2020.pdf","חברת נמל חיפה בע""מ חיפה נמל הדוח השנתי לשנת 2020.pdf",55-56,"Note 8 Fixed assets, net",ppe_rollforward,תשתיות ומבנים,infrastructure_buildings,,,accdep_depreciation,12889.0,,NIS_thousands,NIS,year,,2020,,high,yes,yes,yes,Extracted from 2020 annual report fixed-asset table.
HPC_2020_AR_2020_infrastructure_buildings_accdep_transfers_other,HPC,2020,HPC_2020_AR,"חברת נמל חיפה בע""מ חיפה נמל הדוח השנתי לשנת 2020.pdf","חברת נמל חיפה בע""מ חיפה נמל הדוח השנתי לשנת 2020.pdf",55-56,"Note 8 Fixed assets, net",ppe_rollforward,תשתיות ומבנים,infrastructure_buildings,,,accdep_transfers_other,-6.0,,NIS_thousands,NIS,year,,2020,,high,yes,yes,yes,Extracted from 2020 annual report fixed-asset table.
HPC_2020_AR_2020_infrastructure_buildings_accdep_disposals,HPC,2020,HPC_2020_AR,"חברת נמל חיפה בע""מ חיפה נמל הדוח השנתי לשנת 2020.pdf","חברת נמל חיפה בע""מ חיפה נמל הדוח השנתי לשנת 2020.pdf",55-56,"Note 8 Fixed assets, net",ppe_rollforward,תשתיות ומבנים,infrastructure_buildings,,,accdep_disposals,0.0,,NIS_thousands,NIS,year,,2020,,high,yes,yes,yes,Extracted from 2020 annual report fixed-asset table.
HPC_2020_AR_2020_infrastructure_buildings_accdep_transfer_held_for_sale,HPC,2020,HPC_2020_AR,"חברת נמל חיפה בע""מ חיפה נמל הדוח השנתי לשנת 2020.pdf","חברת נמל חיפה בע""מ חיפה נמל הדוח השנתי לשנת 2020.pdf",55-56,"Note 8 Fixed assets, net",ppe_rollforward,תשתיות ומבנים,infrastructure_buildings,,,accdep_transfer_held_for_sale,0.0,,NIS_thousands,NIS,year,,2020,,high,yes,yes,yes,Extracted from 2020 annual report fixed-asset table.
HPC_2020_AR_2020_infrastructure_buildings_accdep_transfer_discontinued_ops,HPC,2020,HPC_2020_AR,"חברת נמל חיפה בע""מ חיפה נמל הדוח השנתי לשנת 2020.pdf","חברת נמל חיפה בע""מ חיפה נמל הדוח השנתי לשנת 2020.pdf",55-56,"Note 8 Fixed assets, net",ppe_rollforward,תשתיות ומבנים,infrastructure_buildings,,,accdep_transfer_discontinued_ops,0.0,,NIS_thousands,NIS,year,,2020,,high,yes,yes,yes,Extracted from 2020 annual report fixed-asset table.
HPC_2020_AR_2020_infrastructure_buildings_accdep_close,HPC,2020,HPC_2020_AR,"חברת נמל חיפה בע""מ חיפה נמל הדוח השנתי לשנת 2020.pdf","חברת נמל חיפה בע""מ חיפה נמל הדוח השנתי לשנת 2020.pdf",55-56,"Note 8 Fixed assets, net",ppe_rollforward,תשתיות ומבנים,infrastructure_buildings,,,accdep_close,78165.0,,NIS_thousands,NIS,year,,2020,,high,yes,yes,yes,Extracted from 2020 annual report fixed-asset table.
HPC_2020_AR_2020_infrastructure_buildings_net_ppe_close,HPC,2020,HPC_2020_AR,"חברת נמל חיפה בע""מ חיפה נמל הדוח השנתי לשנת 2020.pdf","חברת נמל חיפה בע""מ חיפה נמל הדוח השנתי לשנת 2020.pdf",55-56,"Note 8 Fixed assets, net",ppe_rollforward,תשתיות ומבנים,infrastructure_buildings,,,net_ppe_close,153302.0,,NIS_thousands,NIS,year,,2020,,high,yes,yes,yes,Extracted from 2020 annual report fixed-asset table.
HPC_2020_AR_2020_equipment_cost_open,HPC,2020,HPC_2020_AR,"חברת נמל חיפה בע""מ חיפה נמל הדוח השנתי לשנת 2020.pdf","חברת נמל חיפה בע""מ חיפה נמל הדוח השנתי לשנת 2020.pdf",55-56,"Note 8 Fixed assets, net",ppe_rollforward,ציוד,equipment,,,cost_open,1496772.0,,NIS_thousands,NIS,year,,2020,,high,yes,yes,yes,Extracted from 2020 annual report fixed-asset table.
HPC_2020_AR_2020_equipment_cost_additions,HPC,2020,HPC_2020_AR,"חברת נמל חיפה בע""מ חיפה נמל הדוח השנתי לשנת 2020.pdf","חברת נמל חיפה בע""מ חיפה נמל הדוח השנתי לשנת 2020.pdf",55-56,"Note 8 Fixed assets, net",ppe_rollforward,ציוד,equipment,,,cost_additions,33648.0,,NIS_thousands,NIS,year,,2020,,high,yes,yes,yes,Extracted from 2020 annual report fixed-asset table.
HPC_2020_AR_2020_equipment_cost_transfers_other,HPC,2020,HPC_2020_AR,"חברת נמל חיפה בע""מ חיפה נמל הדוח השנתי לשנת 2020.pdf","חברת נמל חיפה בע""מ חיפה נמל הדוח השנתי לשנת 2020.pdf",55-56,"Note 8 Fixed assets, net",ppe_rollforward,ציוד,equipment,,,cost_transfers_other,1345.0,,NIS_thousands,NIS,year,,2020,,high,yes,yes,yes,Extracted from 2020 annual report fixed-asset table.
HPC_2020_AR_2020_equipment_cost_disposals,HPC,2020,HPC_2020_AR,"חברת נמל חיפה בע""מ חיפה נמל הדוח השנתי לשנת 2020.pdf","חברת נמל חיפה בע""מ חיפה נמל הדוח השנתי לשנת 2020.pdf",55-56,"Note 8 Fixed assets, net",ppe_rollforward,ציוד,equipment,,,cost_disposals,-16678.0,,NIS_thousands,NIS,year,,2020,,high,yes,yes,yes,Extracted from 2020 annual report fixed-asset table.
HPC_2020_AR_2020_equipment_cost_transfer_held_for_sale,HPC,2020,HPC_2020_AR,"חברת נמל חיפה בע""מ חיפה נמל הדוח השנתי לשנת 2020.pdf","חברת נמל חיפה בע""מ חיפה נמל הדוח השנתי לשנת 2020.pdf",55-56,"Note 8 Fixed assets, net",ppe_rollforward,ציוד,equipment,,,cost_transfer_held_for_sale,-1867.0,,NIS_thousands,NIS,year,,2020,,high,yes,yes,yes,Extracted from 2020 annual report fixed-asset table.
HPC_2020_AR_2020_equipment_cost_impairment_change,HPC,2020,HPC_2020_AR,"חברת נמל חיפה בע""מ חיפה נמל הדוח השנתי לשנת 2020.pdf","חברת נמל חיפה בע""מ חיפה נמל הדוח השנתי לשנת 2020.pdf",55-56,"Note 8 Fixed assets, net",ppe_rollforward,ציוד,equipment,,,cost_impairment_change,258.0,,NIS_thousands,NIS,year,,2020,,high,yes,yes,yes,Extracted from 2020 annual report fixed-asset table.
HPC_2020_AR_2020_equipment_cost_transfer_discontinued_ops,HPC,2020,HPC_2020_AR,"חברת נמל חיפה בע""מ חיפה נמל הדוח השנתי לשנת 2020.pdf","חברת נמל חיפה בע""מ חיפה נמל הדוח השנתי לשנת 2020.pdf",55-56,"Note 8 Fixed assets, net",ppe_rollforward,ציוד,equipment,,,cost_transfer_discontinued_ops,0.0,,NIS_thousands,NIS,year,,2020,,high,yes,yes,yes,Extracted from 2020 annual report fixed-asset table.
HPC_2020_AR_2020_equipment_cost_close,HPC,2020,HPC_2020_AR,"חברת נמל חיפה בע""מ חיפה נמל הדוח השנתי לשנת 2020.pdf","חברת נמל חיפה בע""מ חיפה נמל הדוח השנתי לשנת 2020.pdf",55-56,"Note 8 Fixed assets, net",ppe_rollforward,ציוד,equipment,,,cost_close,1513478.0,,NIS_thousands,NIS,year,,2020,,high,yes,yes,yes,Extracted from 2020 annual report fixed-asset table.
HPC_2020_AR_2020_equipment_accdep_open,HPC,2020,HPC_2020_AR,"חברת נמל חיפה בע""מ חיפה נמל הדוח השנתי לשנת 2020.pdf","חברת נמל חיפה בע""מ חיפה נמל הדוח השנתי לשנת 2020.pdf",55-56,"Note 8 Fixed assets, net",ppe_rollforward,ציוד,equipment,,,accdep_open,709553.0,,NIS_thousands,NIS,year,,2020,,high,yes,yes,yes,Extracted from 2020 annual report fixed-asset table.
HPC_2020_AR_2020_equipment_accdep_depreciation,HPC,2020,HPC_2020_AR,"חברת נמל חיפה בע""מ חיפה נמל הדוח השנתי לשנת 2020.pdf","חברת נמל חיפה בע""מ חיפה נמל הדוח השנתי לשנת 2020.pdf",55-56,"Note 8 Fixed assets, net",ppe_rollforward,ציוד,equipment,,,accdep_depreciation,51275.0,,NIS_thousands,NIS,year,,2020,,high,yes,yes,yes,Extracted from 2020 annual report fixed-asset table.
HPC_2020_AR_2020_equipment_accdep_transfers_other,HPC,2020,HPC_2020_AR,"חברת נמל חיפה בע""מ חיפה נמל הדוח השנתי לשנת 2020.pdf","חברת נמל חיפה בע""מ חיפה נמל הדוח השנתי לשנת 2020.pdf",55-56,"Note 8 Fixed assets, net",ppe_rollforward,ציוד,equipment,,,accdep_transfers_other,-47.0,,NIS_thousands,NIS,year,,2020,,high,yes,yes,yes,Extracted from 2020 annual report fixed-asset table.
HPC_2020_AR_2020_equipment_accdep_disposals,HPC,2020,HPC_2020_AR,"חברת נמל חיפה בע""מ חיפה נמל הדוח השנתי לשנת 2020.pdf","חברת נמל חיפה בע""מ חיפה נמל הדוח השנתי לשנת 2020.pdf",55-56,"Note 8 Fixed assets, net",ppe_rollforward,ציוד,equipment,,,accdep_disposals,-9173.0,,NIS_thousands,NIS,year,,2020,,high,yes,yes,yes,Extracted from 2020 annual report fixed-asset table.
HPC_2020_AR_2020_equipment_accdep_transfer_held_for_sale,HPC,2020,HPC_2020_AR,"חברת נמל חיפה בע""מ חיפה נמל הדוח השנתי לשנת 2020.pdf","חברת נמל חיפה בע""מ חיפה נמל הדוח השנתי לשנת 2020.pdf",55-56,"Note 8 Fixed assets, net",ppe_rollforward,ציוד,equipment,,,accdep_transfer_held_for_sale,-1836.0,,NIS_thousands,NIS,year,,2020,,high,yes,yes,yes,Extracted from 2020 annual report fixed-asset table.
HPC_2020_AR_2020_equipment_accdep_transfer_discontinued_ops,HPC,2020,HPC_2020_AR,"חברת נמל חיפה בע""מ חיפה נמל הדוח השנתי לשנת 2020.pdf","חברת נמל חיפה בע""מ חיפה נמל הדוח השנתי לשנת 2020.pdf",55-56,"Note 8 Fixed assets, net",ppe_rollforward,ציוד,equipment,,,accdep_transfer_discontinued_ops,0.0,,NIS_thousands,NIS,year,,2020,,high,yes,yes,yes,Extracted from 2020 annual report fixed-asset table.
HPC_2020_AR_2020_equipment_accdep_close,HPC,2020,HPC_2020_AR,"חברת נמל חיפה בע""מ חיפה נמל הדוח השנתי לשנת 2020.pdf","חברת נמל חיפה בע""מ חיפה נמל הדוח השנתי לשנת 2020.pdf",55-56,"Note 8 Fixed assets, net",ppe_rollforward,ציוד,equipment,,,accdep_close,749772.0,,NIS_thousands,NIS,year,,2020,,high,yes,yes,yes,Extracted from 2020 annual report fixed-asset table.
HPC_2020_AR_2020_equipment_net_ppe_close,HPC,2020,HPC_2020_AR,"חברת נמל חיפה בע""מ חיפה נמל הדוח השנתי לשנת 2020.pdf","חברת נמל חיפה בע""מ חיפה נמל הדוח השנתי לשנת 2020.pdf",55-56,"Note 8 Fixed assets, net",ppe_rollforward,ציוד,equipment,,,net_ppe_close,763706.0,,NIS_thousands,NIS,year,,2020,,high,yes,yes,yes,Extracted from 2020 annual report fixed-asset table.
HPC_2020_AR_2020_spare_parts_over_15000_cost_open,HPC,2020,HPC_2020_AR,"חברת נמל חיפה בע""מ חיפה נמל הדוח השנתי לשנת 2020.pdf","חברת נמל חיפה בע""מ חיפה נמל הדוח השנתי לשנת 2020.pdf",55-56,"Note 8 Fixed assets, net",ppe_rollforward,"מלאי חלפים מעל 15,000 ש""ח לפריט",spare_parts_over_15000,,,cost_open,37985.0,,NIS_thousands,NIS,year,,2020,,high,yes,yes,yes,Extracted from 2020 annual report fixed-asset table.
HPC_2020_AR_2020_spare_parts_over_15000_cost_additions,HPC,2020,HPC_2020_AR,"חברת נמל חיפה בע""מ חיפה נמל הדוח השנתי לשנת 2020.pdf","חברת נמל חיפה בע""מ חיפה נמל הדוח השנתי לשנת 2020.pdf",55-56,"Note 8 Fixed assets, net",ppe_rollforward,"מלאי חלפים מעל 15,000 ש""ח לפריט",spare_parts_over_15000,,,cost_additions,2905.0,,NIS_thousands,NIS,year,,2020,,high,yes,yes,yes,Extracted from 2020 annual report fixed-asset table.
HPC_2020_AR_2020_spare_parts_over_15000_cost_transfers_other,HPC,2020,HPC_2020_AR,"חברת נמל חיפה בע""מ חיפה נמל הדוח השנתי לשנת 2020.pdf","חברת נמל חיפה בע""מ חיפה נמל הדוח השנתי לשנת 2020.pdf",55-56,"Note 8 Fixed assets, net",ppe_rollforward,"מלאי חלפים מעל 15,000 ש""ח לפריט",spare_parts_over_15000,,,cost_transfers_other,-1289.0,,NIS_thousands,NIS,year,,2020,,high,yes,yes,yes,Extracted from 2020 annual report fixed-asset table.
HPC_2020_AR_2020_spare_parts_over_15000_cost_disposals,HPC,2020,HPC_2020_AR,"חברת נמל חיפה בע""מ חיפה נמל הדוח השנתי לשנת 2020.pdf","חברת נמל חיפה בע""מ חיפה נמל הדוח השנתי לשנת 2020.pdf",55-56,"Note 8 Fixed assets, net",ppe_rollforward,"מלאי חלפים מעל 15,000 ש""ח לפריט",spare_parts_over_15000,,,cost_disposals,-765.0,,NIS_thousands,NIS,year,,2020,,high,yes,yes,yes,Extracted from 2020 annual report fixed-asset table.
HPC_2020_AR_2020_spare_parts_over_15000_cost_transfer_held_for_sale,HPC,2020,HPC_2020_AR,"חברת נמל חיפה בע""מ חיפה נמל הדוח השנתי לשנת 2020.pdf","חברת נמל חיפה בע""מ חיפה נמל הדוח השנתי לשנת 2020.pdf",55-56,"Note 8 Fixed assets, net",ppe_rollforward,"מלאי חלפים מעל 15,000 ש""ח לפריט",spare_parts_over_15000,,,cost_transfer_held_for_sale,0.0,,NIS_thousands,NIS,year,,2020,,high,yes,yes,yes,Extracted from 2020 annual report fixed-asset table.
HPC_2020_AR_2020_spare_parts_over_15000_cost_impairment_change,HPC,2020,HPC_2020_AR,"חברת נמל חיפה בע""מ חיפה נמל הדוח השנתי לשנת 2020.pdf","חברת נמל חיפה בע""מ חיפה נמל הדוח השנתי לשנת 2020.pdf",55-56,"Note 8 Fixed assets, net",ppe_rollforward,"מלאי חלפים מעל 15,000 ש""ח לפריט",spare_parts_over_15000,,,cost_impairment_change,0.0,,NIS_thousands,NIS,year,,2020,,high,yes,yes,yes,Extracted from 2020 annual report fixed-asset table.
HPC_2020_AR_2020_spare_parts_over_15000_cost_transfer_discontinued_ops,HPC,2020,HPC_2020_AR,"חברת נמל חיפה בע""מ חיפה נמל הדוח השנתי לשנת 2020.pdf","חברת נמל חיפה בע""מ חיפה נמל הדוח השנתי לשנת 2020.pdf",55-56,"Note 8 Fixed assets, net",ppe_rollforward,"מלאי חלפים מעל 15,000 ש""ח לפריט",spare_parts_over_15000,,,cost_transfer_discontinued_ops,0.0,,NIS_thousands,NIS,year,,2020,,high,yes,yes,yes,Extracted from 2020 annual report fixed-asset table.
HPC_2020_AR_2020_spare_parts_over_15000_cost_close,HPC,2020,HPC_2020_AR,"חברת נמל חיפה בע""מ חיפה נמל הדוח השנתי לשנת 2020.pdf","חברת נמל חיפה בע""מ חיפה נמל הדוח השנתי לשנת 2020.pdf",55-56,"Note 8 Fixed assets, net",ppe_rollforward,"מלאי חלפים מעל 15,000 ש""ח לפריט",spare_parts_over_15000,,,cost_close,38836.0,,NIS_thousands,NIS,year,,2020,,high,yes,yes,yes,Extracted from 2020 annual report fixed-asset table.
HPC_2020_AR_2020_spare_parts_over_15000_accdep_open,HPC,2020,HPC_2020_AR,"חברת נמל חיפה בע""מ חיפה נמל הדוח השנתי לשנת 2020.pdf","חברת נמל חיפה בע""מ חיפה נמל הדוח השנתי לשנת 2020.pdf",55-56,"Note 8 Fixed assets, net",ppe_rollforward,"מלאי חלפים מעל 15,000 ש""ח לפריט",spare_parts_over_15000,,,accdep_open,7211.0,,NIS_thousands,NIS,year,,2020,,high,yes,yes,yes,Extracted from 2020 annual report fixed-asset table.
HPC_2020_AR_2020_spare_parts_over_15000_accdep_depreciation,HPC,2020,HPC_2020_AR,"חברת נמל חיפה בע""מ חיפה נמל הדוח השנתי לשנת 2020.pdf","חברת נמל חיפה בע""מ חיפה נמל הדוח השנתי לשנת 2020.pdf",55-56,"Note 8 Fixed assets, net",ppe_rollforward,"מלאי חלפים מעל 15,000 ש""ח לפריט",spare_parts_over_15000,,,accdep_depreciation,0.0,,NIS_thousands,NIS,year,,2020,,high,yes,yes,yes,Extracted from 2020 annual report fixed-asset table.
HPC_2020_AR_2020_spare_parts_over_15000_accdep_transfers_other,HPC,2020,HPC_2020_AR,"חברת נמל חיפה בע""מ חיפה נמל הדוח השנתי לשנת 2020.pdf","חברת נמל חיפה בע""מ חיפה נמל הדוח השנתי לשנת 2020.pdf",55-56,"Note 8 Fixed assets, net",ppe_rollforward,"מלאי חלפים מעל 15,000 ש""ח לפריט",spare_parts_over_15000,,,accdep_transfers_other,55.0,,NIS_thousands,NIS,year,,2020,,high,yes,yes,yes,Extracted from 2020 annual report fixed-asset table.
HPC_2020_AR_2020_spare_parts_over_15000_accdep_disposals,HPC,2020,HPC_2020_AR,"חברת נמל חיפה בע""מ חיפה נמל הדוח השנתי לשנת 2020.pdf","חברת נמל חיפה בע""מ חיפה נמל הדוח השנתי לשנת 2020.pdf",55-56,"Note 8 Fixed assets, net",ppe_rollforward,"מלאי חלפים מעל 15,000 ש""ח לפריט",spare_parts_over_15000,,,accdep_disposals,-28.0,,NIS_thousands,NIS,year,,2020,,high,yes,yes,yes,Extracted from 2020 annual report fixed-asset table.
HPC_2020_AR_2020_spare_parts_over_15000_accdep_transfer_held_for_sale,HPC,2020,HPC_2020_AR,"חברת נמל חיפה בע""מ חיפה נמל הדוח השנתי לשנת 2020.pdf","חברת נמל חיפה בע""מ חיפה נמל הדוח השנתי לשנת 2020.pdf",55-56,"Note 8 Fixed assets, net",ppe_rollforward,"מלאי חלפים מעל 15,000 ש""ח לפריט",spare_parts_over_15000,,,accdep_transfer_held_for_sale,0.0,,NIS_thousands,NIS,year,,2020,,high,yes,yes,yes,Extracted from 2020 annual report fixed-asset table.
HPC_2020_AR_2020_spare_parts_over_15000_accdep_transfer_discontinued_ops,HPC,2020,HPC_2020_AR,"חברת נמל חיפה בע""מ חיפה נמל הדוח השנתי לשנת 2020.pdf","חברת נמל חיפה בע""מ חיפה נמל הדוח השנתי לשנת 2020.pdf",55-56,"Note 8 Fixed assets, net",ppe_rollforward,"מלאי חלפים מעל 15,000 ש""ח לפריט",spare_parts_over_15000,,,accdep_transfer_discontinued_ops,0.0,,NIS_thousands,NIS,year,,2020,,high,yes,yes,yes,Extracted from 2020 annual report fixed-asset table.
HPC_2020_AR_2020_spare_parts_over_15000_accdep_close,HPC,2020,HPC_2020_AR,"חברת נמל חיפה בע""מ חיפה נמל הדוח השנתי לשנת 2020.pdf","חברת נמל חיפה בע""מ חיפה נמל הדוח השנתי לשנת 2020.pdf",55-56,"Note 8 Fixed assets, net",ppe_rollforward,"מלאי חלפים מעל 15,000 ש""ח לפריט",spare_parts_over_15000,,,accdep_close,7238.0,,NIS_thousands,NIS,year,,2020,,high,yes,yes,yes,Extracted from 2020 annual report fixed-asset table.
HPC_2020_AR_2020_spare_parts_over_15000_net_ppe_close,HPC,2020,HPC_2020_AR,"חברת נמל חיפה בע""מ חיפה נמל הדוח השנתי לשנת 2020.pdf","חברת נמל חיפה בע""מ חיפה נמל הדוח השנתי לשנת 2020.pdf",55-56,"Note 8 Fixed assets, net",ppe_rollforward,"מלאי חלפים מעל 15,000 ש""ח לפריט",spare_parts_over_15000,,,net_ppe_close,31598.0,,NIS_thousands,NIS,year,,2020,,high,yes,yes,yes,Extracted from 2020 annual report fixed-asset table.
HPC_2020_AR_2020_spare_parts_under_15000_cost_open,HPC,2020,HPC_2020_AR,"חברת נמל חיפה בע""מ חיפה נמל הדוח השנתי לשנת 2020.pdf","חברת נמל חיפה בע""מ חיפה נמל הדוח השנתי לשנת 2020.pdf",55-56,"Note 8 Fixed assets, net",ppe_rollforward,"מלאי חלפים עד 15,000 ש""ח לפריט",spare_parts_under_15000,,,cost_open,38157.0,,NIS_thousands,NIS,year,,2020,,high,yes,yes,yes,Extracted from 2020 annual report fixed-asset table.
HPC_2020_AR_2020_spare_parts_under_15000_cost_additions,HPC,2020,HPC_2020_AR,"חברת נמל חיפה בע""מ חיפה נמל הדוח השנתי לשנת 2020.pdf","חברת נמל חיפה בע""מ חיפה נמל הדוח השנתי לשנת 2020.pdf",55-56,"Note 8 Fixed assets, net",ppe_rollforward,"מלאי חלפים עד 15,000 ש""ח לפריט",spare_parts_under_15000,,,cost_additions,1010.0,,NIS_thousands,NIS,year,,2020,,high,yes,yes,yes,Extracted from 2020 annual report fixed-asset table.
HPC_2020_AR_2020_spare_parts_under_15000_cost_transfers_other,HPC,2020,HPC_2020_AR,"חברת נמל חיפה בע""מ חיפה נמל הדוח השנתי לשנת 2020.pdf","חברת נמל חיפה בע""מ חיפה נמל הדוח השנתי לשנת 2020.pdf",55-56,"Note 8 Fixed assets, net",ppe_rollforward,"מלאי חלפים עד 15,000 ש""ח לפריט",spare_parts_under_15000,,,cost_transfers_other,0.0,,NIS_thousands,NIS,year,,2020,,high,yes,yes,yes,Extracted from 2020 annual report fixed-asset table.
HPC_2020_AR_2020_spare_parts_under_15000_cost_disposals,HPC,2020,HPC_2020_AR,"חברת נמל חיפה בע""מ חיפה נמל הדוח השנתי לשנת 2020.pdf","חברת נמל חיפה בע""מ חיפה נמל הדוח השנתי לשנת 2020.pdf",55-56,"Note 8 Fixed assets, net",ppe_rollforward,"מלאי חלפים עד 15,000 ש""ח לפריט",spare_parts_under_15000,,,cost_disposals,0.0,,NIS_thousands,NIS,year,,2020,,high,yes,yes,yes,Extracted from 2020 annual report fixed-asset table.
HPC_2020_AR_2020_spare_parts_under_15000_cost_transfer_held_for_sale,HPC,2020,HPC_2020_AR,"חברת נמל חיפה בע""מ חיפה נמל הדוח השנתי לשנת 2020.pdf","חברת נמל חיפה בע""מ חיפה נמל הדוח השנתי לשנת 2020.pdf",55-56,"Note 8 Fixed assets, net",ppe_rollforward,"מלאי חלפים עד 15,000 ש""ח לפריט",spare_parts_under_15000,,,cost_transfer_held_for_sale,0.0,,NIS_thousands,NIS,year,,2020,,high,yes,yes,yes,Extracted from 2020 annual report fixed-asset table.
HPC_2020_AR_2020_spare_parts_under_15000_cost_impairment_change,HPC,2020,HPC_2020_AR,"חברת נמל חיפה בע""מ חיפה נמל הדוח השנתי לשנת 2020.pdf","חברת נמל חיפה בע""מ חיפה נמל הדוח השנתי לשנת 2020.pdf",55-56,"Note 8 Fixed assets, net",ppe_rollforward,"מלאי חלפים עד 15,000 ש""ח לפריט",spare_parts_under_15000,,,cost_impairment_change,0.0,,NIS_thousands,NIS,year,,2020,,high,yes,yes,yes,Extracted from 2020 annual report fixed-asset table.
HPC_2020_AR_2020_spare_parts_under_15000_cost_transfer_discontinued_ops,HPC,2020,HPC_2020_AR,"חברת נמל חיפה בע""מ חיפה נמל הדוח השנתי לשנת 2020.pdf","חברת נמל חיפה בע""מ חיפה נמל הדוח השנתי לשנת 2020.pdf",55-56,"Note 8 Fixed assets, net",ppe_rollforward,"מלאי חלפים עד 15,000 ש""ח לפריט",spare_parts_under_15000,,,cost_transfer_discontinued_ops,0.0,,NIS_thousands,NIS,year,,2020,,high,yes,yes,yes,Extracted from 2020 annual report fixed-asset table.
HPC_2020_AR_2020_spare_parts_under_15000_cost_close,HPC,2020,HPC_2020_AR,"חברת נמל חיפה בע""מ חיפה נמל הדוח השנתי לשנת 2020.pdf","חברת נמל חיפה בע""מ חיפה נמל הדוח השנתי לשנת 2020.pdf",55-56,"Note 8 Fixed assets, net",ppe_rollforward,"מלאי חלפים עד 15,000 ש""ח לפריט",spare_parts_under_15000,,,cost_close,39167.0,,NIS_thousands,NIS,year,,2020,,high,yes,yes,yes,Extracted from 2020 annual report fixed-asset table.
HPC_2020_AR_2020_spare_parts_under_15000_accdep_open,HPC,2020,HPC_2020_AR,"חברת נמל חיפה בע""מ חיפה נמל הדוח השנתי לשנת 2020.pdf","חברת נמל חיפה בע""מ חיפה נמל הדוח השנתי לשנת 2020.pdf",55-56,"Note 8 Fixed assets, net",ppe_rollforward,"מלאי חלפים עד 15,000 ש""ח לפריט",spare_parts_under_15000,,,accdep_open,0.0,,NIS_thousands,NIS,year,,2020,,high,yes,yes,yes,Extracted from 2020 annual report fixed-asset table.
HPC_2020_AR_2020_spare_parts_under_15000_accdep_depreciation,HPC,2020,HPC_2020_AR,"חברת נמל חיפה בע""מ חיפה נמל הדוח השנתי לשנת 2020.pdf","חברת נמל חיפה בע""מ חיפה נמל הדוח השנתי לשנת 2020.pdf",55-56,"Note 8 Fixed assets, net",ppe_rollforward,"מלאי חלפים עד 15,000 ש""ח לפריט",spare_parts_under_15000,,,accdep_depreciation,0.0,,NIS_thousands,NIS,year,,2020,,high,yes,yes,yes,Extracted from 2020 annual report fixed-asset table.
HPC_2020_AR_2020_spare_parts_under_15000_accdep_transfers_other,HPC,2020,HPC_2020_AR,"חברת נמל חיפה בע""מ חיפה נמל הדוח השנתי לשנת 2020.pdf","חברת נמל חיפה בע""מ חיפה נמל הדוח השנתי לשנת 2020.pdf",55-56,"Note 8 Fixed assets, net",ppe_rollforward,"מלאי חלפים עד 15,000 ש""ח לפריט",spare_parts_under_15000,,,accdep_transfers_other,0.0,,NIS_thousands,NIS,year,,2020,,high,yes,yes,yes,Extracted from 2020 annual report fixed-asset table.
HPC_2020_AR_2020_spare_parts_under_15000_accdep_disposals,HPC,2020,HPC_2020_AR,"חברת נמל חיפה בע""מ חיפה נמל הדוח השנתי לשנת 2020.pdf","חברת נמל חיפה בע""מ חיפה נמל הדוח השנתי לשנת 2020.pdf",55-56,"Note 8 Fixed assets, net",ppe_rollforward,"מלאי חלפים עד 15,000 ש""ח לפריט",spare_parts_under_15000,,,accdep_disposals,0.0,,NIS_thousands,NIS,year,,2020,,high,yes,yes,yes,Extracted from 2020 annual report fixed-asset table.
HPC_2020_AR_2020_spare_parts_under_15000_accdep_transfer_held_for_sale,HPC,2020,HPC_2020_AR,"חברת נמל חיפה בע""מ חיפה נמל הדוח השנתי לשנת 2020.pdf","חברת נמל חיפה בע""מ חיפה נמל הדוח השנתי לשנת 2020.pdf",55-56,"Note 8 Fixed assets, net",ppe_rollforward,"מלאי חלפים עד 15,000 ש""ח לפריט",spare_parts_under_15000,,,accdep_transfer_held_for_sale,0.0,,NIS_thousands,NIS,year,,2020,,high,yes,yes,yes,Extracted from 2020 annual report fixed-asset table.
HPC_2020_AR_2020_spare_parts_under_15000_accdep_transfer_discontinued_ops,HPC,2020,HPC_2020_AR,"חברת נמל חיפה בע""מ חיפה נמל הדוח השנתי לשנת 2020.pdf","חברת נמל חיפה בע""מ חיפה נמל הדוח השנתי לשנת 2020.pdf",55-56,"Note 8 Fixed assets, net",ppe_rollforward,"מלאי חלפים עד 15,000 ש""ח לפריט",spare_parts_under_15000,,,accdep_transfer_discontinued_ops,0.0,,NIS_thousands,NIS,year,,2020,,high,yes,yes,yes,Extracted from 2020 annual report fixed-asset table.
HPC_2020_AR_2020_spare_parts_under_15000_accdep_close,HPC,2020,HPC_2020_AR,"חברת נמל חיפה בע""מ חיפה נמל הדוח השנתי לשנת 2020.pdf","חברת נמל חיפה בע""מ חיפה נמל הדוח השנתי לשנת 2020.pdf",55-56,"Note 8 Fixed assets, net",ppe_rollforward,"מלאי חלפים עד 15,000 ש""ח לפריט",spare_parts_under_15000,,,accdep_close,0.0,,NIS_thousands,NIS,year,,2020,,high,yes,yes,yes,Extracted from 2020 annual report fixed-asset table.
HPC_2020_AR_2020_spare_parts_under_15000_net_ppe_close,HPC,2020,HPC_2020_AR,"חברת נמל חיפה בע""מ חיפה נמל הדוח השנתי לשנת 2020.pdf","חברת נמל חיפה בע""מ חיפה נמל הדוח השנתי לשנת 2020.pdf",55-56,"Note 8 Fixed assets, net",ppe_rollforward,"מלאי חלפים עד 15,000 ש""ח לפריט",spare_parts_under_15000,,,net_ppe_close,39167.0,,NIS_thousands,NIS,year,,2020,,high,yes,yes,yes,Extracted from 2020 annual report fixed-asset table.
HPC_2020_AR_2020_payments_on_account_fixed_assets,HPC,2020,HPC_2020_AR,"חברת נמל חיפה בע""מ חיפה נמל הדוח השנתי לשנת 2020.pdf","חברת נמל חיפה בע""מ חיפה נמל הדוח השנתי לשנת 2020.pdf",56,Note 8(c) payments on account of purchase of fixed assets,wip_indicator,,,,,payments_on_account_purchase_fixed_assets,16070.0,,NIS_thousands,NIS,year,,2020,,high,no,no,yes,Cost as of Dec 31 2020 includes payments on account for purchase of fixed assets.
HPC_2020_AR_2020_cum_accounting_depreciation,HPC,2020,HPC_2020_AR,"חברת נמל חיפה בע""מ חיפה נמל הדוח השנתי לשנת 2020.pdf","חברת נמל חיפה בע""מ חיפה נמל הדוח השנתי לשנת 2020.pdf",56,Note 8(d) asset renewal fund,renewal_fund_note,,,,,cumulative_accounting_depreciation_since_commencement,1186173.0,,NIS_thousands,NIS,year,,2020,,medium,no,no,no,Cumulative accounting depreciation through 2020.
HPC_2020_AR_2020_cum_investment_for_renewal,HPC,2020,HPC_2020_AR,"חברת נמל חיפה בע""מ חיפה נמל הדוח השנתי לשנת 2020.pdf","חברת נמל חיפה בע""מ חיפה נמל הדוח השנתי לשנת 2020.pdf",56,Note 8(d) asset renewal fund,renewal_fund_note,,,,,cumulative_investment_for_renewal_replacement_acquisition_since_commencement,1695984.0,,NIS_thousands,NIS,year,,2020,,medium,no,no,no,Cumulative investment for renewal/replacement/acquisition through 2020.
HPC_2020_AR_2020_held_for_sale_balance,HPC,2020,HPC_2020_AR,"חברת נמל חיפה בע""מ חיפה נמל הדוח השנתי לשנת 2020.pdf","חברת נמל חיפה בע""מ חיפה נמל הדוח השנתי לשנת 2020.pdf",57,Note 8(e) non-current assets held for sale,held_for_sale_note,,held_for_sale_operational_equipment,,,held_for_sale_asset_balance,43.0,,NIS_thousands,NIS,year,,2020,,medium,no,no,no,Realization group balance at Dec 31 2020.
HPC_2020_AR_2020_held_for_sale_remeasurement_gain,HPC,2020,HPC_2020_AR,"חברת נמל חיפה בע""מ חיפה נמל הדוח השנתי לשנת 2020.pdf","חברת נמל חיפה בע""מ חיפה נמל הדוח השנתי לשנת 2020.pdf",57,Note 8(e) non-current assets held for sale,held_for_sale_note,,held_for_sale_operational_equipment,,,held_for_sale_remeasurement_gain,63.0,,NIS_thousands,NIS,year,,2020,,medium,no,no,no,Gain from remeasurement of held-for-sale operational equipment.
HPC_2021_AR_2021_infrastructure_buildings_cost_open,HPC,2021,HPC_2021_AR,"חברת נמל חיפה בע""מ הדוח השנתי לשנת 2021.pdf","חברת נמל חיפה בע""מ הדוח השנתי לשנת 2021.pdf",52-53,"Note 8 Fixed assets, net",ppe_rollforward,תשתיות ומבנים,infrastructure_buildings,,,cost_open,231467.0,,NIS_thousands,NIS,year,,2021,,high,yes,yes,yes,Extracted from 2021 annual report fixed-asset table.
HPC_2021_AR_2021_infrastructure_buildings_cost_additions,HPC,2021,HPC_2021_AR,"חברת נמל חיפה בע""מ הדוח השנתי לשנת 2021.pdf","חברת נמל חיפה בע""מ הדוח השנתי לשנת 2021.pdf",52-53,"Note 8 Fixed assets, net",ppe_rollforward,תשתיות ומבנים,infrastructure_buildings,,,cost_additions,9673.0,,NIS_thousands,NIS,year,,2021,,high,yes,yes,yes,Extracted from 2021 annual report fixed-asset table.
HPC_2021_AR_2021_infrastructure_buildings_cost_transfers_other,HPC,2021,HPC_2021_AR,"חברת נמל חיפה בע""מ הדוח השנתי לשנת 2021.pdf","חברת נמל חיפה בע""מ הדוח השנתי לשנת 2021.pdf",52-53,"Note 8 Fixed assets, net",ppe_rollforward,תשתיות ומבנים,infrastructure_buildings,,,cost_transfers_other,1487.0,,NIS_thousands,NIS,year,,2021,,high,yes,yes,yes,Extracted from 2021 annual report fixed-asset table.
HPC_2021_AR_2021_infrastructure_buildings_cost_disposals,HPC,2021,HPC_2021_AR,"חברת נמל חיפה בע""מ הדוח השנתי לשנת 2021.pdf","חברת נמל חיפה בע""מ הדוח השנתי לשנת 2021.pdf",52-53,"Note 8 Fixed assets, net",ppe_rollforward,תשתיות ומבנים,infrastructure_buildings,,,cost_disposals,-2148.0,,NIS_thousands,NIS,year,,2021,,high,yes,yes,yes,Extracted from 2021 annual report fixed-asset table.
HPC_2021_AR_2021_infrastructure_buildings_cost_transfer_held_for_sale,HPC,2021,HPC_2021_AR,"חברת נמל חיפה בע""מ הדוח השנתי לשנת 2021.pdf","חברת נמל חיפה בע""מ הדוח השנתי לשנת 2021.pdf",52-53,"Note 8 Fixed assets, net",ppe_rollforward,תשתיות ומבנים,infrastructure_buildings,,,cost_transfer_held_for_sale,0.0,,NIS_thousands,NIS,year,,2021,,high,yes,yes,yes,Extracted from 2021 annual report fixed-asset table.
HPC_2021_AR_2021_infrastructure_buildings_cost_impairment_change,HPC,2021,HPC_2021_AR,"חברת נמל חיפה בע""מ הדוח השנתי לשנת 2021.pdf","חברת נמל חיפה בע""מ הדוח השנתי לשנת 2021.pdf",52-53,"Note 8 Fixed assets, net",ppe_rollforward,תשתיות ומבנים,infrastructure_buildings,,,cost_impairment_change,0.0,,NIS_thousands,NIS,year,,2021,,high,yes,yes,yes,Extracted from 2021 annual report fixed-asset table.
HPC_2021_AR_2021_infrastructure_buildings_cost_close,HPC,2021,HPC_2021_AR,"חברת נמל חיפה בע""מ הדוח השנתי לשנת 2021.pdf","חברת נמל חיפה בע""מ הדוח השנתי לשנת 2021.pdf",52-53,"Note 8 Fixed assets, net",ppe_rollforward,תשתיות ומבנים,infrastructure_buildings,,,cost_close,240479.0,,NIS_thousands,NIS,year,,2021,,high,yes,yes,yes,Extracted from 2021 annual report fixed-asset table.
HPC_2021_AR_2021_infrastructure_buildings_accdep_open,HPC,2021,HPC_2021_AR,"חברת נמל חיפה בע""מ הדוח השנתי לשנת 2021.pdf","חברת נמל חיפה בע""מ הדוח השנתי לשנת 2021.pdf",52-53,"Note 8 Fixed assets, net",ppe_rollforward,תשתיות ומבנים,infrastructure_buildings,,,accdep_open,78165.0,,NIS_thousands,NIS,year,,2021,,high,yes,yes,yes,Extracted from 2021 annual report fixed-asset table.
HPC_2021_AR_2021_infrastructure_buildings_accdep_depreciation,HPC,2021,HPC_2021_AR,"חברת נמל חיפה בע""מ הדוח השנתי לשנת 2021.pdf","חברת נמל חיפה בע""מ הדוח השנתי לשנת 2021.pdf",52-53,"Note 8 Fixed assets, net",ppe_rollforward,תשתיות ומבנים,infrastructure_buildings,,,accdep_depreciation,11597.0,,NIS_thousands,NIS,year,,2021,,high,yes,yes,yes,Extracted from 2021 annual report fixed-asset table.
HPC_2021_AR_2021_infrastructure_buildings_accdep_transfers_other,HPC,2021,HPC_2021_AR,"חברת נמל חיפה בע""מ הדוח השנתי לשנת 2021.pdf","חברת נמל חיפה בע""מ הדוח השנתי לשנת 2021.pdf",52-53,"Note 8 Fixed assets, net",ppe_rollforward,תשתיות ומבנים,infrastructure_buildings,,,accdep_transfers_other,1540.0,,NIS_thousands,NIS,year,,2021,,high,yes,yes,yes,Extracted from 2021 annual report fixed-asset table.
HPC_2021_AR_2021_infrastructure_buildings_accdep_disposals,HPC,2021,HPC_2021_AR,"חברת נמל חיפה בע""מ הדוח השנתי לשנת 2021.pdf","חברת נמל חיפה בע""מ הדוח השנתי לשנת 2021.pdf",52-53,"Note 8 Fixed assets, net",ppe_rollforward,תשתיות ומבנים,infrastructure_buildings,,,accdep_disposals,-2148.0,,NIS_thousands,NIS,year,,2021,,high,yes,yes,yes,Extracted from 2021 annual report fixed-asset table.
HPC_2021_AR_2021_infrastructure_buildings_accdep_transfer_held_for_sale,HPC,2021,HPC_2021_AR,"חברת נמל חיפה בע""מ הדוח השנתי לשנת 2021.pdf","חברת נמל חיפה בע""מ הדוח השנתי לשנת 2021.pdf",52-53,"Note 8 Fixed assets, net",ppe_rollforward,תשתיות ומבנים,infrastructure_buildings,,,accdep_transfer_held_for_sale,0.0,,NIS_thousands,NIS,year,,2021,,high,yes,yes,yes,Extracted from 2021 annual report fixed-asset table.
HPC_2021_AR_2021_infrastructure_buildings_accdep_close,HPC,2021,HPC_2021_AR,"חברת נמל חיפה בע""מ הדוח השנתי לשנת 2021.pdf","חברת נמל חיפה בע""מ הדוח השנתי לשנת 2021.pdf",52-53,"Note 8 Fixed assets, net",ppe_rollforward,תשתיות ומבנים,infrastructure_buildings,,,accdep_close,89154.0,,NIS_thousands,NIS,year,,2021,,high,yes,yes,yes,Extracted from 2021 annual report fixed-asset table.
HPC_2021_AR_2021_infrastructure_buildings_net_ppe_close,HPC,2021,HPC_2021_AR,"חברת נמל חיפה בע""מ הדוח השנתי לשנת 2021.pdf","חברת נמל חיפה בע""מ הדוח השנתי לשנת 2021.pdf",52-53,"Note 8 Fixed assets, net",ppe_rollforward,תשתיות ומבנים,infrastructure_buildings,,,net_ppe_close,151325.0,,NIS_thousands,NIS,year,,2021,,high,yes,yes,yes,Extracted from 2021 annual report fixed-asset table.
HPC_2021_AR_2021_equipment_cost_open,HPC,2021,HPC_2021_AR,"חברת נמל חיפה בע""מ הדוח השנתי לשנת 2021.pdf","חברת נמל חיפה בע""מ הדוח השנתי לשנת 2021.pdf",52-53,"Note 8 Fixed assets, net",ppe_rollforward,ציוד,equipment,,,cost_open,1513478.0,,NIS_thousands,NIS,year,,2021,,high,yes,yes,yes,Extracted from 2021 annual report fixed-asset table.
HPC_2021_AR_2021_equipment_cost_additions,HPC,2021,HPC_2021_AR,"חברת נמל חיפה בע""מ הדוח השנתי לשנת 2021.pdf","חברת נמל חיפה בע""מ הדוח השנתי לשנת 2021.pdf",52-53,"Note 8 Fixed assets, net",ppe_rollforward,ציוד,equipment,,,cost_additions,63474.0,,NIS_thousands,NIS,year,,2021,,high,yes,yes,yes,Extracted from 2021 annual report fixed-asset table.
HPC_2021_AR_2021_equipment_cost_transfers_other,HPC,2021,HPC_2021_AR,"חברת נמל חיפה בע""מ הדוח השנתי לשנת 2021.pdf","חברת נמל חיפה בע""מ הדוח השנתי לשנת 2021.pdf",52-53,"Note 8 Fixed assets, net",ppe_rollforward,ציוד,equipment,,,cost_transfers_other,-798.0,,NIS_thousands,NIS,year,,2021,,high,yes,yes,yes,Extracted from 2021 annual report fixed-asset table.
HPC_2021_AR_2021_equipment_cost_disposals,HPC,2021,HPC_2021_AR,"חברת נמל חיפה בע""מ הדוח השנתי לשנת 2021.pdf","חברת נמל חיפה בע""מ הדוח השנתי לשנת 2021.pdf",52-53,"Note 8 Fixed assets, net",ppe_rollforward,ציוד,equipment,,,cost_disposals,-10387.0,,NIS_thousands,NIS,year,,2021,,high,yes,yes,yes,Extracted from 2021 annual report fixed-asset table.
HPC_2021_AR_2021_equipment_cost_transfer_held_for_sale,HPC,2021,HPC_2021_AR,"חברת נמל חיפה בע""מ הדוח השנתי לשנת 2021.pdf","חברת נמל חיפה בע""מ הדוח השנתי לשנת 2021.pdf",52-53,"Note 8 Fixed assets, net",ppe_rollforward,ציוד,equipment,,,cost_transfer_held_for_sale,-1051.0,,NIS_thousands,NIS,year,,2021,,high,yes,yes,yes,Extracted from 2021 annual report fixed-asset table.
HPC_2021_AR_2021_equipment_cost_impairment_change,HPC,2021,HPC_2021_AR,"חברת נמל חיפה בע""מ הדוח השנתי לשנת 2021.pdf","חברת נמל חיפה בע""מ הדוח השנתי לשנת 2021.pdf",52-53,"Note 8 Fixed assets, net",ppe_rollforward,ציוד,equipment,,,cost_impairment_change,-501.0,,NIS_thousands,NIS,year,,2021,,high,yes,yes,yes,Extracted from 2021 annual report fixed-asset table.
HPC_2021_AR_2021_equipment_cost_close,HPC,2021,HPC_2021_AR,"חברת נמל חיפה בע""מ הדוח השנתי לשנת 2021.pdf","חברת נמל חיפה בע""מ הדוח השנתי לשנת 2021.pdf",52-53,"Note 8 Fixed assets, net",ppe_rollforward,ציוד,equipment,,,cost_close,1564215.0,,NIS_thousands,NIS,year,,2021,,high,yes,yes,yes,Extracted from 2021 annual report fixed-asset table.
HPC_2021_AR_2021_equipment_accdep_open,HPC,2021,HPC_2021_AR,"חברת נמל חיפה בע""מ הדוח השנתי לשנת 2021.pdf","חברת נמל חיפה בע""מ הדוח השנתי לשנת 2021.pdf",52-53,"Note 8 Fixed assets, net",ppe_rollforward,ציוד,equipment,,,accdep_open,749772.0,,NIS_thousands,NIS,year,,2021,,high,yes,yes,yes,Extracted from 2021 annual report fixed-asset table.
HPC_2021_AR_2021_equipment_accdep_depreciation,HPC,2021,HPC_2021_AR,"חברת נמל חיפה בע""מ הדוח השנתי לשנת 2021.pdf","חברת נמל חיפה בע""מ הדוח השנתי לשנת 2021.pdf",52-53,"Note 8 Fixed assets, net",ppe_rollforward,ציוד,equipment,,,accdep_depreciation,51680.0,,NIS_thousands,NIS,year,,2021,,high,yes,yes,yes,Extracted from 2021 annual report fixed-asset table.
HPC_2021_AR_2021_equipment_accdep_transfers_other,HPC,2021,HPC_2021_AR,"חברת נמל חיפה בע""מ הדוח השנתי לשנת 2021.pdf","חברת נמל חיפה בע""מ הדוח השנתי לשנת 2021.pdf",52-53,"Note 8 Fixed assets, net",ppe_rollforward,ציוד,equipment,,,accdep_transfers_other,-1767.0,,NIS_thousands,NIS,year,,2021,,high,yes,yes,yes,Extracted from 2021 annual report fixed-asset table.
HPC_2021_AR_2021_equipment_accdep_disposals,HPC,2021,HPC_2021_AR,"חברת נמל חיפה בע""מ הדוח השנתי לשנת 2021.pdf","חברת נמל חיפה בע""מ הדוח השנתי לשנת 2021.pdf",52-53,"Note 8 Fixed assets, net",ppe_rollforward,ציוד,equipment,,,accdep_disposals,-9473.0,,NIS_thousands,NIS,year,,2021,,high,yes,yes,yes,Extracted from 2021 annual report fixed-asset table.
HPC_2021_AR_2021_equipment_accdep_transfer_held_for_sale,HPC,2021,HPC_2021_AR,"חברת נמל חיפה בע""מ הדוח השנתי לשנת 2021.pdf","חברת נמל חיפה בע""מ הדוח השנתי לשנת 2021.pdf",52-53,"Note 8 Fixed assets, net",ppe_rollforward,ציוד,equipment,,,accdep_transfer_held_for_sale,-1094.0,,NIS_thousands,NIS,year,,2021,,high,yes,yes,yes,Extracted from 2021 annual report fixed-asset table.
HPC_2021_AR_2021_equipment_accdep_close,HPC,2021,HPC_2021_AR,"חברת נמל חיפה בע""מ הדוח השנתי לשנת 2021.pdf","חברת נמל חיפה בע""מ הדוח השנתי לשנת 2021.pdf",52-53,"Note 8 Fixed assets, net",ppe_rollforward,ציוד,equipment,,,accdep_close,789118.0,,NIS_thousands,NIS,year,,2021,,high,yes,yes,yes,Extracted from 2021 annual report fixed-asset table.
HPC_2021_AR_2021_equipment_net_ppe_close,HPC,2021,HPC_2021_AR,"חברת נמל חיפה בע""מ הדוח השנתי לשנת 2021.pdf","חברת נמל חיפה בע""מ הדוח השנתי לשנת 2021.pdf",52-53,"Note 8 Fixed assets, net",ppe_rollforward,ציוד,equipment,,,net_ppe_close,775097.0,,NIS_thousands,NIS,year,,2021,,high,yes,yes,yes,Extracted from 2021 annual report fixed-asset table.
HPC_2021_AR_2021_spare_parts_over_15000_cost_open,HPC,2021,HPC_2021_AR,"חברת נמל חיפה בע""מ הדוח השנתי לשנת 2021.pdf","חברת נמל חיפה בע""מ הדוח השנתי לשנת 2021.pdf",52-53,"Note 8 Fixed assets, net",ppe_rollforward,"מלאי חלפים מעל 15,000 ש""ח לפריט",spare_parts_over_15000,,,cost_open,38836.0,,NIS_thousands,NIS,year,,2021,,high,yes,yes,yes,Extracted from 2021 annual report fixed-asset table.
HPC_2021_AR_2021_spare_parts_over_15000_cost_additions,HPC,2021,HPC_2021_AR,"חברת נמל חיפה בע""מ הדוח השנתי לשנת 2021.pdf","חברת נמל חיפה בע""מ הדוח השנתי לשנת 2021.pdf",52-53,"Note 8 Fixed assets, net",ppe_rollforward,"מלאי חלפים מעל 15,000 ש""ח לפריט",spare_parts_over_15000,,,cost_additions,1144.0,,NIS_thousands,NIS,year,,2021,,high,yes,yes,yes,Extracted from 2021 annual report fixed-asset table.
HPC_2021_AR_2021_spare_parts_over_15000_cost_transfers_other,HPC,2021,HPC_2021_AR,"חברת נמל חיפה בע""מ הדוח השנתי לשנת 2021.pdf","חברת נמל חיפה בע""מ הדוח השנתי לשנת 2021.pdf",52-53,"Note 8 Fixed assets, net",ppe_rollforward,"מלאי חלפים מעל 15,000 ש""ח לפריט",spare_parts_over_15000,,,cost_transfers_other,-689.0,,NIS_thousands,NIS,year,,2021,,high,yes,yes,yes,Extracted from 2021 annual report fixed-asset table.
HPC_2021_AR_2021_spare_parts_over_15000_cost_disposals,HPC,2021,HPC_2021_AR,"חברת נמל חיפה בע""מ הדוח השנתי לשנת 2021.pdf","חברת נמל חיפה בע""מ הדוח השנתי לשנת 2021.pdf",52-53,"Note 8 Fixed assets, net",ppe_rollforward,"מלאי חלפים מעל 15,000 ש""ח לפריט",spare_parts_over_15000,,,cost_disposals,0.0,,NIS_thousands,NIS,year,,2021,,high,yes,yes,yes,Extracted from 2021 annual report fixed-asset table.
HPC_2021_AR_2021_spare_parts_over_15000_cost_transfer_held_for_sale,HPC,2021,HPC_2021_AR,"חברת נמל חיפה בע""מ הדוח השנתי לשנת 2021.pdf","חברת נמל חיפה בע""מ הדוח השנתי לשנת 2021.pdf",52-53,"Note 8 Fixed assets, net",ppe_rollforward,"מלאי חלפים מעל 15,000 ש""ח לפריט",spare_parts_over_15000,,,cost_transfer_held_for_sale,0.0,,NIS_thousands,NIS,year,,2021,,high,yes,yes,yes,Extracted from 2021 annual report fixed-asset table.
HPC_2021_AR_2021_spare_parts_over_15000_cost_impairment_change,HPC,2021,HPC_2021_AR,"חברת נמל חיפה בע""מ הדוח השנתי לשנת 2021.pdf","חברת נמל חיפה בע""מ הדוח השנתי לשנת 2021.pdf",52-53,"Note 8 Fixed assets, net",ppe_rollforward,"מלאי חלפים מעל 15,000 ש""ח לפריט",spare_parts_over_15000,,,cost_impairment_change,0.0,,NIS_thousands,NIS,year,,2021,,high,yes,yes,yes,Extracted from 2021 annual report fixed-asset table.
HPC_2021_AR_2021_spare_parts_over_15000_cost_close,HPC,2021,HPC_2021_AR,"חברת נמל חיפה בע""מ הדוח השנתי לשנת 2021.pdf","חברת נמל חיפה בע""מ הדוח השנתי לשנת 2021.pdf",52-53,"Note 8 Fixed assets, net",ppe_rollforward,"מלאי חלפים מעל 15,000 ש""ח לפריט",spare_parts_over_15000,,,cost_close,39291.0,,NIS_thousands,NIS,year,,2021,,high,yes,yes,yes,Extracted from 2021 annual report fixed-asset table.
HPC_2021_AR_2021_spare_parts_over_15000_accdep_open,HPC,2021,HPC_2021_AR,"חברת נמל חיפה בע""מ הדוח השנתי לשנת 2021.pdf","חברת נמל חיפה בע""מ הדוח השנתי לשנת 2021.pdf",52-53,"Note 8 Fixed assets, net",ppe_rollforward,"מלאי חלפים מעל 15,000 ש""ח לפריט",spare_parts_over_15000,,,accdep_open,7238.0,,NIS_thousands,NIS,year,,2021,,high,yes,yes,yes,Extracted from 2021 annual report fixed-asset table.
HPC_2021_AR_2021_spare_parts_over_15000_accdep_depreciation,HPC,2021,HPC_2021_AR,"חברת נמל חיפה בע""מ הדוח השנתי לשנת 2021.pdf","חברת נמל חיפה בע""מ הדוח השנתי לשנת 2021.pdf",52-53,"Note 8 Fixed assets, net",ppe_rollforward,"מלאי חלפים מעל 15,000 ש""ח לפריט",spare_parts_over_15000,,,accdep_depreciation,0.0,,NIS_thousands,NIS,year,,2021,,high,yes,yes,yes,Extracted from 2021 annual report fixed-asset table.
HPC_2021_AR_2021_spare_parts_over_15000_accdep_transfers_other,HPC,2021,HPC_2021_AR,"חברת נמל חיפה בע""מ הדוח השנתי לשנת 2021.pdf","חברת נמל חיפה בע""מ הדוח השנתי לשנת 2021.pdf",52-53,"Note 8 Fixed assets, net",ppe_rollforward,"מלאי חלפים מעל 15,000 ש""ח לפריט",spare_parts_over_15000,,,accdep_transfers_other,227.0,,NIS_thousands,NIS,year,,2021,,high,yes,yes,yes,Extracted from 2021 annual report fixed-asset table.
HPC_2021_AR_2021_spare_parts_over_15000_accdep_disposals,HPC,2021,HPC_2021_AR,"חברת נמל חיפה בע""מ הדוח השנתי לשנת 2021.pdf","חברת נמל חיפה בע""מ הדוח השנתי לשנת 2021.pdf",52-53,"Note 8 Fixed assets, net",ppe_rollforward,"מלאי חלפים מעל 15,000 ש""ח לפריט",spare_parts_over_15000,,,accdep_disposals,0.0,,NIS_thousands,NIS,year,,2021,,high,yes,yes,yes,Extracted from 2021 annual report fixed-asset table.
HPC_2021_AR_2021_spare_parts_over_15000_accdep_transfer_held_for_sale,HPC,2021,HPC_2021_AR,"חברת נמל חיפה בע""מ הדוח השנתי לשנת 2021.pdf","חברת נמל חיפה בע""מ הדוח השנתי לשנת 2021.pdf",52-53,"Note 8 Fixed assets, net",ppe_rollforward,"מלאי חלפים מעל 15,000 ש""ח לפריט",spare_parts_over_15000,,,accdep_transfer_held_for_sale,0.0,,NIS_thousands,NIS,year,,2021,,high,yes,yes,yes,Extracted from 2021 annual report fixed-asset table.
HPC_2021_AR_2021_spare_parts_over_15000_accdep_close,HPC,2021,HPC_2021_AR,"חברת נמל חיפה בע""מ הדוח השנתי לשנת 2021.pdf","חברת נמל חיפה בע""מ הדוח השנתי לשנת 2021.pdf",52-53,"Note 8 Fixed assets, net",ppe_rollforward,"מלאי חלפים מעל 15,000 ש""ח לפריט",spare_parts_over_15000,,,accdep_close,7465.0,,NIS_thousands,NIS,year,,2021,,high,yes,yes,yes,Extracted from 2021 annual report fixed-asset table.
HPC_2021_AR_2021_spare_parts_over_15000_net_ppe_close,HPC,2021,HPC_2021_AR,"חברת נמל חיפה בע""מ הדוח השנתי לשנת 2021.pdf","חברת נמל חיפה בע""מ הדוח השנתי לשנת 2021.pdf",52-53,"Note 8 Fixed assets, net",ppe_rollforward,"מלאי חלפים מעל 15,000 ש""ח לפריט",spare_parts_over_15000,,,net_ppe_close,31826.0,,NIS_thousands,NIS,year,,2021,,high,yes,yes,yes,Extracted from 2021 annual report fixed-asset table.
HPC_2021_AR_2021_spare_parts_under_15000_cost_open,HPC,2021,HPC_2021_AR,"חברת נמל חיפה בע""מ הדוח השנתי לשנת 2021.pdf","חברת נמל חיפה בע""מ הדוח השנתי לשנת 2021.pdf",52-53,"Note 8 Fixed assets, net",ppe_rollforward,"מלאי חלפים עד 15,000 ש""ח לפריט",spare_parts_under_15000,,,cost_open,39167.0,,NIS_thousands,NIS,year,,2021,,high,yes,yes,yes,Extracted from 2021 annual report fixed-asset table.
HPC_2021_AR_2021_spare_parts_under_15000_cost_additions,HPC,2021,HPC_2021_AR,"חברת נמל חיפה בע""מ הדוח השנתי לשנת 2021.pdf","חברת נמל חיפה בע""מ הדוח השנתי לשנת 2021.pdf",52-53,"Note 8 Fixed assets, net",ppe_rollforward,"מלאי חלפים עד 15,000 ש""ח לפריט",spare_parts_under_15000,,,cost_additions,931.0,,NIS_thousands,NIS,year,,2021,,high,yes,yes,yes,Extracted from 2021 annual report fixed-asset table.
HPC_2021_AR_2021_spare_parts_under_15000_cost_transfers_other,HPC,2021,HPC_2021_AR,"חברת נמל חיפה בע""מ הדוח השנתי לשנת 2021.pdf","חברת נמל חיפה בע""מ הדוח השנתי לשנת 2021.pdf",52-53,"Note 8 Fixed assets, net",ppe_rollforward,"מלאי חלפים עד 15,000 ש""ח לפריט",spare_parts_under_15000,,,cost_transfers_other,0.0,,NIS_thousands,NIS,year,,2021,,high,yes,yes,yes,Extracted from 2021 annual report fixed-asset table.
HPC_2021_AR_2021_spare_parts_under_15000_cost_disposals,HPC,2021,HPC_2021_AR,"חברת נמל חיפה בע""מ הדוח השנתי לשנת 2021.pdf","חברת נמל חיפה בע""מ הדוח השנתי לשנת 2021.pdf",52-53,"Note 8 Fixed assets, net",ppe_rollforward,"מלאי חלפים עד 15,000 ש""ח לפריט",spare_parts_under_15000,,,cost_disposals,0.0,,NIS_thousands,NIS,year,,2021,,high,yes,yes,yes,Extracted from 2021 annual report fixed-asset table.
HPC_2021_AR_2021_spare_parts_under_15000_cost_transfer_held_for_sale,HPC,2021,HPC_2021_AR,"חברת נמל חיפה בע""מ הדוח השנתי לשנת 2021.pdf","חברת נמל חיפה בע""מ הדוח השנתי לשנת 2021.pdf",52-53,"Note 8 Fixed assets, net",ppe_rollforward,"מלאי חלפים עד 15,000 ש""ח לפריט",spare_parts_under_15000,,,cost_transfer_held_for_sale,0.0,,NIS_thousands,NIS,year,,2021,,high,yes,yes,yes,Extracted from 2021 annual report fixed-asset table.
HPC_2021_AR_2021_spare_parts_under_15000_cost_impairment_change,HPC,2021,HPC_2021_AR,"חברת נמל חיפה בע""מ הדוח השנתי לשנת 2021.pdf","חברת נמל חיפה בע""מ הדוח השנתי לשנת 2021.pdf",52-53,"Note 8 Fixed assets, net",ppe_rollforward,"מלאי חלפים עד 15,000 ש""ח לפריט",spare_parts_under_15000,,,cost_impairment_change,0.0,,NIS_thousands,NIS,year,,2021,,high,yes,yes,yes,Extracted from 2021 annual report fixed-asset table.
HPC_2021_AR_2021_spare_parts_under_15000_cost_close,HPC,2021,HPC_2021_AR,"חברת נמל חיפה בע""מ הדוח השנתי לשנת 2021.pdf","חברת נמל חיפה בע""מ הדוח השנתי לשנת 2021.pdf",52-53,"Note 8 Fixed assets, net",ppe_rollforward,"מלאי חלפים עד 15,000 ש""ח לפריט",spare_parts_under_15000,,,cost_close,40098.0,,NIS_thousands,NIS,year,,2021,,high,yes,yes,yes,Extracted from 2021 annual report fixed-asset table.
HPC_2021_AR_2021_spare_parts_under_15000_accdep_open,HPC,2021,HPC_2021_AR,"חברת נמל חיפה בע""מ הדוח השנתי לשנת 2021.pdf","חברת נמל חיפה בע""מ הדוח השנתי לשנת 2021.pdf",52-53,"Note 8 Fixed assets, net",ppe_rollforward,"מלאי חלפים עד 15,000 ש""ח לפריט",spare_parts_under_15000,,,accdep_open,0.0,,NIS_thousands,NIS,year,,2021,,high,yes,yes,yes,Extracted from 2021 annual report fixed-asset table.
HPC_2021_AR_2021_spare_parts_under_15000_accdep_depreciation,HPC,2021,HPC_2021_AR,"חברת נמל חיפה בע""מ הדוח השנתי לשנת 2021.pdf","חברת נמל חיפה בע""מ הדוח השנתי לשנת 2021.pdf",52-53,"Note 8 Fixed assets, net",ppe_rollforward,"מלאי חלפים עד 15,000 ש""ח לפריט",spare_parts_under_15000,,,accdep_depreciation,0.0,,NIS_thousands,NIS,year,,2021,,high,yes,yes,yes,Extracted from 2021 annual report fixed-asset table.
HPC_2021_AR_2021_spare_parts_under_15000_accdep_transfers_other,HPC,2021,HPC_2021_AR,"חברת נמל חיפה בע""מ הדוח השנתי לשנת 2021.pdf","חברת נמל חיפה בע""מ הדוח השנתי לשנת 2021.pdf",52-53,"Note 8 Fixed assets, net",ppe_rollforward,"מלאי חלפים עד 15,000 ש""ח לפריט",spare_parts_under_15000,,,accdep_transfers_other,0.0,,NIS_thousands,NIS,year,,2021,,high,yes,yes,yes,Extracted from 2021 annual report fixed-asset table.
HPC_2021_AR_2021_spare_parts_under_15000_accdep_disposals,HPC,2021,HPC_2021_AR,"חברת נמל חיפה בע""מ הדוח השנתי לשנת 2021.pdf","חברת נמל חיפה בע""מ הדוח השנתי לשנת 2021.pdf",52-53,"Note 8 Fixed assets, net",ppe_rollforward,"מלאי חלפים עד 15,000 ש""ח לפריט",spare_parts_under_15000,,,accdep_disposals,0.0,,NIS_thousands,NIS,year,,2021,,high,yes,yes,yes,Extracted from 2021 annual report fixed-asset table.
HPC_2021_AR_2021_spare_parts_under_15000_accdep_transfer_held_for_sale,HPC,2021,HPC_2021_AR,"חברת נמל חיפה בע""מ הדוח השנתי לשנת 2021.pdf","חברת נמל חיפה בע""מ הדוח השנתי לשנת 2021.pdf",52-53,"Note 8 Fixed assets, net",ppe_rollforward,"מלאי חלפים עד 15,000 ש""ח לפריט",spare_parts_under_15000,,,accdep_transfer_held_for_sale,0.0,,NIS_thousands,NIS,year,,2021,,high,yes,yes,yes,Extracted from 2021 annual report fixed-asset table.
HPC_2021_AR_2021_spare_parts_under_15000_accdep_close,HPC,2021,HPC_2021_AR,"חברת נמל חיפה בע""מ הדוח השנתי לשנת 2021.pdf","חברת נמל חיפה בע""מ הדוח השנתי לשנת 2021.pdf",52-53,"Note 8 Fixed assets, net",ppe_rollforward,"מלאי חלפים עד 15,000 ש""ח לפריט",spare_parts_under_15000,,,accdep_close,0.0,,NIS_thousands,NIS,year,,2021,,high,yes,yes,yes,Extracted from 2021 annual report fixed-asset table.
HPC_2021_AR_2021_spare_parts_under_15000_net_ppe_close,HPC,2021,HPC_2021_AR,"חברת נמל חיפה בע""מ הדוח השנתי לשנת 2021.pdf","חברת נמל חיפה בע""מ הדוח השנתי לשנת 2021.pdf",52-53,"Note 8 Fixed assets, net",ppe_rollforward,"מלאי חלפים עד 15,000 ש""ח לפריט",spare_parts_under_15000,,,net_ppe_close,40098.0,,NIS_thousands,NIS,year,,2021,,high,yes,yes,yes,Extracted from 2021 annual report fixed-asset table.
HPC_2021_AR_2021_payments_on_account_fixed_assets,HPC,2021,HPC_2021_AR,"חברת נמל חיפה בע""מ הדוח השנתי לשנת 2021.pdf","חברת נמל חיפה בע""מ הדוח השנתי לשנת 2021.pdf",53,Note 8(c) payments on account of purchase of fixed assets,wip_indicator,,,,,payments_on_account_purchase_fixed_assets,37381.0,,NIS_thousands,NIS,year,,2021,,high,no,no,yes,Cost as of Dec 31 2021 includes payments on account for purchase of fixed assets.
HPC_2021_AR_2021_cum_accounting_depreciation,HPC,2021,HPC_2021_AR,"חברת נמל חיפה בע""מ הדוח השנתי לשנת 2021.pdf","חברת נמל חיפה בע""מ הדוח השנתי לשנת 2021.pdf",53,Note 8(d) asset renewal fund,renewal_fund_note,,,,,cumulative_accounting_depreciation_since_commencement,1253130.0,,NIS_thousands,NIS,year,,2021,,medium,no,no,no,Cumulative accounting depreciation through 2021.
HPC_2021_AR_2021_cum_investment_for_renewal,HPC,2021,HPC_2021_AR,"חברת נמל חיפה בע""מ הדוח השנתי לשנת 2021.pdf","חברת נמל חיפה בע""מ הדוח השנתי לשנת 2021.pdf",53,Note 8(d) asset renewal fund,renewal_fund_note,,,,,cumulative_investment_for_renewal_replacement_acquisition_since_commencement,1773847.0,,NIS_thousands,NIS,year,,2021,,medium,no,no,no,Cumulative investment for renewal/replacement/acquisition through 2021.
HPC_2021_AR_2021_right_of_use_real_estate_cost_open,HPC,2021,HPC_2021_AR,"חברת נמל חיפה בע""מ הדוח השנתי לשנת 2021.pdf","חברת נמל חיפה בע""מ הדוח השנתי לשנת 2021.pdf",55,"Note 8 Fixed assets, net",ppe_rollforward,מקרקעין,right_of_use_real_estate,,,cost_open,167539.0,,NIS_thousands,NIS,year,,2021,,high,yes,yes,yes,Extracted from 2021 annual report lease/right-of-use asset disclosures.
HPC_2021_AR_2021_right_of_use_real_estate_cost_new_leases,HPC,2021,HPC_2021_AR,"חברת נמל חיפה בע""מ הדוח השנתי לשנת 2021.pdf","חברת נמל חיפה בע""מ הדוח השנתי לשנת 2021.pdf",55,"Note 8 Fixed assets, net",ppe_rollforward,מקרקעין,right_of_use_real_estate,,,cost_new_leases,259956.0,,NIS_thousands,NIS,year,,2021,,high,yes,yes,yes,Extracted from 2021 annual report lease/right-of-use asset disclosures.
HPC_2021_AR_2021_right_of_use_real_estate_cost_derecognitions_terminated_leases,HPC,2021,HPC_2021_AR,"חברת נמל חיפה בע""מ הדוח השנתי לשנת 2021.pdf","חברת נמל חיפה בע""מ הדוח השנתי לשנת 2021.pdf",55,"Note 8 Fixed assets, net",ppe_rollforward,מקרקעין,right_of_use_real_estate,,,cost_derecognitions_terminated_leases,0.0,,NIS_thousands,NIS,year,,2021,,high,yes,yes,yes,Extracted from 2021 annual report lease/right-of-use asset disclosures.
HPC_2021_AR_2021_right_of_use_real_estate_cost_close,HPC,2021,HPC_2021_AR,"חברת נמל חיפה בע""מ הדוח השנתי לשנת 2021.pdf","חברת נמל חיפה בע""מ הדוח השנתי לשנת 2021.pdf",55,"Note 8 Fixed assets, net",ppe_rollforward,מקרקעין,right_of_use_real_estate,,,cost_close,427495.0,,NIS_thousands,NIS,year,,2021,,high,yes,yes,yes,Extracted from 2021 annual report lease/right-of-use asset disclosures.
HPC_2021_AR_2021_right_of_use_real_estate_accdep_open,HPC,2021,HPC_2021_AR,"חברת נמל חיפה בע""מ הדוח השנתי לשנת 2021.pdf","חברת נמל חיפה בע""מ הדוח השנתי לשנת 2021.pdf",55,"Note 8 Fixed assets, net",ppe_rollforward,מקרקעין,right_of_use_real_estate,,,accdep_open,0.0,,NIS_thousands,NIS,year,,2021,,high,yes,yes,yes,Extracted from 2021 annual report lease/right-of-use asset disclosures.
HPC_2021_AR_2021_right_of_use_real_estate_accdep_new_leases,HPC,2021,HPC_2021_AR,"חברת נמל חיפה בע""מ הדוח השנתי לשנת 2021.pdf","חברת נמל חיפה בע""מ הדוח השנתי לשנת 2021.pdf",55,"Note 8 Fixed assets, net",ppe_rollforward,מקרקעין,right_of_use_real_estate,,,accdep_new_leases,2786.0,,NIS_thousands,NIS,year,,2021,,high,yes,yes,yes,Extracted from 2021 annual report lease/right-of-use asset disclosures.
HPC_2021_AR_2021_right_of_use_real_estate_accdep_derecognitions_terminated_leases,HPC,2021,HPC_2021_AR,"חברת נמל חיפה בע""מ הדוח השנתי לשנת 2021.pdf","חברת נמל חיפה בע""מ הדוח השנתי לשנת 2021.pdf",55,"Note 8 Fixed assets, net",ppe_rollforward,מקרקעין,right_of_use_real_estate,,,accdep_derecognitions_terminated_leases,0.0,,NIS_thousands,NIS,year,,2021,,high,yes,yes,yes,Extracted from 2021 annual report lease/right-of-use asset disclosures.
HPC_2021_AR_2021_right_of_use_real_estate_accdep_close,HPC,2021,HPC_2021_AR,"חברת נמל חיפה בע""מ הדוח השנתי לשנת 2021.pdf","חברת נמל חיפה בע""מ הדוח השנתי לשנת 2021.pdf",55,"Note 8 Fixed assets, net",ppe_rollforward,מקרקעין,right_of_use_real_estate,,,accdep_close,2786.0,,NIS_thousands,NIS,year,,2021,,high,yes,yes,yes,Extracted from 2021 annual report lease/right-of-use asset disclosures.
HPC_2021_AR_2021_right_of_use_vehicles_cost_open,HPC,2021,HPC_2021_AR,"חברת נמל חיפה בע""מ הדוח השנתי לשנת 2021.pdf","חברת נמל חיפה בע""מ הדוח השנתי לשנת 2021.pdf",55,"Note 8 Fixed assets, net",ppe_rollforward,כלי רכב,right_of_use_vehicles,,,cost_open,7038.0,,NIS_thousands,NIS,year,,2021,,high,yes,yes,yes,Extracted from 2021 annual report lease/right-of-use asset disclosures.
HPC_2021_AR_2021_right_of_use_vehicles_cost_new_leases,HPC,2021,HPC_2021_AR,"חברת נמל חיפה בע""מ הדוח השנתי לשנת 2021.pdf","חברת נמל חיפה בע""מ הדוח השנתי לשנת 2021.pdf",55,"Note 8 Fixed assets, net",ppe_rollforward,כלי רכב,right_of_use_vehicles,,,cost_new_leases,2782.0,,NIS_thousands,NIS,year,,2021,,high,yes,yes,yes,Extracted from 2021 annual report lease/right-of-use asset disclosures.
HPC_2021_AR_2021_right_of_use_vehicles_cost_derecognitions_terminated_leases,HPC,2021,HPC_2021_AR,"חברת נמל חיפה בע""מ הדוח השנתי לשנת 2021.pdf","חברת נמל חיפה בע""מ הדוח השנתי לשנת 2021.pdf",55,"Note 8 Fixed assets, net",ppe_rollforward,כלי רכב,right_of_use_vehicles,,,cost_derecognitions_terminated_leases,-1790.0,,NIS_thousands,NIS,year,,2021,,high,yes,yes,yes,Extracted from 2021 annual report lease/right-of-use asset disclosures.
HPC_2021_AR_2021_right_of_use_vehicles_cost_close,HPC,2021,HPC_2021_AR,"חברת נמל חיפה בע""מ הדוח השנתי לשנת 2021.pdf","חברת נמל חיפה בע""מ הדוח השנתי לשנת 2021.pdf",55,"Note 8 Fixed assets, net",ppe_rollforward,כלי רכב,right_of_use_vehicles,,,cost_close,8030.0,,NIS_thousands,NIS,year,,2021,,high,yes,yes,yes,Extracted from 2021 annual report lease/right-of-use asset disclosures.
HPC_2021_AR_2021_right_of_use_vehicles_accdep_open,HPC,2021,HPC_2021_AR,"חברת נמל חיפה בע""מ הדוח השנתי לשנת 2021.pdf","חברת נמל חיפה בע""מ הדוח השנתי לשנת 2021.pdf",55,"Note 8 Fixed assets, net",ppe_rollforward,כלי רכב,right_of_use_vehicles,,,accdep_open,2763.0,,NIS_thousands,NIS,year,,2021,,high,yes,yes,yes,Extracted from 2021 annual report lease/right-of-use asset disclosures.
HPC_2021_AR_2021_right_of_use_vehicles_accdep_new_leases,HPC,2021,HPC_2021_AR,"חברת נמל חיפה בע""מ הדוח השנתי לשנת 2021.pdf","חברת נמל חיפה בע""מ הדוח השנתי לשנת 2021.pdf",55,"Note 8 Fixed assets, net",ppe_rollforward,כלי רכב,right_of_use_vehicles,,,accdep_new_leases,2537.0,,NIS_thousands,NIS,year,,2021,,high,yes,yes,yes,Extracted from 2021 annual report lease/right-of-use asset disclosures.
HPC_2021_AR_2021_right_of_use_vehicles_accdep_derecognitions_terminated_leases,HPC,2021,HPC_2021_AR,"חברת נמל חיפה בע""מ הדוח השנתי לשנת 2021.pdf","חברת נמל חיפה בע""מ הדוח השנתי לשנת 2021.pdf",55,"Note 8 Fixed assets, net",ppe_rollforward,כלי רכב,right_of_use_vehicles,,,accdep_derecognitions_terminated_leases,-1525.0,,NIS_thousands,NIS,year,,2021,,high,yes,yes,yes,Extracted from 2021 annual report lease/right-of-use asset disclosures.
HPC_2021_AR_2021_right_of_use_vehicles_accdep_close,HPC,2021,HPC_2021_AR,"חברת נמל חיפה בע""מ הדוח השנתי לשנת 2021.pdf","חברת נמל חיפה בע""מ הדוח השנתי לשנת 2021.pdf",55,"Note 8 Fixed assets, net",ppe_rollforward,כלי רכב,right_of_use_vehicles,,,accdep_close,3775.0,,NIS_thousands,NIS,year,,2021,,high,yes,yes,yes,Extracted from 2021 annual report lease/right-of-use asset disclosures.
HPC_2021_AR_lease_prepaid_use_fee_policy,HPC,2021,HPC_2021_AR,"חברת נמל חיפה בע""מ הדוח השנתי לשנת 2021.pdf","חברת נמל חיפה בע""מ הדוח השנתי לשנת 2021.pdf",55,Note 10 leases,timing_policy,land agreement / lease,lease_real_estate,,,lease_term_text,,Legacy prepaid operating lease spread over 49-year authorization period from 17 Feb 2005; 2020 land agreement also referenced.,,,year,,2021,,medium,no,no,yes,Useful for interpreting right-of-use real-estate asset recognition and timing.
HPC_2021_AR_lease_30_vs_49_year_authority_dispute,HPC,2021,HPC_2021_AR,"חברת נמל חיפה בע""מ הדוח השנתי לשנת 2021.pdf","חברת נמל חיפה בע""מ הדוח השנתי לשנת 2021.pdf",55,Note 10 leases,timing_policy,lease accounting life,lease_real_estate,,,companies_authority_position_text,,Companies Authority argued prepaid use fees should be amortized over 30 years rather than 49; company relied on engineering opinion and 2020 land agreement to retain longer life.,,,year,,2021,,medium,no,no,no,Potentially relevant for economic-life assumptions.
HPC_2022Q3_IR_2022_adani_gadot_sale_award,HPC,2022,HPC_2022Q3_IR,companies_data_and_reports_haifaport_financial_report_2022_q3.pdf,companies_data_and_reports_haifaport_financial_report_2022_q3.pdf,25,Note 7 events during the period,corporate_event,,,HPC_Privatization_2022,Award of tender for 100% sale of HPC to Adani-Gadot,tender_value,4100000.0,,NIS_thousands,NIS,year_month,2022-07,2022,2022-07,high,no,no,no,"Not capital stock itself, but important for reform-clock and financing context."
HPC_2022Q3_IR_2022_seafront_compensation_cap,HPC,2022,HPC_2022Q3_IR,companies_data_and_reports_haifaport_financial_report_2022_q3.pdf,companies_data_and_reports_haifaport_financial_report_2022_q3.pdf,26,Note 7 events during the period,project_event,,,HPC_Waterfront_2022,Sea-front agreement / relocation compensation,compensation_cap,150000.0,,NIS_thousands,NIS,year_month,2022-05,2022,2022-05,high,no,no,yes,Sea-front area reduction agreement; compensation may fund relocation/new infrastructure rather than direct current-period K.
HPC_2020_ROADSHOW_proceeds_to_hpc_total,HPC,2020,HPC_2020_ROADSHOW,files_privatizations_hifa-port_eng_HaifaPort_Roadshow.pdf,files_privatizations_hifa-port_eng_HaifaPort_Roadshow.pdf,44,Use of proceeds,planned_capex,,,HPC_Privatization_InvestmentPlan,Planned post-privatization investment into HPC,planned_proceeds_to_hpc_total,1000000.0,,NIS_thousands,NIS,year,,2020,,medium,no,no,yes,"Roadshow states first ILS 1 billion will be invested into HPC; plan-level, not realized capital."
HPC_2020_ROADSHOW_planned_infra_equipment,HPC,2020,HPC_2020_ROADSHOW,files_privatizations_hifa-port_eng_HaifaPort_Roadshow.pdf,files_privatizations_hifa-port_eng_HaifaPort_Roadshow.pdf,44,Use of proceeds,planned_capex,,,HPC_Privatization_InvestmentPlan,Planned post-privatization investment into HPC,planned_infrastructure_and_equipment,400000.0,,NIS_thousands,NIS,year,,2020,,medium,no,no,yes,Roadshow planned use of proceeds: development of infrastructure and equipment.
HPC_2020_ROADSHOW_planned_new_investments_restructuring_financial_robustness,HPC,2020,HPC_2020_ROADSHOW,files_privatizations_hifa-port_eng_HaifaPort_Roadshow.pdf,files_privatizations_hifa-port_eng_HaifaPort_Roadshow.pdf,44,Use of proceeds,planned_capex,,,HPC_Privatization_InvestmentPlan,Planned post-privatization investment into HPC,planned_new_investments_restructuring_financial_robustness,600000.0,,NIS_thousands,NIS,year,,2020,,medium,no,no,yes,Roadshow planned use of proceeds bucket.
HPC_2020_ROADSHOW_HPC_KishonEast_length,HPC,2020,HPC_2020_ROADSHOW,files_privatizations_hifa-port_eng_HaifaPort_Roadshow.pdf,files_privatizations_hifa-port_eng_HaifaPort_Roadshow.pdf,7,Haifa Port Company overview,project_characteristic,Kishon-East Terminal,terminal_infrastructure,HPC_KishonEast,Kishon-East Terminal,terminal_length_m,677.0,,meters,,year,,2020,,medium,no,no,no,Roadshow terminal characteristic.
HPC_2020_ROADSHOW_HPC_KishonEast_depth,HPC,2020,HPC_2020_ROADSHOW,files_privatizations_hifa-port_eng_HaifaPort_Roadshow.pdf,files_privatizations_hifa-port_eng_HaifaPort_Roadshow.pdf,7,Haifa Port Company overview,project_characteristic,Kishon-East Terminal,terminal_infrastructure,HPC_KishonEast,Kishon-East Terminal,terminal_depth_m,10.0,,meters,,year,,2020,,medium,no,no,no,Roadshow terminal characteristic.
HPC_2020_ROADSHOW_HPC_KishonEast_area,HPC,2020,HPC_2020_ROADSHOW,files_privatizations_hifa-port_eng_HaifaPort_Roadshow.pdf,files_privatizations_hifa-port_eng_HaifaPort_Roadshow.pdf,7,Haifa Port Company overview,project_characteristic,Kishon-East Terminal,terminal_infrastructure,HPC_KishonEast,Kishon-East Terminal,terminal_area_dunam,190.0,,dunam,,year,,2020,,medium,no,no,no,Roadshow terminal characteristic.
HPC_2020_ROADSHOW_HPC_CarmelContainer_length,HPC,2020,HPC_2020_ROADSHOW,files_privatizations_hifa-port_eng_HaifaPort_Roadshow.pdf,files_privatizations_hifa-port_eng_HaifaPort_Roadshow.pdf,7,Haifa Port Company overview,project_characteristic,Carmel Container Terminal,terminal_infrastructure,HPC_CarmelContainer,Carmel Container Terminal,terminal_length_m,700.0,,meters,,year,,2020,,medium,no,no,no,Roadshow terminal characteristic.
HPC_2020_ROADSHOW_HPC_CarmelContainer_depth,HPC,2020,HPC_2020_ROADSHOW,files_privatizations_hifa-port_eng_HaifaPort_Roadshow.pdf,files_privatizations_hifa-port_eng_HaifaPort_Roadshow.pdf,7,Haifa Port Company overview,project_characteristic,Carmel Container Terminal,terminal_infrastructure,HPC_CarmelContainer,Carmel Container Terminal,terminal_depth_m,16.2,,meters,,year,,2020,,medium,no,no,no,Roadshow terminal characteristic.
HPC_2020_ROADSHOW_HPC_CarmelContainer_area,HPC,2020,HPC_2020_ROADSHOW,files_privatizations_hifa-port_eng_HaifaPort_Roadshow.pdf,files_privatizations_hifa-port_eng_HaifaPort_Roadshow.pdf,7,Haifa Port Company overview,project_characteristic,Carmel Container Terminal,terminal_infrastructure,HPC_CarmelContainer,Carmel Container Terminal,terminal_area_dunam,273.0,,dunam,,year,,2020,,medium,no,no,no,Roadshow terminal characteristic.
