series_id	level	freq	port	terminal	year	month	month_index	K	L	KL	log_KL
Haifa_Legacy_KL	terminal	M	Haifa	Haifa-Legacy	2018	12	24228	1171216.357998324	2073.0925925925926	564.9609487695918	6.336756611535774
Haifa_Legacy_KL	terminal	M	Haifa	Haifa-Legacy	2019	1	24229	1167172.6249497116	2196.6607142857147	531.3395088095066	6.275401193217093
Haifa_Legacy_KL	terminal	M	Haifa	Haifa-Legacy	2019	2	24230	1163142.9299782943	1900.767857142857	611.9331856372376	6.41662310275707
Haifa_Legacy_KL	terminal	M	Haifa	Haifa-Legacy	2019	3	24231	1159425.1119508226	2245.464285714286	516.3409274986566	6.246767259514047
Haifa_Legacy_KL	terminal	M	Haifa	Haifa-Legacy	2019	4	24232	1155422.2721471528	2273.5	508.2130073222577	6.230900665446867
Haifa_Legacy_KL	terminal	M	Haifa	Haifa-Legacy	2019	5	24233	1151531.931944847	2109.482142857143	545.8837069770968	6.302405962174687
Haifa_Legacy_KL	terminal	M	Haifa	Haifa-Legacy	2019	6	24234	1147556.4791539412	2000.4821428571431	573.639951374407	6.3520019370942675
Haifa_Legacy_KL	terminal	M	Haifa	Haifa-Legacy	2019	7	24235	1143692.731990658	2076.1607142857147	550.8690748847619	6.31149716727905
Haifa_Legacy_KL	terminal	M	Haifa	Haifa-Legacy	2019	8	24236	1139744.4780604609	1857.25	613.6731608886585	6.419462475162951
Haifa_Legacy_KL	terminal	M	Haifa	Haifa-Legacy	2019	9	24237	1135809.9293193764	1829.4285714285716	620.8550293015488	6.431097607500974
Haifa_Legacy_KL	terminal	M	Haifa	Haifa-Legacy	2019	10	24238	1131985.8994665574	2064.714285714286	548.2530475517817	6.306736945972529
Haifa_Legacy_KL	terminal	M	Haifa	Haifa-Legacy	2019	11	24239	1128078.268541962	2012.732142857143	560.4711349919696	6.328777742509876
Haifa_Legacy_KL	terminal	M	Haifa	Haifa-Legacy	2019	12	24240	1124280.376518424	2061.125	545.469283288701	6.3016464944094235
Haifa_Legacy_KL	terminal	M	Haifa	Haifa-Legacy	2020	1	24241	1105738.0108498854	2384.75	463.67041025259897	6.139173977096066
Haifa_Legacy_KL	terminal	M	Haifa	Haifa-Legacy	2020	2	24242	1087575.3131069066	2318.2115384615386	469.14412039751414	6.150910014199921
Haifa_Legacy_KL	terminal	M	Haifa	Haifa-Legacy	2020	3	24243	1070863.0421612624	2484.5	431.017525522746	6.06614875174282
Haifa_Legacy_KL	terminal	M	Haifa	Haifa-Legacy	2020	4	24244	1053412.606553563	2550.7115384615386	412.9877450544363	6.023417919529101
Haifa_Legacy_KL	terminal	M	Haifa	Haifa-Legacy	2020	5	24245	1036835.7963387432	2326.7884615384614	445.6081046805571	6.099439876689495
Haifa_Legacy_KL	terminal	M	Haifa	Haifa-Legacy	2020	6	24246	1020079.7060822414	2154.3846153846152	473.4900624511422	6.160130924974304
Haifa_Legacy_KL	terminal	M	Haifa	Haifa-Legacy	2020	7	24247	1004160.979952211	2395.326923076923	419.216671544072	6.038387902120783
Haifa_Legacy_KL	terminal	M	Haifa	Haifa-Legacy	2020	8	24248	988070.531112488	2188.019230769231	451.5821969101784	6.112757409244617
Haifa_Legacy_KL	terminal	M	Haifa	Haifa-Legacy	2020	9	24249	972307.6993285472	2179.653846153846	446.0835380096033	6.1005062394349485
Haifa_Legacy_KL	terminal	M	Haifa	Haifa-Legacy	2020	10	24250	957330.3756921706	2557.1923076923076	374.36776765377346	5.925238650229082
Haifa_Legacy_KL	terminal	M	Haifa	Haifa-Legacy	2020	11	24251	1119918.4087478728	2411.673076923077	464.37405611241303	6.140690382872193
Haifa_Legacy_KL	terminal	M	Haifa	Haifa-Legacy	2020	12	24252	1104995.2728780918	2210.9807692307695	499.776066918273	6.214160131936732
Haifa_Legacy_KL	terminal	M	Haifa	Haifa-Legacy	2021	1	24253	1105436.06117434	2704.936170212766	408.67362170967175	6.012916846548656
Haifa_Legacy_KL	terminal	M	Haifa	Haifa-Legacy	2021	2	24254	1105886.459515553	2615.489361702128	422.8220063551915	6.046951301731433
Haifa_Legacy_KL	terminal	M	Haifa	Haifa-Legacy	2021	3	24255	1106166.2320146705	2686.68085106383	411.7222302666385	6.02034892359365
Haifa_Legacy_KL	terminal	M	Haifa	Haifa-Legacy	2021	4	24256	1106635.337028686	2593.2978723404253	426.7289727230442	6.056149087403872
Haifa_Legacy_KL	terminal	M	Haifa	Haifa-Legacy	2021	5	24257	1107053.6423336188	2851.297872340426	388.2630619104408	5.9616831045032965
Haifa_Legacy_KL	terminal	M	Haifa	Haifa-Legacy	2021	6	24258	1107541.8084293916	2768.6595744680853	400.02816476351103	5.991534956537958
Haifa_Legacy_KL	terminal	M	Haifa	Haifa-Legacy	2021	7	24259	1107978.835761915	2523.7384610499334	439.02284363529895	6.0845514473370805
Haifa_Legacy_KL	terminal	M	Haifa	Haifa-Legacy	2021	8	24260	1108486.0725197622	2670.273720939245	415.12076602014497	6.028569480355876
Haifa_Legacy_KL	terminal	M	Haifa	Haifa-Legacy	2021	9	24261	1109002.936504404	2239.4340988253102	495.21570520254596	6.204993435735304
Haifa_Legacy_KL	terminal	M	Haifa	Haifa-Legacy	2021	10	24262	1109468.1474811663	2399.772703866011	462.3221798022053	6.136262006919253
Haifa_Legacy_KL	terminal	M	Haifa	Haifa-Legacy	2021	11	24263	1110004.0982248294	2539.0273432602503	437.1768981422324	6.080337914426479
Haifa_Legacy_KL	terminal	M	Haifa	Haifa-Legacy	2021	12	24264	1110488.0527900402	2539.0273432602503	437.36750442557764	6.080773812902996
Haifa_Legacy_KL	terminal	M	Haifa	Haifa-Legacy	2022	1	24265	1104674.2239139164	2514.1560283687945	439.381729474697	6.085368578464021
Haifa_Legacy_KL	terminal	M	Haifa	Haifa-Legacy	2022	2	24266	1098894.5098070288	2514.1560283687945	437.08286097104354	6.080122790327327
Haifa_Legacy_KL	terminal	M	Haifa	Haifa-Legacy	2022	3	24267	1093572.7979047308	2514.1560283687945	434.96616183135217	6.075268239169528
Haifa_Legacy_KL	terminal	M	Haifa	Haifa-Legacy	2022	4	24268	1087857.8152839402	2256.6879432624114	482.05947948268994	6.178067507853641
Haifa_Legacy_KL	terminal	M	Haifa	Haifa-Legacy	2022	5	24269	1082315.857920626	2256.6879432624114	479.60368696611255	6.172960110709532
Haifa_Legacy_KL	terminal	M	Haifa	Haifa-Legacy	2022	6	24270	1076666.71463601	2256.6879432624114	477.10039744330453	6.167726945561548
Haifa_Legacy_KL	terminal	M	Haifa	Haifa-Legacy	2022	7	24271	1071188.3404896797	1702.2482269503548	629.2785761385436	6.444574045997466
Haifa_Legacy_KL	terminal	M	Haifa	Haifa-Legacy	2022	8	24272	1065604.2252173063	1702.2482269503548	625.9981407801954	6.439347401096001
Haifa_Legacy_KL	terminal	M	Haifa	Haifa-Legacy	2022	9	24273	1060052.783507058	1702.2482269503548	622.7368997799954	6.434124117839126
Haifa_Legacy_KL	terminal	M	Haifa	Haifa-Legacy	2022	10	24274	1054668.7643659618	1119.8156028368796	941.8236017556119	6.847817997758365
Haifa_Legacy_KL	terminal	M	Haifa	Haifa-Legacy	2022	11	24275	1049181.1469888636	1119.8156028368796	936.9231365690257	6.842601247463871
Haifa_Legacy_KL	terminal	M	Haifa	Haifa-Legacy	2022	12	24276	1043858.7696226372	1119.8156028368796	932.1702314007614	6.837515449724353
Haifa_Legacy_KL	terminal	M	Haifa	Haifa-Legacy	2023	1	24277	1038103.7746967518	1158.299319727891	896.2310147437747	6.798198208697863
Haifa_Legacy_KL	terminal	M	Haifa	Haifa-Legacy	2023	2	24278	1032385.0819630692	1158.299319727891	891.2938688469559	6.792674192224822
Haifa_Legacy_KL	terminal	M	Haifa	Haifa-Legacy	2023	3	24279	1027124.9986218044	1158.299319727891	886.7526563540569	6.787566089255736
Haifa_Legacy_KL	terminal	M	Haifa	Haifa-Legacy	2023	4	24280	1021475.0962121314	1303.061224489796	783.9041458793178	6.664286749966656
Haifa_Legacy_KL	terminal	M	Haifa	Haifa-Legacy	2023	5	24281	1015999.6568020012	1303.061224489796	779.7021641863439	6.658912005977142
Haifa_Legacy_KL	terminal	M	Haifa	Haifa-Legacy	2023	6	24282	1010419.6779185436	1303.061224489796	775.419956429266	6.6534047618533645
Haifa_Legacy_KL	terminal	M	Haifa	Haifa-Legacy	2023	7	24283	1005011.7056568888	1204.061224489796	834.6848857978533	6.727054271346224
Haifa_Legacy_KL	terminal	M	Haifa	Haifa-Legacy	2023	8	24284	999500.7173423584	1204.061224489796	830.1078857230726	6.721555675142494
Haifa_Legacy_KL	terminal	M	Haifa	Haifa-Legacy	2023	9	24285	1079385.0144581078	1204.061224489796	896.4535959668347	6.798446530374608
Haifa_Legacy_KL	terminal	M	Haifa	Haifa-Legacy	2023	10	24286	1073858.4275839357	1314.7959183673468	816.7491339016353	6.7053319900602135
Haifa_Legacy_KL	terminal	M	Haifa	Haifa-Legacy	2023	11	24287	1068231.640961398	1314.7959183673468	812.4695445418472	6.70007842986056
Haifa_Legacy_KL	terminal	M	Haifa	Haifa-Legacy	2023	12	24288	1062771.4107122456	1314.7959183673468	808.3166336810251	6.694953855126386
Haifa_Legacy_KL	terminal	M	Haifa	Haifa-Legacy	2024	1	24289	1043651.6243343068	1340.430894308943	778.5941287725689	6.65748989439859
Haifa_Legacy_KL	terminal	M	Haifa	Haifa-Legacy	2024	2	24290	1025091.1696220275	1340.430894308943	764.7474957301038	6.639545708400092
Haifa_Legacy_KL	terminal	M	Haifa	Haifa-Legacy	2024	3	24291	1008124.2642767474	1340.430894308943	752.0896963483405	6.62285559389586
Haifa_Legacy_KL	terminal	M	Haifa	Haifa-Legacy	2024	4	24292	990597.5200211392	1202.6666666666667	823.6675609931866	6.713767003106864
Haifa_Legacy_KL	terminal	M	Haifa	Haifa-Legacy	2024	5	24293	974074.4055460988	1202.6666666666667	809.9288294452041	6.696946378923675
Haifa_Legacy_KL	terminal	M	Haifa	Haifa-Legacy	2024	6	24294	957535.3852430052	1202.6666666666667	796.1768724304367	6.679821362707051
Haifa_Legacy_KL	terminal	M	Haifa	Haifa-Legacy	2024	7	24295	1063321.009969331	1404.1463414634147	757.2722148470136	6.629722785689678
Haifa_Legacy_KL	terminal	M	Haifa	Haifa-Legacy	2024	8	24296	1047342.668249198	1404.1463414634147	745.8928156716539	6.61458191115666
Haifa_Legacy_KL	terminal	M	Haifa	Haifa-Legacy	2024	9	24297	1031815.2490685123	1404.1463414634147	734.834552923554	6.599645375811273
Haifa_Legacy_KL	terminal	M	Haifa	Haifa-Legacy	2024	10	24298	1017146.6568053502	1319.178861788618	771.0452966372162	6.647747122339812
Haifa_Legacy_KL	terminal	M	Haifa	Haifa-Legacy	2024	11	24299	1002466.1524870292	1319.178861788618	759.9167796911394	6.633208926878374
Haifa_Legacy_KL	terminal	M	Haifa	Haifa-Legacy	2024	12	24300	1048466.6565718862	1319.178861788618	794.7873385041322	6.678074580133223
Haifa_port_KL_HPC_central	port	M	Haifa		2018	12	24228	1171216.357998324	2073.0925925925926	564.9609487695918	6.336756611535774
Haifa_port_KL_HPC_central	port	M	Haifa		2019	1	24229	1167172.6249497116	2196.6607142857147	531.3395088095066	6.275401193217093
Haifa_port_KL_HPC_central	port	M	Haifa		2019	2	24230	1163142.9299782943	1900.767857142857	611.9331856372376	6.41662310275707
Haifa_port_KL_HPC_central	port	M	Haifa		2019	3	24231	1159425.1119508226	2245.464285714286	516.3409274986566	6.246767259514047
Haifa_port_KL_HPC_central	port	M	Haifa		2019	4	24232	1155422.2721471528	2273.5	508.2130073222577	6.230900665446867
Haifa_port_KL_HPC_central	port	M	Haifa		2019	5	24233	1151531.931944847	2109.482142857143	545.8837069770968	6.302405962174687
Haifa_port_KL_HPC_central	port	M	Haifa		2019	6	24234	1147556.4791539412	2000.4821428571431	573.639951374407	6.3520019370942675
Haifa_port_KL_HPC_central	port	M	Haifa		2019	7	24235	1143692.731990658	2076.1607142857147	550.8690748847619	6.31149716727905
Haifa_port_KL_HPC_central	port	M	Haifa		2019	8	24236	1139744.4780604609	1857.25	613.6731608886585	6.419462475162951
Haifa_port_KL_HPC_central	port	M	Haifa		2019	9	24237	1135809.9293193764	1829.4285714285716	620.8550293015488	6.431097607500974
Haifa_port_KL_HPC_central	port	M	Haifa		2019	10	24238	1131985.8994665574	2064.714285714286	548.2530475517817	6.306736945972529
Haifa_port_KL_HPC_central	port	M	Haifa		2019	11	24239	1128078.268541962	2012.732142857143	560.4711349919696	6.328777742509876
Haifa_port_KL_HPC_central	port	M	Haifa		2019	12	24240	1124280.376518424	2061.125	545.469283288701	6.3016464944094235
Haifa_port_KL_HPC_central	port	M	Haifa		2020	1	24241	1105738.0108498854	2384.75	463.67041025259897	6.139173977096066
Haifa_port_KL_HPC_central	port	M	Haifa		2020	2	24242	1087575.3131069066	2318.2115384615386	469.14412039751414	6.150910014199921
Haifa_port_KL_HPC_central	port	M	Haifa		2020	3	24243	1070863.0421612624	2484.5	431.017525522746	6.06614875174282
Haifa_port_KL_HPC_central	port	M	Haifa		2020	4	24244	1053412.606553563	2550.7115384615386	412.9877450544363	6.023417919529101
Haifa_port_KL_HPC_central	port	M	Haifa		2020	5	24245	1036835.7963387432	2326.7884615384614	445.6081046805571	6.099439876689495
Haifa_port_KL_HPC_central	port	M	Haifa		2020	6	24246	1020079.7060822414	2154.3846153846152	473.4900624511422	6.160130924974304
Haifa_port_KL_HPC_central	port	M	Haifa		2020	7	24247	1004160.979952211	2395.326923076923	419.216671544072	6.038387902120783
Haifa_port_KL_HPC_central	port	M	Haifa		2020	8	24248	988070.531112488	2188.019230769231	451.5821969101784	6.112757409244617
Haifa_port_KL_HPC_central	port	M	Haifa		2020	9	24249	972307.6993285472	2179.653846153846	446.0835380096033	6.1005062394349485
Haifa_port_KL_HPC_central	port	M	Haifa		2020	10	24250	957330.3756921706	2557.1923076923076	374.36776765377346	5.925238650229082
Haifa_port_KL_HPC_central	port	M	Haifa		2020	11	24251	1119918.4087478728	2411.673076923077	464.37405611241303	6.140690382872193
Haifa_port_KL_HPC_central	port	M	Haifa		2020	12	24252	1104995.2728780918	2210.9807692307695	499.776066918273	6.214160131936732
Haifa_port_KL_HPC_central	port	M	Haifa		2021	1	24253	1105436.06117434	2704.936170212766	408.67362170967175	6.012916846548656
Haifa_port_KL_HPC_central	port	M	Haifa		2021	2	24254	1105886.459515553	2615.489361702128	422.8220063551915	6.046951301731433
Haifa_port_KL_HPC_central	port	M	Haifa		2021	3	24255	1106166.2320146705	2686.68085106383	411.7222302666385	6.02034892359365
Haifa_port_KL_HPC_central	port	M	Haifa		2021	4	24256	1106635.337028686	2593.2978723404253	426.7289727230442	6.056149087403872
Haifa_port_KL_HPC_central	port	M	Haifa		2021	5	24257	1107053.6423336188	2851.297872340426	388.2630619104408	5.9616831045032965
Haifa_port_KL_HPC_central	port	M	Haifa		2021	6	24258	1107541.8084293916	2768.6595744680853	400.02816476351103	5.991534956537958
Haifa_port_KL_HPC_central	port	M	Haifa		2021	7	24259	1107978.835761915	2580.950719154392	429.2909692304884	6.062134938974985
Haifa_port_KL_HPC_central	port	M	Haifa		2021	8	24260	1108486.0725197622	2730.8078815465105	405.9187319658696	6.006152971993781
Haifa_port_KL_HPC_central	port	M	Haifa		2021	9	24261	1109002.936504404	2290.201277614755	484.2381965917995	6.1825769273732085
Haifa_port_KL_HPC_central	port	M	Haifa		2021	10	24262	1109468.1474811663	2606.1548363861057	425.7107567022533	6.053760140784198
Haifa_port_KL_HPC_central	port	M	Haifa		2021	11	24263	1110004.0982248294	2757.3854722550113	402.5567369501876	5.997836048291424
Haifa_port_KL_HPC_central	port	M	Haifa		2021	12	24264	1110488.0527900402	2757.3854722550113	402.73224906848964	5.998271946767941
Haifa_port_KL_HPC_central	port	M	Haifa		2022	1	24265	1104674.2239139164	2969.3380083915863	372.02710529822434	5.91896671532362
Haifa_port_KL_HPC_central	port	M	Haifa		2022	2	24266	1098894.5098070288	2969.3380083915863	370.0806397592545	5.913720927186927
Haifa_port_KL_HPC_central	port	M	Haifa		2022	3	24267	1093572.7979047308	2969.3380083915863	368.2884180966285	5.908866376029128
Haifa_port_KL_HPC_central	port	M	Haifa		2022	4	24268	1087857.8152839402	3304.4263011656717	329.2123098342931	5.796702861282097
Haifa_port_KL_HPC_central	port	M	Haifa		2022	5	24269	1082315.857920626	3304.4263011656717	327.53517835723176	5.7915954641379885
Haifa_port_KL_HPC_central	port	M	Haifa		2022	6	24270	1076666.71463601	3304.4263011656717	325.82560980591524	5.786362298990004
Haifa_port_KL_HPC_central	port	M	Haifa		2022	7	24271	1071188.3404896797	3154.5523981500437	339.56904349341846	5.827677294491375
Haifa_port_KL_HPC_central	port	M	Haifa		2022	8	24272	1065604.2252173063	3154.5523981500437	337.7988667559364	5.822450649589909
Haifa_port_KL_HPC_central	port	M	Haifa		2022	9	24273	1060052.783507058	3154.5523981500437	336.0390476090096	5.817227366333035
Haifa_port_KL_HPC_central	port	M	Haifa		2022	10	24274	1054668.7643659618	3898.703183843473	270.5178400696392	5.600338048310082
Haifa_port_KL_HPC_central	port	M	Haifa		2022	11	24275	1049181.1469888636	3898.703183843473	269.11029065683977	5.595121298015589
Haifa_port_KL_HPC_central	port	M	Haifa		2022	12	24276	1043858.7696226372	3898.703183843473	267.74512457077225	5.59003550027607
Haifa_port_KL_HPC_central	port	M	Haifa		2023	1	24277	1038103.7746967518	2803.3808012093723	370.3042320361601	5.91432491652334
Haifa_port_KL_HPC_central	port	M	Haifa		2023	2	24278	1032385.0819630692	2803.3808012093723	368.26430484139024	5.908800900050298
Haifa_port_KL_HPC_central	port	M	Haifa		2023	3	24279	1027124.9986218044	2803.3808012093723	366.3879691901667	5.903692797081213
Haifa_port_KL_HPC_central	port	M	Haifa		2023	4	24280	1021475.0962121314	3018.370483749055	338.41938943935685	5.824285923488262
Haifa_port_KL_HPC_central	port	M	Haifa		2023	5	24281	1015999.6568020012	3018.370483749055	336.6053512225077	5.818911179498748
Haifa_port_KL_HPC_central	port	M	Haifa		2023	6	24282	1010419.6779185436	3018.370483749055	334.75667859815616	5.8134039353749705
Haifa_port_KL_HPC_central	port	M	Haifa		2023	7	24283	1005011.7056568888	2789.650113378685	360.26442916157276	5.886838287267178
Haifa_port_KL_HPC_central	port	M	Haifa		2023	8	24284	999500.7173423584	2789.650113378685	358.288916788856	5.881339691063449
Haifa_port_KL_HPC_central	port	M	Haifa		2023	9	24285	1079385.0144581078	2789.650113378685	386.924872506972	5.958230546295563
Haifa_port_KL_HPC_central	port	M	Haifa		2023	10	24286	1073858.4275839357	2389.492214663643	449.40863209093874	6.107932567601779
Haifa_port_KL_HPC_central	port	M	Haifa		2023	11	24287	1068231.640961398	2389.492214663643	447.05382775719465	6.102679007402124
Haifa_port_KL_HPC_central	port	M	Haifa		2023	12	24288	1062771.4107122456	2389.492214663643	444.7687270920222	6.097554432667951
Haifa_port_KL_HPC_central	port	M	Haifa		2024	1	24289	1043651.6243343068	2406.315894308943	433.7134732819556	6.0723841162613805
Haifa_port_KL_HPC_central	port	M	Haifa		2024	2	24290	1025091.1696220275	2406.315894308943	426.0002487813089	6.054439930262883
Haifa_port_KL_HPC_central	port	M	Haifa		2024	3	24291	1008124.2642767474	2406.315894308943	418.94926042794776	6.037749815758651
Haifa_port_KL_HPC_central	port	M	Haifa		2024	4	24292	990597.5200211392	2087.916666666667	474.4430349332935	6.162141558015444
Haifa_port_KL_HPC_central	port	M	Haifa		2024	5	24293	974074.4055460988	2087.916666666667	466.52935009192515	6.145320933832255
Haifa_port_KL_HPC_central	port	M	Haifa		2024	6	24294	957535.3852430052	2087.916666666667	458.60804721277435	6.12819591761563
Haifa_port_KL_HPC_central	port	M	Haifa		2024	7	24295	1063321.009969331	2266.458008130081	469.1553984918581	6.150934053633209
Haifa_port_KL_HPC_central	port	M	Haifa		2024	8	24296	1047342.668249198	2266.458008130081	462.105481104103	6.135793179100191
Haifa_port_KL_HPC_central	port	M	Haifa		2024	9	24297	1031815.2490685123	2266.458008130081	455.2545184456347	6.120856643754805
Haifa_port_KL_HPC_central	port	M	Haifa		2024	10	24298	1017146.6568053502	2260.8255284552847	449.9005535824423	6.10902656630301
Haifa_port_KL_HPC_central	port	M	Haifa		2024	11	24299	1002466.1524870292	2260.8255284552847	443.40712711783954	6.094488370841571
Haifa_port_KL_HPC_central	port	M	Haifa		2024	12	24300	1048466.6565718862	2260.8255284552847	463.75390023495265	6.13935402409642
Haifa_port_KL_HPC_high	port	M	Haifa		2018	12	24228	1171216.357998324	2073.0925925925926	564.9609487695918	6.336756611535774
Haifa_port_KL_HPC_high	port	M	Haifa		2019	1	24229	1165076.840583413	2196.6607142857147	530.3854313988855	6.273603971297751
Haifa_port_KL_HPC_high	port	M	Haifa		2019	2	24230	1158971.5769940724	1900.767857142857	609.7386235982456	6.413030379436525
Haifa_port_KL_HPC_high	port	M	Haifa		2019	3	24231	1153396.3034439925	2245.464285714286	513.656044668328	6.241553867661419
Haifa_port_KL_HPC_high	port	M	Haifa		2019	4	24232	1147355.9583653756	2273.5	504.66503556867195	6.223894913293689
Haifa_port_KL_HPC_high	port	M	Haifa		2019	5	24233	1141512.6782294172	2109.482142857143	541.1340797999454	6.293667085108449
Haifa_port_KL_HPC_high	port	M	Haifa		2019	6	24234	1135538.5122810337	2000.4821428571431	567.632416183044	6.341474054618903
Haifa_port_KL_HPC_high	port	M	Haifa		2019	7	24235	1129759.0924017322	2076.1607142857147	544.1578219971358	6.299239318746347
Haifa_port_KL_HPC_high	port	M	Haifa		2019	8	24236	1123850.3539878898	1857.25	605.1152801119342	6.405418985518888
Haifa_port_KL_HPC_high	port	M	Haifa		2019	9	24237	1117974.5348996297	1829.4285714285716	611.1058678976578	6.415270214043703
Haifa_port_KL_HPC_high	port	M	Haifa		2019	10	24238	1112290.0163836123	2064.714285714286	538.7137697838017	6.289184390495508
Haifa_port_KL_HPC_high	port	M	Haifa		2019	11	24239	1106478.5079907852	2012.732142857143	549.739572609051	6.309444661740753
Haifa_port_KL_HPC_high	port	M	Haifa		2019	12	24240	1100856.049358457	2061.125	534.104457205874	6.280591432575599
Haifa_port_KL_HPC_high	port	M	Haifa		2020	1	24241	1079991.112282096	2384.75	452.87393323497054	6.115613793672794
Haifa_port_KL_HPC_high	port	M	Haifa		2020	2	24242	1059625.7505323526	2318.2115384615386	457.08760091650834	6.124875059431638
Haifa_port_KL_HPC_high	port	M	Haifa		2020	3	24243	1040957.6545397784	2484.5	418.98074241890856	6.037824958051846
Haifa_port_KL_HPC_high	port	M	Haifa		2020	4	24244	1021524.5054329756	2550.7115384615386	400.4860957539354	5.992679048687119
Haifa_port_KL_HPC_high	port	M	Haifa		2020	5	24245	1003131.4611581976	2326.7884615384614	431.1227590044571	6.0663928732254195
Haifa_port_KL_HPC_high	port	M	Haifa		2020	6	24246	984600.7122579383	2154.3846153846152	457.0217895295176	6.124731069253236
Haifa_port_KL_HPC_high	port	M	Haifa		2020	7	24247	967059.8527668642	2395.326923076923	403.7277097543851	6.000740664974172
Haifa_port_KL_HPC_high	port	M	Haifa		2020	8	24248	949388.066657894	2188.019230769231	433.9029809733996	6.072820962966
Haifa_port_KL_HPC_high	port	M	Haifa		2020	9	24249	932136.7893064911	2179.653846153846	427.65358864267034	6.05831349553296
Haifa_port_KL_HPC_high	port	M	Haifa		2020	10	24250	915804.2235491504	2557.1923076923076	358.12880431178894	5.880892710272725
Haifa_port_KL_HPC_high	port	M	Haifa		2020	11	24251	1077076.6104159737	2411.673076923077	446.609708721448	6.10168507835796
Haifa_port_KL_HPC_high	port	M	Haifa		2020	12	24252	1060959.2843605548	2210.9807692307695	479.8591191409037	6.173492559032073
Haifa_port_KL_HPC_high	port	M	Haifa		2021	1	24253	1059850.5652088707	2704.936170212766	391.8209149924246	5.97080488589381
Haifa_port_KL_HPC_high	port	M	Haifa		2021	2	24254	1058746.259317583	2615.489361702128	404.79853400304563	6.00338949643272
Haifa_port_KL_HPC_high	port	M	Haifa		2021	3	24255	1057617.303286408	2686.68085106383	393.6520048027399	5.975467282473446
Haifa_port_KL_HPC_high	port	M	Haifa		2021	4	24256	1056521.770862631	2593.2978723404253	407.40471124866605	6.0098070679100974
Haifa_port_KL_HPC_high	port	M	Haifa		2021	5	24257	1055420.92037834	2851.297872340426	370.15456386253345	5.913920658578147
Haifa_port_KL_HPC_high	port	M	Haifa		2021	6	24258	1054334.1201777707	2768.6595744680853	380.81031337351374	5.9423013859893095
Haifa_port_KL_HPC_high	port	M	Haifa		2021	7	24259	1053241.9669373229	2580.950719154392	408.0829436690682	6.011470447049417
Haifa_port_KL_HPC_high	port	M	Haifa		2021	8	24260	1052163.8482845596	2730.8078815465105	385.2939840237675	5.954006637764479
Haifa_port_KL_HPC_high	port	M	Haifa		2021	9	24261	1051090.0539425882	2290.201277614755	458.9509508252911	6.128943343403429
Haifa_port_KL_HPC_high	port	M	Haifa		2021	10	24262	1050010.8542853626	2606.1548363861057	402.8965737666563	5.998679888231275
Haifa_port_KL_HPC_high	port	M	Haifa		2021	11	24263	1048945.6660579978	2757.3854722550113	380.4131401331283	5.941257873011362
Haifa_port_KL_HPC_high	port	M	Haifa		2021	12	24264	1047875.0378963444	2757.3854722550113	380.0248635673648	5.940236681020387
Haifa_port_KL_HPC_high	port	M	Haifa		2022	1	24265	1040436.7780558058	2969.3380083915863	350.3935136772737	5.859056847695907
Haifa_port_KL_HPC_high	port	M	Haifa		2022	2	24266	1033064.3394746468	2969.3380083915863	347.91065771398354	5.851945716106561
Haifa_port_KL_HPC_high	port	M	Haifa		2022	3	24267	1026330.9370970352	2969.3380083915863	345.6430134247236	5.845406489326362
Haifa_port_KL_HPC_high	port	M	Haifa		2022	4	24268	1019082.4065331024	3304.4263011656717	308.3991935827439	5.73139502684381
Haifa_port_KL_HPC_high	port	M	Haifa		2022	5	24269	1012085.403749394	3304.4263011656717	306.2817298701351	5.724505364231242
Haifa_port_KL_HPC_high	port	M	Haifa		2022	6	24270	1004962.3154650136	3304.4263011656717	304.12610960955686	5.717442449628249
Haifa_port_KL_HPC_high	port	M	Haifa		2022	7	24271	998085.8123980477	3154.5523981500437	316.39538242679544	5.756992641687116
Haifa_port_KL_HPC_high	port	M	Haifa		2022	8	24272	991085.7858322682	3154.5523981500437	314.1763587168439	5.749954480205293
Haifa_port_KL_HPC_high	port	M	Haifa		2022	9	24273	984147.3356404334	3154.5523981500437	311.97685485192034	5.742929001890853
Haifa_port_KL_HPC_high	port	M	Haifa		2022	10	24274	977448.2010334488	3898.703183843473	250.71110955152204	5.52430131830894
Haifa_port_KL_HPC_high	port	M	Haifa		2022	11	24275	970629.3105082414	3898.703183843473	248.9620945063487	5.517300653978211
Haifa_port_KL_HPC_high	port	M	Haifa		2022	12	24276	964045.0348646364	3898.703183843473	247.27325713322148	5.5104940293075515
Haifa_port_KL_HPC_high	port	M	Haifa		2023	1	24277	956895.6249659082	2803.3808012093723	341.3362981415531	5.832868202855202
Haifa_port_KL_HPC_high	port	M	Haifa		2023	2	24278	949814.3728395331	2803.3808012093723	338.8103294528468	5.825440450662746
Haifa_port_KL_HPC_high	port	M	Haifa		2023	3	24279	943350.5798321476	2803.3808012093723	336.5046159355833	5.818611866481287
Haifa_port_KL_HPC_high	port	M	Haifa		2023	4	24280	936397.4517855572	3018.370483749055	310.2327752100456	5.737322903478353
Haifa_port_KL_HPC_high	port	M	Haifa		2023	5	24281	929689.8771829772	3018.370483749055	308.0105249466357	5.73013395429439
Haifa_port_KL_HPC_high	port	M	Haifa		2023	6	24282	922866.270151242	3018.370483749055	305.7498326066882	5.722767227082874
Haifa_port_KL_HPC_high	port	M	Haifa		2023	7	24283	916282.9940242256	2789.650113378685	328.45803480152904	5.794409081823651
Haifa_port_KL_HPC_high	port	M	Haifa		2023	8	24284	909586.2425975128	2789.650113378685	326.0574644236898	5.787073637071071
Haifa_port_KL_HPC_high	port	M	Haifa		2023	9	24285	988313.53353596	2789.650113378685	354.27867057455603	5.87008380846329
Haifa_port_KL_HPC_high	port	M	Haifa		2023	10	24286	981694.2381723982	2389.492214663643	410.83801493389103	6.0181990125604194
Haifa_port_KL_HPC_high	port	M	Haifa		2023	11	24287	974965.7798469844	2389.492214663643	408.0221621413508	6.011321491902839
Haifa_port_KL_HPC_high	port	M	Haifa		2023	12	24288	968465.5993424318	2389.492214663643	405.30184337878575	6.004632081807452
Haifa_port_KL_HPC_high	port	M	Haifa		2024	1	24289	946772.35380049	2406.315894308943	393.4530607721346	5.97496177426738
Haifa_port_KL_HPC_high	port	M	Haifa		2024	2	24290	925959.5146084704	2406.315894308943	384.8038060166626	5.952733609638329
Haifa_port_KL_HPC_high	port	M	Haifa		2024	3	24291	907158.0290364536	2406.315894308943	376.9904155900427	5.932219764286762
Haifa_port_KL_HPC_high	port	M	Haifa		2024	4	24292	887943.0498660689	2087.916666666667	425.2770544159978	6.052740849278165
Haifa_port_KL_HPC_high	port	M	Haifa		2024	5	24293	870037.6484681523	2087.916666666667	416.70132834235983	6.032369726189969
Haifa_port_KL_HPC_high	port	M	Haifa		2024	6	24294	852313.1467059323	2087.916666666667	408.21224348318447	6.0117872437602955
Haifa_port_KL_HPC_high	port	M	Haifa		2024	7	24295	957171.1818840886	2266.458008130081	422.3202805657949	6.045763984859227
Haifa_port_KL_HPC_high	port	M	Haifa		2024	8	24296	940446.080378447	2266.458008130081	414.9408800008401	6.028136052253317
Haifa_port_KL_HPC_high	port	M	Haifa		2024	9	24297	924372.4890944612	2266.458008130081	407.84893687799035	6.010896853093665
Haifa_port_KL_HPC_high	port	M	Haifa		2024	10	24298	909353.1504359724	2260.8255284552847	402.2217278558821	5.997003498395256
Haifa_port_KL_HPC_high	port	M	Haifa		2024	11	24299	894481.0705136195	2260.8255284552847	395.6435643774671	5.9805137159743875
Haifa_port_KL_HPC_high	port	M	Haifa		2024	12	24300	940449.8818974128	2260.8255284552847	415.9763192960661	6.030628333871915
Haifa_port_KL_HPC_low	port	M	Haifa		2018	12	24228	1171216.357998324	2073.0925925925926	564.9609487695918	6.336756611535774
Haifa_port_KL_HPC_low	port	M	Haifa		2019	1	24229	1169214.6688956444	2196.6607142857147	532.2691216225608	6.277149229145288
Haifa_port_KL_HPC_low	port	M	Haifa		2019	2	24230	1167217.132135922	1900.767857142857	614.0766363181388	6.4201197352088055
Haifa_port_KL_HPC_low	port	M	Haifa		2019	3	24231	1165326.3470949768	2245.464285714286	518.9689965272748	6.251844144439899
Haifa_port_KL_HPC_low	port	M	Haifa		2019	4	24232	1163336.9576934697	2273.5	511.6942853281151	6.237727347736401
Haifa_port_KL_HPC_low	port	M	Haifa		2019	5	24233	1161385.8117272533	2109.482142857143	550.5549386420684	6.310926748898203
Haifa_port_KL_HPC_low	port	M	Haifa		2019	6	24234	1159404.613948323	2000.4821428571431	579.5625909924044	6.362273665562316
Haifa_port_KL_HPC_low	port	M	Haifa		2019	7	24235	1157461.5565584511	2076.1607142857147	557.5009432526836	6.323464195265907
Haifa_port_KL_HPC_low	port	M	Haifa		2019	8	24236	1155488.5102024933	1857.25	622.1502275959043	6.433181587043166
Haifa_port_KL_HPC_low	port	M	Haifa		2019	9	24237	1153519.5455446846	1829.4285714285716	630.5354379831947	6.44656935998438
Haifa_port_KL_HPC_low	port	M	Haifa		2019	10	24238	1151588.566588818	2064.714285714286	557.7471781721252	6.3239057739939275
Haifa_port_KL_HPC_low	port	M	Haifa		2019	11	24239	1149627.693416324	2012.732142857143	571.1776887432163	6.347700349938999
Haifa_port_KL_HPC_low	port	M	Haifa		2019	12	24240	1147704.70367839	2061.125	556.8341093715277	6.3222673667910545
Haifa_port_KL_HPC_low	port	M	Haifa		2020	1	24241	1131478.7046260603	2384.75	474.46428540772	6.16218634737258
Haifa_port_KL_HPC_low	port	M	Haifa		2020	2	24242	1115532.0199911497	2318.2115384615386	481.20372169809104	6.176290718272799
Haifa_port_KL_HPC_low	port	M	Haifa		2020	3	24243	1100804.656961448	2484.5	443.06888990197143	6.093725265634464
Haifa_port_KL_HPC_low	port	M	Haifa		2020	4	24244	1085384.6293226453	2550.7115384615386	425.5222956247318	6.0533173452886855
Haifa_port_KL_HPC_low	port	M	Haifa		2020	5	24245	1070685.49068782	2326.7884615384614	460.1559223737459	6.131565393730664
Haifa_port_KL_HPC_low	port	M	Haifa		2020	6	24246	1055782.2670067977	2154.3846153846152	490.06210844033177	6.194532134991371
Haifa_port_KL_HPC_low	port	M	Haifa		2020	7	24247	1041574.628337032	2395.326923076923	434.83610454270473	6.074969188926399
Haifa_port_KL_HPC_low	port	M	Haifa		2020	8	24248	1027170.1695172712	2188.019230769231	469.45207568223896	6.151566218214089
Haifa_port_KL_HPC_low	port	M	Haifa		2020	9	24249	1013012.4284632648	2179.653846153846	464.7583974174602	6.141517695114939
Haifa_port_KL_HPC_low	port	M	Haifa		2020	10	24250	999513.7833752908	2557.1923076923076	390.8637533315921	5.968359042307685
Haifa_port_KL_HPC_low	port	M	Haifa		2020	11	24251	1163555.0664146813	2411.673076923077	482.4679918470534	6.1789145804377466
Haifa_port_KL_HPC_low	port	M	Haifa		2020	12	24252	1149968.2344820278	2210.9807692307695	520.1167963492136	6.254053394718663
Haifa_port_KL_HPC_low	port	M	Haifa		2021	1	24253	1152064.0201019312	2704.936170212766	425.9117212408423	6.054232097660688
Haifa_port_KL_HPC_low	port	M	Haifa		2021	2	24254	1154182.0086207944	2615.489361702128	441.2872120686689	6.0896959379917535
Haifa_port_KL_HPC_low	port	M	Haifa		2021	3	24255	1155978.878956641	2686.68085106383	430.26281982801	6.064396230877872
Haifa_port_KL_HPC_low	port	M	Haifa		2021	4	24256	1158139.7525758706	2593.2978723404253	446.5895587731544	6.1016399597622994
Haifa_port_KL_HPC_low	port	M	Haifa		2021	5	24257	1160207.454851367	2851.297872340426	406.90503300485966	6.0085798240755555
Haifa_port_KL_HPC_low	port	M	Haifa		2021	6	24258	1162412.681626461	2768.6595744680853	419.846734624203	6.039889727117377
Haifa_port_KL_HPC_low	port	M	Haifa		2021	7	24259	1164523.7279485466	2580.950719154392	451.19952089983514	6.1119096383478135
Haifa_port_KL_HPC_low	port	M	Haifa		2021	8	24260	1166773.619647259	2730.8078815465105	427.2631654287199	6.057400135865524
Haifa_port_KL_HPC_low	port	M	Haifa		2021	9	24261	1169046.262361762	2290.201277614755	510.45568517860755	6.235303827134758
Haifa_port_KL_HPC_low	port	M	Haifa		2021	10	24262	1171223.184366132	2606.1548363861057	449.40660010448187	6.107928046124207
Haifa_port_KL_HPC_low	port	M	Haifa		2021	11	24263	1173540.9701467212	2757.3854722550113	425.5991706473271	6.053497989358542
Haifa_port_KL_HPC_low	port	M	Haifa		2021	12	24264	1175762.0013873817	2757.3854722550113	426.404655140884	6.055388790101807
Haifa_port_KL_HPC_low	port	M	Haifa		2022	1	24265	1171718.0550274183	2969.3380083915863	394.6058184403559	5.977887338640364
Haifa_port_KL_HPC_low	port	M	Haifa		2022	2	24266	1167688.141579984	2969.3380083915863	393.24864272103883	5.97444209049197
Haifa_port_KL_HPC_low	port	M	Haifa		2022	3	24267	1163929.7716043922	2969.3380083915863	391.98291616347944	5.97121825762516
Haifa_port_KL_HPC_low	port	M	Haifa		2022	4	24268	1159926.8252596003	3304.4263011656717	351.0221501536965	5.860849327325763
Haifa_port_KL_HPC_low	port	M	Haifa		2022	5	24269	1156023.008910459	3304.4263011656717	349.8407601049113	5.857478079823867
Haifa_port_KL_HPC_low	port	M	Haifa		2022	6	24270	1152047.4783364658	3304.4263011656717	348.63766758243895	5.85403318112815
Haifa_port_KL_HPC_low	port	M	Haifa		2022	7	24271	1148170.3633007435	3154.5523981500437	363.97251285921794	5.897078350662378
Haifa_port_KL_HPC_low	port	M	Haifa		2022	8	24272	1144222.059412583	3154.5523981500437	362.72089190326994	5.893633645686693
Haifa_port_KL_HPC_low	port	M	Haifa		2022	9	24273	1140287.4541322174	3154.5523981500437	361.47361343591183	5.8901890470562535
Haifa_port_KL_HPC_low	port	M	Haifa		2022	10	24274	1136450.196785607	3898.703183843473	291.49441319235183	5.6750208398859625
Haifa_port_KL_HPC_low	port	M	Haifa		2022	11	24275	1132542.5358913883	3898.703183843473	290.4921155795424	5.6715764350614855
Haifa_port_KL_HPC_low	port	M	Haifa		2022	12	24276	1128731.5213318863	3898.703183843473	289.51460732107967	5.668205752807768
Haifa_port_KL_HPC_low	port	M	Haifa		2023	1	24277	1124569.3179793986	2803.3808012093723	401.14754210140194	5.9943292950499005
Haifa_port_KL_HPC_low	port	M	Haifa		2023	2	24278	1120422.7699163756	2803.3808012093723	399.66841801621376	5.9906352483753595
Haifa_port_KL_HPC_low	port	M	Haifa		2023	3	24279	1116565.097617176	2803.3808012093723	398.29233942655674	5.987186256828038
Haifa_port_KL_HPC_low	port	M	Haifa		2023	4	24280	1112448.560467342	3018.370483749055	368.5593158483291	5.909601664342916
Haifa_port_KL_HPC_low	port	M	Haifa		2023	5	24281	1108437.8763174736	3018.370483749055	367.23055777457313	5.905989873624222
Haifa_port_KL_HPC_low	port	M	Haifa		2023	6	24282	1104351.871153427	3018.370483749055	365.8768455029863	5.90229678907992
Haifa_port_KL_HPC_low	port	M	Haifa		2023	7	24283	1100370.874799929	2789.650113378685	394.447629658909	5.977486380292238
Haifa_port_KL_HPC_low	port	M	Haifa		2023	8	24284	1096315.171590404	2789.650113378685	392.9937902723584	5.973793810910733
Haifa_port_KL_HPC_low	port	M	Haifa		2023	9	24285	1177635.3581836412	2789.650113378685	422.1444662668997	6.045347592577383
Haifa_port_KL_HPC_low	port	M	Haifa		2023	10	24286	1173480.0414717912	2389.492214663643	491.1001736144916	6.196648126566806
Haifa_port_KL_HPC_low	port	M	Haifa		2023	11	24287	1169251.4948046664	2389.492214663643	489.33053124395974	6.193038194149274
Haifa_port_KL_HPC_low	port	M	Haifa		2023	12	24288	1165126.4277455767	2389.492214663643	487.6041949814788	6.189504000895536
Haifa_port_KL_HPC_low	port	M	Haifa		2024	1	24289	1148415.256034505	2406.315894308943	477.25041369280086	6.1680413294316745
Haifa_port_KL_HPC_low	port	M	Haifa		2024	2	24290	1132058.3422223488	2406.315894308943	470.45292137234486	6.153695893173838
Haifa_port_KL_HPC_low	port	M	Haifa		2024	3	24291	1116975.5105675063	2406.315894308943	464.1849032411784	6.140282971211478
Haifa_port_KL_HPC_low	port	M	Haifa		2024	4	24292	1101281.8323820604	2087.916666666667	527.4548788100069	6.26806332389072
Haifa_port_KL_HPC_low	port	M	Haifa		2024	5	24293	1086362.6668800516	2087.916666666667	520.3093994236925	6.2544236335255325
Haifa_port_KL_HPC_low	port	M	Haifa		2024	6	24294	1071313.5776001457	2087.916666666667	513.1016935223207	6.240474058512187
Haifa_port_KL_HPC_low	port	M	Haifa		2024	7	24295	1178386.509993137	2266.458008130081	519.9242632186922	6.253683153311462
Haifa_port_KL_HPC_low	port	M	Haifa		2024	8	24296	1163586.225411626	2266.458008130081	513.3941247698789	6.24104382460428
Haifa_port_KL_HPC_low	port	M	Haifa		2024	9	24297	1149089.5849308618	2266.458008130081	506.9979592866611	6.228506978507464
Haifa_port_KL_HPC_low	port	M	Haifa		2024	10	24298	1135285.042797584	2260.8255284552847	502.15508826692644	6.218909012750125
Haifa_port_KL_HPC_low	port	M	Haifa		2024	11	24299	1121366.1655556308	2260.8255284552847	495.9985418785532	6.206572986959625
Haifa_port_KL_HPC_low	port	M	Haifa		2024	12	24300	1167982.9011381282	2260.8255284552847	516.6178842363638	6.247303499180522
Haifa_port_KL_IPC_central	port	M	Haifa		2018	12	24228	11592601.849288931	2073.0925925925926	5591.936361506805	8.629080903574714
Haifa_port_KL_IPC_central	port	M	Haifa		2019	1	24229	11626288.960748712	2196.6607142857147	5292.710378593545	8.574085752543711
Haifa_port_KL_IPC_central	port	M	Haifa		2019	2	24230	11660073.964078952	1900.767857142857	6134.401905136282	8.721667863417311
Haifa_port_KL_IPC_central	port	M	Haifa		2019	3	24231	11690673.827709042	2245.464285714286	5206.350375771049	8.557634385589283
Haifa_port_KL_IPC_central	port	M	Haifa		2019	4	24232	11724645.927966945	2273.5	5157.090797434328	8.548127900534384
Haifa_port_KL_IPC_central	port	M	Haifa		2019	5	24233	11757616.145699603	2109.482142857143	5573.69787912722	8.625814004765822
Haifa_port_KL_IPC_central	port	M	Haifa		2019	6	24234	11791782.774619607	2000.4821428571431	5894.470398910065	8.681769969904332
Haifa_port_KL_IPC_central	port	M	Haifa		2019	7	24235	11824941.784104751	2076.1607142857147	5695.581128541401	8.647445912561475
Haifa_port_KL_IPC_central	port	M	Haifa		2019	8	24236	11859304.05558318	1857.25	6385.410717772611	8.76177109181251
Haifa_port_KL_IPC_central	port	M	Haifa		2019	9	24237	11893766.180889446	1829.4285714285716	6501.355869610035	8.77976602945537
Haifa_port_KL_IPC_central	port	M	Haifa		2019	10	24238	11927211.97217858	2064.714285714286	5776.688840050512	8.661585932473386
Haifa_port_KL_IPC_central	port	M	Haifa		2019	11	24239	11961871.432094032	2012.732142857143	5943.101507344013	8.68998641537291
Haifa_port_KL_IPC_central	port	M	Haifa		2019	12	24240	11995508.738331612	2061.125	5819.884159539869	8.66903563666827
Haifa_port_KL_IPC_central	port	M	Haifa		2020	1	24241	11980984.877683142	2384.75	5024.000368039896	8.521981781404381
Haifa_port_KL_IPC_central	port	M	Haifa		2020	2	24242	11966478.602160258	2318.2115384615386	5161.9441986306865	8.549068570191205
Haifa_port_KL_IPC_central	port	M	Haifa		2020	3	24243	11952924.116456367	2484.5	4810.997833148065	8.478659791304022
Haifa_port_KL_IPC_central	port	M	Haifa		2020	4	24244	11938451.81619828	2550.7115384615386	4680.439805199986	8.451147359966358
Haifa_port_KL_IPC_central	port	M	Haifa		2020	5	24245	11924463.048494965	2326.7884615384614	5124.859111863812	8.541858313260706
Haifa_port_KL_IPC_central	port	M	Haifa		2020	6	24246	11910025.208183054	2154.3846153846152	5528.272492818928	8.617630657434324
Haifa_port_KL_IPC_central	port	M	Haifa		2020	7	24247	11896069.74908811	2395.326923076923	4966.365816072816	8.510443627485694
Haifa_port_KL_IPC_central	port	M	Haifa		2020	8	24248	11881666.286669867	2188.019230769231	5430.329916475501	8.599755169180902
Haifa_port_KL_IPC_central	port	M	Haifa		2020	9	24249	11867280.263602065	2179.653846153846	5444.5710655124085	8.602374256416956
Haifa_port_KL_IPC_central	port	M	Haifa		2020	10	24250	11853374.890490582	2557.1923076923076	4635.308363330503	8.441458005092374
Haifa_port_KL_IPC_central	port	M	Haifa		2020	11	24251	11839023.12193462	2411.673076923077	4909.049752729913	8.49883566900973
Haifa_port_KL_IPC_central	port	M	Haifa		2020	12	24252	11825150.858860925	2210.9807692307695	5348.373456443521	8.58454776683154
Haifa_port_KL_IPC_central	port	M	Haifa		2021	1	24253	11798551.03074707	2704.936170212766	4361.859315082846	8.380653693853295
Haifa_port_KL_IPC_central	port	M	Haifa		2021	2	24254	11772011.03703737	2615.489361702128	4500.882782935998	8.412028830504589
Haifa_port_KL_IPC_central	port	M	Haifa		2021	3	24255	11748090.746802447	2686.68085106383	4372.715405386026	8.383139469346816
Haifa_port_KL_IPC_central	port	M	Haifa		2021	4	24256	11721664.259879723	2593.2978723404253	4519.983756937663	8.416263679221958
Haifa_port_KL_IPC_central	port	M	Haifa		2021	5	24257	11696146.840714809	2851.297872340426	4102.043127158188	8.319240452267499
Haifa_port_KL_IPC_central	port	M	Haifa		2021	6	24258	11669837.197880588	2768.6595744680853	4214.977278354128	8.346399479758112
Haifa_port_KL_IPC_central	port	M	Haifa		2021	7	24259	11644432.603382563	2580.950719154392	4511.68343392379	8.414425629795357
Haifa_port_KL_IPC_central	port	M	Haifa		2021	8	24260	11618239.288013466	2730.8078815465105	4254.506282380373	8.355734001932163
Haifa_port_KL_IPC_central	port	M	Haifa		2021	9	24261	11592104.892627276	2290.201277614755	5061.609652362284	8.529439824809337
Haifa_port_KL_IPC_central	port	M	Haifa		2021	10	24262	11566869.517087532	2606.1548363861057	4438.289450647929	8.39802432233193
Haifa_port_KL_IPC_central	port	M	Haifa		2021	11	24263	11540850.674314007	2757.3854722550113	4185.432465079251	8.339365314521181
Haifa_port_KL_IPC_central	port	M	Haifa		2021	12	24264	11515726.876391929	2757.3854722550113	4176.321008529242	8.337185996466673
Haifa_port_KL_IPC_central	port	M	Haifa		2022	1	24265	11471709.399864364	2969.3380083915863	3863.3895391647557	8.259300196092582
Haifa_port_KL_IPC_central	port	M	Haifa		2022	2	24266	11427860.174829796	2969.3380083915863	3848.6221987977624	8.255470492788781
Haifa_port_KL_IPC_central	port	M	Haifa		2022	3	24267	11388398.50393877	2969.3380083915863	3835.3324787391152	8.252011405933736
Haifa_port_KL_IPC_central	port	M	Haifa		2022	4	24268	11344867.724751802	3304.4263011656717	3433.2336964966594	8.141257864690651
Haifa_port_KL_IPC_central	port	M	Haifa		2022	5	24269	11302899.597304452	3304.4263011656717	3420.533117448325	8.137551700203101
Haifa_port_KL_IPC_central	port	M	Haifa		2022	6	24270	11259695.62737202	3304.4263011656717	3407.4585423194467	8.1337219968993
Haifa_port_KL_IPC_central	port	M	Haifa		2022	7	24271	11218042.577501994	3154.5523981500437	3556.1439981408153	8.176432090229222
Haifa_port_KL_IPC_central	port	M	Haifa		2022	8	24272	11175162.963289132	3154.5523981500437	3542.5510667829444	8.172602386925421
Haifa_port_KL_IPC_central	port	M	Haifa		2022	9	24273	11132447.251227856	3154.5523981500437	3529.0100927651006	8.16877268362162
Haifa_port_KL_IPC_central	port	M	Haifa		2022	10	24274	11091264.931929354	3898.703183843473	2844.8600493344584	7.953269153552394
Haifa_port_KL_IPC_central	port	M	Haifa		2022	11	24275	11048869.909970034	3898.703183843473	2833.9859150492407	7.949439450248593
Haifa_port_KL_IPC_central	port	M	Haifa		2022	12	24276	11007996.768759305	3898.703183843473	2823.5021363968644	7.945733285761043
Haifa_port_KL_IPC_central	port	M	Haifa		2023	1	24277	10982501.742157474	2803.3808012093723	3917.591836763542	8.2732324166519
Haifa_port_KL_IPC_central	port	M	Haifa		2023	2	24278	10957065.763209408	2803.3808012093723	3908.5185139609125	8.270913684494737
Haifa_port_KL_IPC_central	port	M	Haifa		2023	3	24279	10934141.969568923	2803.3808012093723	3900.34131818694	8.268819345772137
Haifa_port_KL_IPC_central	port	M	Haifa		2023	4	24280	10908817.994077444	3018.370483749055	3614.141488863166	8.192609620596993
Haifa_port_KL_IPC_central	port	M	Haifa		2023	5	24281	10884366.766444726	3018.370483749055	3606.040684881559	8.19036568625135
Haifa_port_KL_IPC_central	port	M	Haifa		2023	6	24282	10859158.072612064	3018.370483749055	3597.688928870034	8.188046954094183
Haifa_port_KL_IPC_central	port	M	Haifa		2023	7	24283	10834818.153651344	2789.650113378685	3883.9344409857736	8.264603950016898
Haifa_port_KL_IPC_central	port	M	Haifa		2023	8	24284	10809724.216683874	2789.650113378685	3874.939070259128	8.26228521785973
Haifa_port_KL_IPC_central	port	M	Haifa		2023	9	24285	10784688.3984281	2789.650113378685	3865.9645332246423	8.259966485702563
Haifa_port_KL_IPC_central	port	M	Haifa		2023	10	24286	10760515.397180757	2389.492214663643	4503.264472320308	8.412557851048641
Haifa_port_KL_IPC_central	port	M	Haifa		2023	11	24287	10735593.54881329	2389.492214663643	4492.834704767803	8.410239118891473
Haifa_port_KL_IPC_central	port	M	Haifa		2023	12	24288	10711530.589675384	2389.492214663643	4482.76438146219	8.40799518454583
Haifa_port_KL_IPC_central	port	M	Haifa		2024	1	24289	10672945.541665085	2406.315894308943	4435.38837394838	8.397370461134745
Haifa_port_KL_IPC_central	port	M	Haifa		2024	2	24290	10634499.484615698	2406.315894308943	4419.411229326465	8.393761760164296
Haifa_port_KL_IPC_central	port	M	Haifa		2024	3	24291	10598659.20428886	2406.315894308943	4404.516975246358	8.390385878611298
Haifa_port_KL_IPC_central	port	M	Haifa		2024	4	24292	10560480.741293432	2087.916666666667	5057.903368410344	8.528707322344042
Haifa_port_KL_IPC_central	port	M	Haifa		2024	5	24293	10523664.79011087	2087.916666666667	5040.2705041440995	8.525215031082316
Haifa_port_KL_IPC_central	port	M	Haifa		2024	6	24294	10485756.4718018	2087.916666666667	5022.114454664602	8.52160633011187
Haifa_port_KL_IPC_central	port	M	Haifa		2024	7	24295	10449201.024390375	2266.458008130081	4610.366036744438	8.436062533433956
Haifa_port_KL_IPC_central	port	M	Haifa		2024	8	24296	10411560.939267116	2266.458008130081	4593.758588034495	8.432453832463507
Haifa_port_KL_IPC_central	port	M	Haifa		2024	9	24297	10374056.44116196	2266.458008130081	4577.210962633706	8.42884513149306
Haifa_port_KL_IPC_central	port	M	Haifa		2024	10	24298	10337890.402431436	2260.8255284552847	4572.617511752368	8.42784107960726
Haifa_port_KL_IPC_central	port	M	Haifa		2024	11	24299	10300651.280145034	2260.8255284552847	4556.146040682309	8.42423237863681
Haifa_port_KL_IPC_central	port	M	Haifa		2024	12	24300	10264741.146509243	2260.8255284552847	4540.262402965104	8.420740087375087
Haifa_port_KL_IPC_high	port	M	Haifa		2018	12	24228	11592601.849288931	2073.0925925925926	5591.936361506805	8.629080903574714
Haifa_port_KL_IPC_high	port	M	Haifa		2019	1	24229	11607032.62923482	2196.6607142857147	5283.944194818026	8.572428104424075
Haifa_port_KL_IPC_high	port	M	Haifa		2019	2	24230	11621481.37300044	1900.767857142857	6114.098220531408	8.718352567178039
Haifa_port_KL_IPC_high	port	M	Haifa		2019	3	24231	11634547.31012652	2245.464285714286	5181.3548690780235	8.552821858790338
Haifa_port_KL_IPC_high	port	M	Haifa		2019	4	24232	11649030.304900745	2273.5	5123.831231537605	8.541657725615805
Haifa_port_KL_IPC_high	port	M	Haifa		2019	5	24233	11663063.27190162	2109.482142857143	5528.875089743511	8.617739654247593
Haifa_port_KL_IPC_high	port	M	Haifa		2019	6	24234	11677581.764105516	2000.4821428571431	5837.383655635774	8.672037971266464
Haifa_port_KL_IPC_high	port	M	Haifa		2019	7	24235	11691649.125530206	2076.1607142857147	5631.379615788856	8.636109738323961
Haifa_port_KL_IPC_high	port	M	Haifa		2019	8	24236	11706203.202167058	1857.25	6302.976552519617	8.74877726945536
Haifa_port_KL_IPC_high	port	M	Haifa		2019	9	24237	11720775.396106653	1829.4285714285716	6406.795859186832	8.765114558978585
Haifa_port_KL_IPC_high	port	M	Haifa		2019	10	24238	11734894.790601576	2064.714285714286	5683.544145451535	8.645330286396948
Haifa_port_KL_IPC_high	port	M	Haifa		2019	11	24239	11749502.700595671	2012.732142857143	5837.58884275423	8.67207312117684
Haifa_port_KL_IPC_high	port	M	Haifa		2019	12	24240	11763656.70134583	2061.125	5707.396058631005	8.64951816687255
Haifa_port_KL_IPC_high	port	M	Haifa		2020	1	24241	11729961.604806283	2384.75	4918.738486133257	8.500807371351437
Haifa_port_KL_IPC_high	port	M	Haifa		2020	2	24242	11696363.022434074	2318.2115384615386	5045.425246307016	8.526237219881045
Haifa_port_KL_IPC_high	port	M	Haifa		2020	3	24243	11665019.220585428	2484.5	4695.117416214703	8.454278400108073
Haifa_port_KL_IPC_high	port	M	Haifa		2020	4	24244	11631606.655194238	2550.7115384615386	4560.141936790642	8.425109028513189
Haifa_port_KL_IPC_high	port	M	Haifa		2020	5	24245	11599363.041116187	2326.7884615384614	4985.138628995411	8.514216491236033
Haifa_port_KL_IPC_high	port	M	Haifa		2020	6	24246	11566138.537257416	2154.3846153846152	5368.650729615682	8.58833189515243
Haifa_port_KL_IPC_high	port	M	Haifa		2020	7	24247	11534076.40530748	2395.326923076923	4815.240998707331	8.479541374632296
Haifa_port_KL_IPC_high	port	M	Haifa		2020	8	24248	11501038.904482858	2188.019230769231	5256.370119032042	8.56719597607028
Haifa_port_KL_IPC_high	port	M	Haifa		2020	9	24249	11468096.034248704	2179.653846153846	5261.429953423555	8.568158123049114
Haifa_port_KL_IPC_high	port	M	Haifa		2020	10	24250	11436305.682863953	2557.1923076923076	4472.211827191222	8.40563838115303
Haifa_port_KL_IPC_high	port	M	Haifa		2020	11	24251	11403548.230498334	2411.673076923077	4728.480132575641	8.461359104813164
Haifa_port_KL_IPC_high	port	M	Haifa		2020	12	24252	11371936.810067398	2210.9807692307695	5143.390195123158	8.545467712063466
Haifa_port_KL_IPC_high	port	M	Haifa		2021	1	24253	11327735.886446549	2704.936170212766	4187.801550065978	8.33993118549664
Haifa_port_KL_IPC_high	port	M	Haifa		2021	2	24254	11283706.764839824	2615.489361702128	4314.185685502665	8.369663868559346
Haifa_port_KL_IPC_high	port	M	Haifa		2021	3	24255	11244085.637967616	2686.68085106383	4185.121442137558	8.339291000934463
Haifa_port_KL_IPC_high	port	M	Haifa		2021	4	24256	11200381.651674788	2593.2978723404253	4318.97229050921	8.37077275722102
Haifa_port_KL_IPC_high	port	M	Haifa		2021	5	24257	11158249.217497088	2851.297872340426	3913.393029097336	8.272160059051805
Haifa_port_KL_IPC_high	port	M	Haifa		2021	6	24258	11114878.863823617	2768.6595744680853	4014.534313399294	8.297676632953833
Haifa_port_KL_IPC_high	port	M	Haifa		2021	7	24259	11073068.06516627	2580.950719154392	4290.30588727947	8.364113311776315
Haifa_port_KL_IPC_high	port	M	Haifa		2021	8	24260	11030028.797188314	2730.8078815465105	4039.108306272278	8.303779230324537
Haifa_port_KL_IPC_high	port	M	Haifa		2021	9	24261	10987156.816052372	2290.201277614755	4797.463403520365	8.475842599613127
Haifa_port_KL_IPC_high	port	M	Haifa		2021	10	24262	10945826.468949145	2606.1548363861057	4199.990850937877	8.342837625920962
Haifa_port_KL_IPC_high	port	M	Haifa		2021	11	24263	10903281.768973917	2757.3854722550113	3954.210203355111	8.282536164521627
Haifa_port_KL_IPC_high	port	M	Haifa		2021	12	24264	10862266.934324645	2757.3854722550113	3939.3356654778477	8.278767375252357
Haifa_port_KL_IPC_high	port	M	Haifa		2022	1	24265	10802270.164606728	2969.3380083915863	3637.938871923186	8.199172556276974
Haifa_port_KL_IPC_high	port	M	Haifa		2022	2	24266	10742604.781734517	2969.3380083915863	3617.8450386500485	8.19363383437188
Haifa_port_KL_IPC_high	port	M	Haifa		2022	3	24267	10688996.779526256	2969.3380083915863	3599.791182182122	8.188631117812438
Haifa_port_KL_IPC_high	port	M	Haifa		2022	4	24268	10629957.052167848	3304.4263011656717	3216.8842889363327	8.076168557968058
Haifa_port_KL_IPC_high	port	M	Haifa		2022	5	24269	10573132.34191836	3304.4263011656717	3199.6877455516483	8.070808504511517
Haifa_port_KL_IPC_high	port	M	Haifa		2022	6	24270	10514732.58152295	3304.4263011656717	3182.0145535743272	8.06526978260642
Haifa_port_KL_IPC_high	port	M	Haifa		2022	7	24271	10458523.82833951	3154.5523981500437	3315.3748958086126	8.10632598696735
Haifa_port_KL_IPC_high	port	M	Haifa		2022	8	24272	10400757.097921994	3154.5523981500437	3297.0627160992526	8.100787265062257
Haifa_port_KL_IPC_high	port	M	Haifa		2022	9	24273	10343309.436925547	3154.5523981500437	3278.851682093244	8.095248543157163
Haifa_port_KL_IPC_high	port	M	Haifa		2022	10	24274	10288017.062846327	3898.703183843473	2638.8305489580903	7.878091124118938
Haifa_port_KL_IPC_high	port	M	Haifa		2022	11	24275	10231192.111452151	3898.703183843473	2624.2552020505177	7.872552402213844
Haifa_port_KL_IPC_high	port	M	Haifa		2022	12	24276	10176499.08452957	3898.703183843473	2610.226684273316	7.867192348757302
Haifa_port_KL_IPC_high	port	M	Haifa		2023	1	24277	10137474.69248648	2803.3808012093723	3616.1604189174714	8.193168084166711
Haifa_port_KL_IPC_high	port	M	Haifa		2023	2	24278	10098599.949469252	2803.3808012093723	3602.2933256561996	8.189325956528098
Haifa_port_KL_IPC_high	port	M	Haifa		2023	3	24279	10063615.42750255	2803.3808012093723	3589.813921519734	8.18585564769322
Haifa_port_KL_IPC_high	port	M	Haifa		2023	4	24280	10025023.916752968	3018.370483749055	3321.3364531384814	8.108122527036628
Haifa_port_KL_IPC_high	port	M	Haifa		2023	5	24281	9987818.204532249	3018.370483749055	3309.010029851136	8.10440433899926
Haifa_port_KL_IPC_high	port	M	Haifa		2023	6	24282	9949517.357646575	3018.370483749055	3296.3207834210225	8.100562211360643
Haifa_port_KL_IPC_high	port	M	Haifa		2023	7	24283	9912591.871720798	2789.650113378685	3553.3459282874587	8.175644953591632
Haifa_port_KL_IPC_high	port	M	Haifa		2023	8	24284	9874579.499474509	2789.650113378685	3539.7197132779174	8.171802825953016
Haifa_port_KL_IPC_high	port	M	Haifa		2023	9	24285	9836712.895404946	2789.650113378685	3526.14575147964	8.167960698314399
Haifa_port_KL_IPC_high	port	M	Haifa		2023	10	24286	9800206.058890304	2389.492214663643	4101.376015686174	8.319077809968752
Haifa_port_KL_IPC_high	port	M	Haifa		2023	11	24287	9762624.658826446	2389.492214663643	4085.648238950501	8.315235682330135
Haifa_port_KL_IPC_high	port	M	Haifa		2023	12	24288	9726392.78480885	2389.492214663643	4070.485237457861	8.311517494292767
Haifa_port_KL_IPC_high	port	M	Haifa		2024	1	24289	9675675.118132949	2406.315894308943	4020.949677062934	8.299273391788603
Haifa_port_KL_IPC_high	port	M	Haifa		2024	2	24290	9625221.915556936	2406.315894308943	3999.982686529672	8.294045311725078
Haifa_port_KL_IPC_high	port	M	Haifa		2024	3	24291	9578261.957800504	2406.315894308943	3980.467394349001	8.289154527149524
Haifa_port_KL_IPC_high	port	M	Haifa		2024	4	24292	9528316.710054709	2087.916666666667	4563.552205973118	8.42585659178919
Haifa_port_KL_IPC_high	port	M	Haifa		2024	5	24293	9480230.583367871	2087.916666666667	4540.521532644759	8.420797159469648
Haifa_port_KL_IPC_high	port	M	Haifa		2024	6	24294	9430796.51409107	2087.916666666667	4516.845267175926	8.415569079406128
Haifa_port_KL_IPC_high	port	M	Haifa		2024	7	24295	9383202.538183888	2266.458008130081	4140.029289986894	8.328458141670394
Haifa_port_KL_IPC_high	port	M	Haifa		2024	8	24296	9334274.415578416	2266.458008130081	4118.441366261874	8.32323006160687
Haifa_port_KL_IPC_high	port	M	Haifa		2024	9	24297	9285601.425607242	2266.458008130081	4096.96601141454	8.318001981543345
Haifa_port_KL_IPC_high	port	M	Haifa		2024	10	24298	9238740.199212058	2260.8255284552847	4086.445452305403	8.315430788599729
Haifa_port_KL_IPC_high	port	M	Haifa		2024	11	24299	9190565.366435332	2260.8255284552847	4065.136938149673	8.310202708536204
Haifa_port_KL_IPC_high	port	M	Haifa		2024	12	24300	9144183.754238533	2260.8255284552847	4044.6215946996676	8.305143276216663
Haifa_port_KL_IPC_low	port	M	Haifa		2018	12	24228	11592601.849288931	2073.0925925925926	5591.936361506805	8.629080903574714
Haifa_port_KL_IPC_low	port	M	Haifa		2019	1	24229	11645207.67587182	2196.6607142857147	5301.32286708577	8.575711665959277
Haifa_port_KL_IPC_low	port	M	Haifa		2019	2	24230	11698052.221339948	1900.767857142857	6154.382386770733	8.724919690248445
Haifa_port_KL_IPC_low	port	M	Haifa		2019	3	24231	11745988.86347694	2245.464285714286	5230.984495369305	8.562354779376408
Haifa_port_KL_IPC_low	port	M	Haifa		2019	4	24232	11799290.741798157	2273.5	5189.923352451356	8.554474207737078
Haifa_port_KL_IPC_low	port	M	Haifa		2019	5	24233	11851103.49304688	2109.482142857143	5618.015555701934	8.633733776564224
Haifa_port_KL_IPC_low	port	M	Haifa		2019	6	24234	11904882.368857171	2000.4821428571431	5951.006566774095	8.691315655118297
Haifa_port_KL_IPC_low	port	M	Haifa		2019	7	24235	11957158.791425385	2076.1607142857147	5759.264544960404	8.658565062371151
Haifa_port_KL_IPC_low	port	M	Haifa		2019	8	24236	12011418.933366198	1857.25	6467.31400369697	8.774516155037752
Haifa_port_KL_IPC_low	port	M	Haifa		2019	9	24237	12065925.301275471	1829.4285714285716	6595.461276661587	8.794137006096179
Haifa_port_KL_IPC_low	port	M	Haifa		2019	10	24238	12118908.891552309	2064.714285714286	5869.533123978838	8.6775303737099
Haifa_port_KL_IPC_low	port	M	Haifa		2019	11	24239	12173903.03590502	2012.732142857143	6048.446674391429	8.707556770024993
Haifa_port_KL_IPC_low	port	M	Haifa		2019	12	24240	12227360.775317356	2061.125	5932.372260448714	8.68817945591606
Haifa_port_KL_IPC_low	port	M	Haifa		2020	1	24241	12232454.824541518	2384.75	5129.44955426838	8.542753633044939
Haifa_port_KL_IPC_low	port	M	Haifa		2020	2	24242	12237550.99600109	2318.2115384615386	5278.875889006418	8.571468454224535
Haifa_port_KL_IPC_low	port	M	Haifa		2020	3	24243	12242320.304262849	2484.5	4927.478488332803	8.502582673382197
Haifa_port_KL_IPC_low	port	M	Haifa		2020	4	24244	12247420.585786749	2550.7115384615386	4801.570228977667	8.476698274437306
Haifa_port_KL_IPC_low	port	M	Haifa		2020	5	24245	12252358.365213994	2326.7884615384614	5265.780954196753	8.56898474295046
Haifa_port_KL_IPC_low	port	M	Haifa		2020	6	24246	12257462.828701405	2154.3846153846152	5689.542499129441	8.646385119516848
Haifa_port_KL_IPC_low	port	M	Haifa		2020	7	24247	12262404.65684896	2395.326923076923	5119.303147604277	8.540773604787026
Haifa_port_KL_IPC_low	port	M	Haifa		2020	8	24248	12267513.305728829	2188.019230769231	5606.6752673905885	8.631713178875
Haifa_port_KL_IPC_low	port	M	Haifa		2020	9	24249	12272624.082926482	2179.653846153846	5630.5381263095505	8.635960298503827
Haifa_port_KL_IPC_low	port	M	Haifa		2020	10	24250	12277572.02362065	2557.1923076923076	4801.192302467203	8.476619562398051
Haifa_port_KL_IPC_low	port	M	Haifa		2020	11	24251	12282686.991387716	2411.673076923077	5093.014931799351	8.535625258708178
Haifa_port_KL_IPC_low	port	M	Haifa		2020	12	24252	12287638.989133902	2210.9807692307695	5557.551273233797	8.622912871748794
Haifa_port_KL_IPC_low	port	M	Haifa		2021	1	24253	12279847.952056097	2704.936170212766	4539.792135313191	8.420636504813915
Haifa_port_KL_IPC_low	port	M	Haifa		2021	2	24254	12272061.854923123	2615.489361702128	4692.0710267911845	8.453629347508574
Haifa_port_KL_IPC_low	port	M	Haifa		2021	3	24255	12265033.494443685	2686.68085106383	4565.124841525992	8.426201140196422
Haifa_port_KL_IPC_low	port	M	Haifa		2021	4	24256	12257256.790489389	2593.2978723404253	4726.51326375683	8.46094305611493
Haifa_port_KL_IPC_low	port	M	Haifa		2021	5	24257	12249735.64281749	2851.297872340426	4296.196395910947	8.365485351137925
Haifa_port_KL_IPC_low	port	M	Haifa		2021	6	24258	12241968.638540192	2768.6595744680853	4421.622922309659	8.394262084671903
Haifa_port_KL_IPC_low	port	M	Haifa		2021	7	24259	12234456.871796705	2580.950719154392	4740.290769986159	8.4638537566866
Haifa_port_KL_IPC_low	port	M	Haifa		2021	8	24260	12226699.555098249	2730.8078815465105	4477.319564558319	8.406779834866771
Haifa_port_KL_IPC_low	port	M	Haifa		2021	9	24261	12218947.156964058	2290.201277614755	5335.315841623359	8.582103363787311
Haifa_port_KL_IPC_low	port	M	Haifa		2021	10	24262	12211449.516379915	2606.1548363861057	4685.619344594755	8.452253383287358
Haifa_port_KL_IPC_low	port	M	Haifa		2021	11	24263	12203706.787606714	2757.3854722550113	4425.825446025298	8.395212081519976
Haifa_port_KL_IPC_low	port	M	Haifa		2021	12	24264	12196218.498631213	2757.3854722550113	4423.109725263422	8.394598285442918
Haifa_port_KL_IPC_low	port	M	Haifa		2022	1	24265	12170044.883159224	2969.3380083915863	4098.571751941243	8.31839383881827
Haifa_port_KL_IPC_low	port	M	Haifa		2022	2	24266	12143927.437404674	2969.3380083915863	4089.7760386607943	8.316245489263913
Haifa_port_KL_IPC_low	port	M	Haifa		2022	3	24267	12120385.665198913	2969.3380083915863	4081.847748873902	8.314305044505137
Haifa_port_KL_IPC_low	port	M	Haifa		2022	4	24268	12094374.790286437	3304.4263011656717	3660.0528164359475	8.205232857011495
Haifa_port_KL_IPC_low	port	M	Haifa		2022	5	24269	12069256.125603689	3304.4263011656717	3652.4512958107525	8.203153809055662
Haifa_port_KL_IPC_low	port	M	Haifa		2022	6	24270	12043354.976907482	3304.4263011656717	3644.6129764368056	8.201005459501307
Haifa_port_KL_IPC_low	port	M	Haifa		2022	7	24271	12018342.274674816	3154.5523981500437	3809.84075006104	8.24534266936295
Haifa_port_KL_IPC_low	port	M	Haifa		2022	8	24272	11992550.389317617	3154.5523981500437	3801.6646660713354	8.243194319808593
Haifa_port_KL_IPC_low	port	M	Haifa		2022	9	24273	11966813.854468375	3154.5523981500437	3793.5061283135433	8.241045970254232
Haifa_port_KL_IPC_low	port	M	Haifa		2022	10	24274	11941960.119592212	3898.703183843473	3063.0595755739027	8.027169556716725
Haifa_port_KL_IPC_low	port	M	Haifa		2022	11	24275	11916332.153662683	3898.703183843473	3056.4861164719805	8.025021207162368
Haifa_port_KL_IPC_low	port	M	Haifa		2022	12	24276	11891583.263636844	3898.703183843473	3050.1381364235376	8.022942159206536
Haifa_port_KL_IPC_low	port	M	Haifa		2023	1	24277	11882059.70523339	2803.3808012093723	4238.475094110474	8.351958835921835
Haifa_port_KL_IPC_low	port	M	Haifa		2023	2	24278	11872543.773918996	2803.3808012093723	4235.0806457678555	8.351157649589108
Haifa_port_KL_IPC_low	port	M	Haifa		2023	3	24279	11863955.289748205	2803.3808012093723	4232.017029092202	8.35043399741761
Haifa_port_KL_IPC_low	port	M	Haifa		2023	4	24280	11854453.857635004	3018.370483749055	3927.4349923110944	8.275741818066908
Haifa_port_KL_IPC_low	port	M	Haifa		2023	5	24281	11845266.168527031	3018.370483749055	3924.3910687246957	8.274966476454594
Haifa_port_KL_IPC_low	port	M	Haifa		2023	6	24282	11835779.703885617	3018.370483749055	3921.2481594322517	8.274165290121864
Haifa_port_KL_IPC_low	port	M	Haifa		2023	7	24283	11826606.488014543	2789.650113378685	4239.45871609352	8.352190878777908
Haifa_port_KL_IPC_low	port	M	Haifa		2023	8	24284	11817134.967266949	2789.650113378685	4236.0634800020225	8.351389692445181
Haifa_port_KL_IPC_low	port	M	Haifa		2023	9	24285	11807671.031933216	2789.650113378685	4232.670963037854	8.350588506112452
Haifa_port_KL_IPC_low	port	M	Haifa		2023	10	24286	11798519.601438526	2389.492214663643	4937.668149339145	8.504648464191858
Haifa_port_KL_IPC_low	port	M	Haifa		2023	11	24287	11789070.574508512	2389.492214663643	4933.713741422674	8.503847277859132
Haifa_port_KL_IPC_low	port	M	Haifa		2023	12	24288	11779933.560133	2389.492214663643	4929.889910434884	8.503071936246814
Haifa_port_KL_IPC_low	port	M	Haifa		2024	1	24289	11756363.059251605	2406.315894308943	4885.6274801891095	8.494053006624789
Haifa_port_KL_IPC_low	port	M	Haifa		2024	2	24290	11732839.72064909	2406.315894308943	4875.851814966539	8.492050099443404
Haifa_port_KL_IPC_low	port	M	Haifa		2024	3	24291	11710876.629538303	2406.315894308943	4866.724546529867	8.49017641208017
Haifa_port_KL_IPC_low	port	M	Haifa		2024	4	24292	11687444.304855874	2087.916666666667	5597.658417811633	8.630103649601976
Haifa_port_KL_IPC_low	port	M	Haifa		2024	5	24293	11664812.504103994	2087.916666666667	5586.819000169543	8.628165352329669
Haifa_port_KL_IPC_low	port	M	Haifa		2024	6	24294	11641472.34925458	2087.916666666667	5575.640318940528	8.626162445148283
Haifa_port_KL_IPC_low	port	M	Haifa		2024	7	24295	11618929.569516338	2266.458008130081	5126.47025792568	8.54217264245978
Haifa_port_KL_IPC_low	port	M	Haifa		2024	8	24296	11595681.221954685	2266.458008130081	5116.212689738553	8.540169735278395
Haifa_port_KL_IPC_low	port	M	Haifa		2024	9	24297	11572479.392074464	2266.458008130081	5105.975645947319	8.53816682809701
Haifa_port_KL_IPC_low	port	M	Haifa		2024	10	24298	11550070.211677529	2260.8255284552847	5108.784409192843	8.538716770200624
Haifa_port_KL_IPC_low	port	M	Haifa		2024	11	24299	11526959.64499094	2260.8255284552847	5098.562228668201	8.536713863019235
Haifa_port_KL_IPC_low	port	M	Haifa		2024	12	24300	11504638.60994207	2260.8255284552847	5088.689270862332	8.534775565746928
Haifa_port_KL_SIPG_central	port	M	Haifa		2020	12	24252	4425.189502838618	2210.9807692307695	2.001459969449758	0.6938768989755683
Haifa_port_KL_SIPG_central	port	M	Haifa		2021	1	24253	7162.258570124578	2704.936170212766	2.64784753481307	0.9737470589296032
Haifa_port_KL_SIPG_central	port	M	Haifa		2021	2	24254	11592.260126355486	2615.489361702128	4.432157246019685	1.4888864285131753
Haifa_port_KL_SIPG_central	port	M	Haifa		2021	3	24255	17908.079042292993	2686.68085106383	6.665502914200633	1.896945406778105
Haifa_port_KL_SIPG_central	port	M	Haifa		2021	4	24256	28984.587555596245	2593.2978723404253	11.176729007778016	2.413833849585526
Haifa_port_KL_SIPG_central	port	M	Haifa		2021	5	24257	46189.10012170928	2851.297872340426	16.19932472498777	2.784969557726821
Haifa_port_KL_SIPG_central	port	M	Haifa		2021	6	24258	74757.99126361596	2768.6595744680853	27.001510750189812	3.2958928181497122
Haifa_port_KL_SIPG_central	port	M	Haifa		2021	7	24259	119132.4298387795	2580.950719154392	46.158351244231184	3.832077903282711
Haifa_port_KL_SIPG_central	port	M	Haifa		2021	8	24260	192818.24338714225	2730.8078815465105	70.60849819942129	4.257150508351796
Haifa_port_KL_SIPG_central	port	M	Haifa		2021	9	24261	312080.22058491496	2290.201277614755	136.26759518270228	4.9146205641612495
Haifa_port_KL_SIPG_central	port	M	Haifa		2021	10	24262	497323.0868630598	2606.1548363861057	190.82637758878752	5.251363996779595
Haifa_port_KL_SIPG_central	port	M	Haifa		2021	11	24263	804927.4587497052	2757.3854722550113	291.916914355623	5.676469221901127
Haifa_port_KL_SIPG_central	port	M	Haifa		2021	12	24264	1282711.8865013774	2757.3854722550113	465.19135587247644	6.142448838942371
Haifa_port_KL_SIPG_central	port	M	Haifa		2022	1	24265	1309369.187429925	2969.3380083915863	440.96333382374894	6.088961728733449
Haifa_port_KL_SIPG_central	port	M	Haifa		2022	2	24266	1336580.480022753	2969.3380083915863	450.1274278123507	6.1095307155948175
Haifa_port_KL_SIPG_central	port	M	Haifa		2022	3	24267	1361644.161072729	2969.3380083915863	458.5682590613173	6.12810915534057
Haifa_port_KL_SIPG_central	port	M	Haifa		2022	4	24268	1389941.8314547492	3304.4263011656717	420.6303015335619	6.0417543042626525
Haifa_port_KL_SIPG_central	port	M	Haifa		2022	5	24269	1417886.4815044862	3304.4263011656717	429.0870342619872	6.061659775418817
Haifa_port_KL_SIPG_central	port	M	Haifa		2022	6	24270	1447352.9790225504	3304.4263011656717	438.004315155094	6.082228762280185
Haifa_port_KL_SIPG_central	port	M	Haifa		2022	7	24271	1476451.874805041	3154.5523981500437	468.03846899829324	6.148550491253819
Haifa_port_KL_SIPG_central	port	M	Haifa		2022	8	24272	1507135.4775278212	3154.5523981500437	477.7652380767763	6.169119478115188
Haifa_port_KL_SIPG_central	port	M	Haifa		2022	9	24273	1538456.746463849	3154.5523981500437	487.6941487375711	6.189688464976556
Haifa_port_KL_SIPG_central	port	M	Haifa		2022	10	24274	1569387.2749389815	3898.703183843473	402.54084523352367	5.997796570551041
Haifa_port_KL_SIPG_central	port	M	Haifa		2022	11	24275	1602002.2598796678	3898.703183843473	410.9064435883421	6.01836555741241
Haifa_port_KL_SIPG_central	port	M	Haifa		2022	12	24276	1634210.3649371048	3898.703183843473	419.1676790655412	6.038271028568572
Haifa_port_KL_SIPG_central	port	M	Haifa		2023	1	24277	1625644.835944167	2803.3808012093723	579.8872687017288	6.362833720341911
Haifa_port_KL_SIPG_central	port	M	Haifa		2023	2	24278	1617124.202203703	2803.3808012093723	576.8478550991287	6.357578549067224
Haifa_port_KL_SIPG_central	port	M	Haifa		2023	3	24279	1609466.538591883	2803.3808012093723	574.1162734286982	6.352831942754603
Haifa_port_KL_SIPG_central	port	M	Haifa		2023	4	24280	1601030.7015691488	3018.370483749055	530.4288225017831	6.273685778461941
Haifa_port_KL_SIPG_central	port	M	Haifa		2023	5	24281	1592909.0897297838	3018.370483749055	527.7380952093279	6.268600128841275
Haifa_port_KL_SIPG_central	port	M	Haifa		2023	6	24282	1584560.036704582	3018.370483749055	524.9720156077173	6.263344957566588
Haifa_port_KL_SIPG_central	port	M	Haifa		2023	7	24283	1576521.976259103	2789.650113378685	565.1325120302267	6.337060238214282
Haifa_port_KL_SIPG_central	port	M	Haifa		2023	8	24284	1568258.8144377235	2789.650113378685	562.1704338177115	6.331805066939594
Haifa_port_KL_SIPG_central	port	M	Haifa		2023	9	24285	1560038.96304545	2789.650113378685	559.2238810034885	6.326549895664908
Haifa_port_KL_SIPG_central	port	M	Haifa		2023	10	24286	1552125.2916213337	2389.492214663643	649.5628159390419	6.476299545735963
Haifa_port_KL_SIPG_central	port	M	Haifa		2023	11	24287	1543990.0022661188	2389.492214663643	646.158205827617	6.471044374461276
Haifa_port_KL_SIPG_central	port	M	Haifa		2023	12	24288	1536157.7430408762	2389.492214663643	642.8804135095763	6.465958724840611
Haifa_port_KL_SIPG_central	port	M	Haifa		2024	1	24289	1528128.08709127	2406.315894308943	635.0488274234356	6.453701889516745
Haifa_port_KL_SIPG_central	port	M	Haifa		2024	2	24290	1520140.402986653	2406.315894308943	631.7293612953564	6.448461076633519
Haifa_port_KL_SIPG_central	port	M	Haifa		2024	3	24291	1512705.856382835	2406.315894308943	628.6397641974022	6.443558380710503
Haifa_port_KL_SIPG_central	port	M	Haifa		2024	4	24292	1504798.7858786923	2087.916666666667	720.7178379782201	6.580247712530466
Haifa_port_KL_SIPG_central	port	M	Haifa		2024	5	24293	1497186.137071299	2087.916666666667	717.0717878609294	6.5751759581273435
Haifa_port_KL_SIPG_central	port	M	Haifa		2024	6	24294	1489360.1897506772	2087.916666666667	713.3235792060716	6.569935145244117
Haifa_port_KL_SIPG_central	port	M	Haifa		2024	7	24295	1481825.6434853007	2266.458008130081	653.8067937591601	6.482811885424804
Haifa_port_KL_SIPG_central	port	M	Haifa		2024	8	24296	1474079.9870588083	2266.458008130081	650.3892777942899	6.477571072541577
Haifa_port_KL_SIPG_central	port	M	Haifa		2024	9	24297	1466374.817982323	2266.458008130081	646.9896255400475	6.472330259658352
Haifa_port_KL_SIPG_central	port	M	Haifa		2024	10	24298	1458956.5527537374	2260.8255284552847	645.3202754440647	6.469746744631151
Haifa_port_KL_SIPG_central	port	M	Haifa		2024	11	24299	1451330.4354379168	2260.8255284552847	641.947119391182	6.464505931747925
Haifa_port_KL_SIPG_central	port	M	Haifa		2024	12	24300	1443988.2784584244	2260.8255284552847	638.6995636257847	6.459434177344803
Haifa_port_KL_SIPG_high	port	M	Haifa		2020	12	24252	4425.189502838618	2210.9807692307695	2.001459969449758	0.6938768989755683
Haifa_port_KL_SIPG_high	port	M	Haifa		2021	1	24253	7162.2165975813	2704.936170212766	2.6478320177950567	0.9737411986739518
Haifa_port_KL_SIPG_high	port	M	Haifa		2021	2	24254	11592.124259935865	2615.489361702128	4.432105299175009	1.4888747080018725
Haifa_port_KL_SIPG_high	port	M	Haifa		2021	3	24255	17907.774363177516	2686.68085106383	6.665389510662078	1.8969283931326653
Haifa_port_KL_SIPG_high	port	M	Haifa		2021	4	24256	28983.924572589855	2593.2978723404253	11.176473355308064	2.4138109756844344
Haifa_port_KL_SIPG_high	port	M	Haifa		2021	5	24257	46187.781667295225	2851.297872340426	16.198862319980265	2.7849410126105836
Haifa_port_KL_SIPG_high	port	M	Haifa		2021	6	24258	74755.41923137102	2768.6595744680853	27.000581769151964	3.295858412777824
Haifa_port_KL_SIPG_high	port	M	Haifa		2021	7	24259	119127.65551325648	2580.950719154392	46.156501412117926	3.832037826695677
Haifa_port_KL_SIPG_high	port	M	Haifa		2021	8	24260	192809.3861292677	2730.8078815465105	70.6052547424449	4.25710457150911
Haifa_port_KL_SIPG_high	port	M	Haifa		2021	9	24261	312064.0561536793	2290.201277614755	136.26053709947018	4.914568767062913
Haifa_port_KL_SIPG_high	port	M	Haifa		2021	10	24262	497294.50736521767	2606.1548363861057	190.81541143380582	5.251306528466113
Haifa_port_KL_SIPG_high	port	M	Haifa		2021	11	24263	804876.4854595361	2757.3854722550113	291.8984282604861	5.676405893331993
Haifa_port_KL_SIPG_high	port	M	Haifa		2021	12	24264	1282623.3827113206	2757.3854722550113	465.1592588766275	6.14237983915809
Haifa_port_KL_SIPG_high	port	M	Haifa		2022	1	24265	1307522.590589367	2969.3380083915863	440.3414454313399	6.087550438314362
Haifa_port_KL_SIPG_high	port	M	Haifa		2022	2	24266	1332905.1598042725	2969.3380083915863	448.8896703700879	6.106777134540924
Haifa_port_KL_SIPG_high	port	M	Haifa		2022	3	24267	1356254.6121118227	2969.3380083915863	456.7531915460412	6.124143182745562
Haifa_port_KL_SIPG_high	port	M	Haifa		2022	4	24268	1382583.2023883746	3304.4263011656717	418.4034008870628	6.036446041032838
Haifa_port_KL_SIPG_high	port	M	Haifa		2022	5	24269	1408549.0265800883	3304.4263011656717	426.26129264350897	6.055052521252093
Haifa_port_KL_SIPG_high	port	M	Haifa		2022	6	24270	1435892.7936530851	3304.4263011656717	434.5361835264895	6.074279217478655
Haifa_port_KL_SIPG_high	port	M	Haifa		2022	7	24271	1462859.8071201502	3154.5523981500437	463.72975385605577	6.139301955515381
Haifa_port_KL_SIPG_high	port	M	Haifa		2022	8	24272	1491257.8941384351	3154.5523981500437	472.7320094644707	6.1585286517419435
Haifa_port_KL_SIPG_high	port	M	Haifa		2022	9	24273	1520207.2652526896	3154.5523981500437	481.909023335355	6.177755347968506
Haifa_port_KL_SIPG_high	port	M	Haifa		2022	10	24274	1548757.760091863	3898.703183843473	397.24946656879007	5.984564462606081
Haifa_port_KL_SIPG_high	port	M	Haifa		2022	11	24275	1578823.359971812	3898.703183843473	404.96115901168827	6.003791158832644
Haifa_port_KL_SIPG_high	port	M	Haifa		2022	12	24276	1608474.7037202248	3898.703183843473	412.56659660213893	6.022397639051898
Haifa_port_KL_SIPG_high	port	M	Haifa		2023	1	24277	1597124.1652246052	2803.3808012093723	569.7135988573544	6.3451337764092095
Haifa_port_KL_SIPG_high	port	M	Haifa		2023	2	24278	1585853.7241802188	2803.3808012093723	565.6932955722908	6.338052050718495
Haifa_port_KL_SIPG_high	port	M	Haifa		2023	3	24279	1575742.34621565	2803.3808012093723	562.0864441733631	6.331655653320432
Haifa_port_KL_SIPG_high	port	M	Haifa		2023	4	24280	1564622.7904535786	3018.370483749055	518.3667143836476	6.250682934611742
Haifa_port_KL_SIPG_high	port	M	Haifa		2023	5	24281	1553936.64720397	3018.370483749055	514.8263460600297	6.243829651685244
Haifa_port_KL_SIPG_high	port	M	Haifa		2023	6	24282	1542970.967922196	3018.370483749055	511.19336616547616	6.23674792599453
Haifa_port_KL_SIPG_high	port	M	Haifa		2023	7	24283	1532432.7034319902	2789.650113378685	549.327923269913	6.308695573336391
Haifa_port_KL_SIPG_high	port	M	Haifa		2023	8	24284	1521618.7712314895	2789.650113378685	545.4514757725588	6.301613847645677
Haifa_port_KL_SIPG_high	port	M	Haifa		2023	9	24285	1510881.1498075568	2789.650113378685	541.6023832385391	6.294532121954963
Haifa_port_KL_SIPG_high	port	M	Haifa		2023	10	24286	1500562.0540494716	2389.492214663643	627.9836547869642	6.442514138720187
Haifa_port_KL_SIPG_high	port	M	Haifa		2023	11	24287	1489973.0237587492	2389.492214663643	623.5521566528666	6.435432413029473
Haifa_port_KL_SIPG_high	port	M	Haifa		2023	12	24288	1479796.7274226064	2389.492214663643	619.293387248349	6.4285791301029755
Haifa_port_KL_SIPG_high	port	M	Haifa		2024	1	24289	1469382.662783365	2406.315894308943	610.6358131359762	6.414500730948918
Haifa_port_KL_SIPG_high	port	M	Haifa		2024	2	24290	1459041.887090031	2406.315894308943	606.3384655941217	6.4074383542355005
Haifa_port_KL_SIPG_high	port	M	Haifa		2024	3	24291	1449434.1502680755	2406.315894308943	602.3457492410117	6.400831614729402
Haifa_port_KL_SIPG_high	port	M	Haifa		2024	4	24292	1439233.762166457	2087.916666666667	689.315711275094	6.535699382719174
Haifa_port_KL_SIPG_high	port	M	Haifa		2024	5	24293	1429430.77309371	2087.916666666667	684.6206057523256	6.528864824609415
Haifa_port_KL_SIPG_high	port	M	Haifa		2024	6	24294	1419371.1586936656	2087.916666666667	679.8025904739168	6.521802447895998
Haifa_port_KL_SIPG_high	port	M	Haifa		2024	7	24295	1409703.4588907524	2266.458008130081	621.9852535692088	6.432916384370049
Haifa_port_KL_SIPG_high	port	M	Haifa		2024	8	24296	1399782.6754000224	2266.458008130081	617.6080343773497	6.425854007656633
Haifa_port_KL_SIPG_high	port	M	Haifa		2024	9	24297	1389931.709390727	2266.458008130081	613.2616198512659	6.418791630943215
Haifa_port_KL_SIPG_high	port	M	Haifa		2024	10	24298	1380464.5292027695	2260.8255284552847	610.6019734065794	6.414445312209376
Haifa_port_KL_SIPG_high	port	M	Haifa		2024	11	24299	1370749.5145842866	2260.8255284552847	606.3048640117113	6.407382935495961
Haifa_port_KL_SIPG_high	port	M	Haifa		2024	12	24300	1361412.9892287974	2260.8255284552847	602.1751665901378	6.400548377386202
Haifa_port_KL_SIPG_low	port	M	Haifa		2020	12	24252	4425.189502838618	2210.9807692307695	2.001459969449758	0.6938768989755683
Haifa_port_KL_SIPG_low	port	M	Haifa		2021	1	24253	7162.3005400179	2704.936170212766	2.647863050851409	0.9737529187809256
Haifa_port_KL_SIPG_low	port	M	Haifa		2021	2	24254	11592.395984993258	2615.489361702128	4.432209189889066	1.4888981482158201
Haifa_port_KL_SIPG_low	port	M	Haifa		2021	3	24255	17908.38370557033	2686.68085106383	6.665616311844128	1.8969624192496877
Haifa_port_KL_SIPG_low	port	M	Haifa		2021	4	24256	28985.250508023688	2593.2978723404253	11.176984648456441	2.413856721908431
Haifa_port_KL_SIPG_low	port	M	Haifa		2021	5	24257	46190.418522788656	2851.297872340426	16.19978711128987	2.784998100873588
Haifa_port_KL_SIPG_low	port	M	Haifa		2021	6	24258	74760.5632068876	2768.6595744680853	27.002439699091788	3.295927221147802
Haifa_port_KL_SIPG_low	port	M	Haifa		2021	7	24259	119137.2040262206	2580.950719154392	46.16020102284403	3.83211797710466
Haifa_port_KL_SIPG_low	port	M	Haifa		2021	8	24260	192827.1004407518	2730.8078815465105	70.61174158159746	4.257196442025068
Haifa_port_KL_SIPG_low	port	M	Haifa		2021	9	24261	312096.3847380909	2290.201277614755	136.27465314452158	4.914672357685844
Haifa_port_KL_SIPG_low	port	M	Haifa		2021	10	24262	497351.66603135254	2606.1548363861057	190.83734361731882	5.251421461128052
Haifa_port_KL_SIPG_low	port	M	Haifa		2021	11	24263	804978.4317508058	2757.3854722550113	291.9354003459256	5.676532546100906
Haifa_port_KL_SIPG_low	port	M	Haifa		2021	12	24264	1282800.3902914345	2757.3854722550113	465.2234528683254	6.14251783396601
Haifa_port_KL_SIPG_low	port	M	Haifa		2022	1	24265	1311191.00244214	2969.3380083915863	441.5768763059677	6.0903521301543
Haifa_port_KL_SIPG_low	port	M	Haifa		2022	2	24266	1340209.948404088	2969.3380083915863	451.34974348374874	6.112242523412882
Haifa_port_KL_SIPG_low	port	M	Haifa		2022	3	24267	1366972.2364659111	2969.3380083915863	460.36262379114083	6.132014491517407
Haifa_port_KL_SIPG_low	port	M	Haifa		2022	4	24268	1397225.7185197086	3304.4263011656717	422.8345834273327	6.046981046836701
Haifa_port_KL_SIPG_low	port	M	Haifa		2022	5	24269	1427140.643506335	3304.4263011656717	431.8875694104287	6.068165298377264
Haifa_port_KL_SIPG_low	port	M	Haifa		2022	6	24270	1458725.757449972	3304.4263011656717	441.44599531101386	6.090055691635844
Haifa_port_KL_SIPG_low	port	M	Haifa		2022	7	24271	1489957.412458733	3154.5523981500437	472.3197539316525	6.157656200993878
Haifa_port_KL_SIPG_low	port	M	Haifa		2022	8	24272	1522932.7711648326	3154.5523981500437	482.7730146622201	6.179546594252458
Haifa_port_KL_SIPG_low	port	M	Haifa		2022	9	24273	1556637.9321274988	3154.5523981500437	493.45762430206383	6.20143698751104
Haifa_port_KL_SIPG_low	port	M	Haifa		2022	10	24274	1589965.9093853657	3898.703183843473	407.81917330211417	6.010823873469923
Haifa_port_KL_SIPG_low	port	M	Haifa		2022	11	24275	1625154.630723335	3898.703183843473	416.8449235782045	6.032714266728504
Haifa_port_KL_SIPG_low	port	M	Haifa		2022	12	24276	1659949.566305586	3898.703183843473	425.76966956205973	6.053898518269066
Haifa_port_KL_SIPG_low	port	M	Haifa		2023	1	24277	1654204.3644146586	2803.3808012093723	590.0747995780804	6.380249307809892
Haifa_port_KL_SIPG_low	port	M	Haifa		2023	2	24278	1648479.0470704867	2803.3808012093723	588.0325093042431	6.376782234302691
Haifa_port_KL_SIPG_low	port	M	Haifa		2023	3	24279	1643324.826636797	2803.3808012093723	586.1939362386553	6.3736506840381235
Haifa_port_KL_SIPG_low	port	M	Haifa		2023	4	24280	1637637.1641360535	3018.370483749055	542.5567116273872	6.2962926175129486
Haifa_port_KL_SIPG_low	port	M	Haifa		2023	5	24281	1632151.7184391024	3018.370483749055	540.7393582817709	6.292937385086626
Haifa_port_KL_SIPG_low	port	M	Haifa		2023	6	24282	1626502.7268496011	3018.370483749055	538.8678214310379	6.289470311579427
Haifa_port_KL_SIPG_low	port	M	Haifa		2023	7	24283	1621054.577174283	2789.650113378685	581.0960196764398	6.364916009421463
Haifa_port_KL_SIPG_low	port	M	Haifa		2023	8	24284	1615443.9935691403	2789.650113378685	579.0848055896856	6.361448935914264
Haifa_port_KL_SIPG_low	port	M	Haifa		2023	9	24285	1609852.8285874226	2789.650113378685	577.080552455967	6.357981862407063
Haifa_port_KL_SIPG_low	port	M	Haifa		2023	10	24286	1604460.4495765576	2389.492214663643	671.4650249665741	6.50946192967246
Haifa_port_KL_SIPG_low	port	M	Haifa		2023	11	24287	1598907.2994110736	2389.492214663643	669.1410374133166	6.505994856165262
Haifa_port_KL_SIPG_low	port	M	Haifa		2023	12	24288	1593551.5836533615	2389.492214663643	666.899675953821	6.502639623738939
Haifa_port_KL_SIPG_low	port	M	Haifa		2024	1	24289	1588051.2331830978	2406.315894308943	659.9512711273354	6.492166000669533
Haifa_port_KL_SIPG_low	port	M	Haifa		2024	2	24290	1582569.867887591	2406.315894308943	657.6733635140954	6.488708400040769
Haifa_port_KL_SIPG_low	port	M	Haifa		2024	3	24291	1577459.2684218092	2406.315894308943	655.5495361820861	6.4854738704203125
Haifa_port_KL_SIPG_low	port	M	Haifa		2024	4	24292	1572014.4626697456	2087.916666666667	752.9105388959067	6.623946414494736
Haifa_port_KL_SIPG_low	port	M	Haifa		2024	5	24293	1566763.1903499106	2087.916666666667	750.3954613529804	6.620600349370126
Haifa_port_KL_SIPG_low	port	M	Haifa		2024	6	24294	1561355.3035019203	2087.916666666667	747.8053738584331	6.617142748741361
Haifa_port_KL_SIPG_low	port	M	Haifa		2024	7	24295	1556139.637818551	2266.458008130081	686.5953978571298	6.531745178200559
Haifa_port_KL_SIPG_low	port	M	Haifa		2024	8	24296	1550768.4195433017	2266.458008130081	684.2255245764504	6.528287577571794
Haifa_port_KL_SIPG_low	port	M	Haifa		2024	9	24297	1545415.740726247	2266.458008130081	681.863831221509	6.524829976943029
Haifa_port_KL_SIPG_low	port	M	Haifa		2024	10	24298	1540253.320726541	2260.8255284552847	681.2791616781342	6.5239721511943385
Haifa_port_KL_SIPG_low	port	M	Haifa		2024	11	24299	1534936.9361401314	2260.8255284552847	678.927638077796	6.520514550565573
Haifa_port_KL_SIPG_low	port	M	Haifa		2024	12	24300	1529809.520307229	2260.8255284552847	676.6596984387713	6.517168485440963
Haifa_port_KL_cluster_central	port	M	Haifa		2018	12	24228	12763818.207287256	2073.0925925925926	6156.897310276397	8.725328246239783
Haifa_port_KL_cluster_central	port	M	Haifa		2019	1	24229	12793461.585698424	2196.6607142857147	5824.049887403052	8.669751155671403
Haifa_port_KL_cluster_central	port	M	Haifa		2019	2	24230	12823216.894057246	1900.767857142857	6746.33509077352	8.81675468690108
Haifa_port_KL_cluster_central	port	M	Haifa		2019	3	24231	12850098.939659864	2245.464285714286	5722.691303269705	8.6521944812845
Haifa_port_KL_cluster_central	port	M	Haifa		2019	4	24232	12880068.200114096	2273.5	5665.303804756585	8.642115800401312
Haifa_port_KL_cluster_central	port	M	Haifa		2019	5	24233	12909148.07764445	2109.482142857143	6119.5815861043175	8.719249004885546
Haifa_port_KL_cluster_central	port	M	Haifa		2019	6	24234	12939339.253773548	2000.4821428571431	6468.110350284473	8.774639281510717
Haifa_port_KL_cluster_central	port	M	Haifa		2019	7	24235	12968634.51609541	2076.1607142857147	6246.450203426162	8.73976861392402
Haifa_port_KL_cluster_central	port	M	Haifa		2019	8	24236	12999048.533643642	1857.25	6999.083878661269	8.853534544995677
Haifa_port_KL_cluster_central	port	M	Haifa		2019	9	24237	13029576.110208822	1829.4285714285716	7122.210898911584	8.87097347571487
Haifa_port_KL_cluster_central	port	M	Haifa		2019	10	24238	13059197.871645138	2064.714285714286	6324.941887602295	8.752256125822651
Haifa_port_KL_cluster_central	port	M	Haifa		2019	11	24239	13089949.700635994	2012.732142857143	6503.572642335983	8.780106942170942
Haifa_port_KL_cluster_central	port	M	Haifa		2019	12	24240	13119789.114850037	2061.125	6365.35344282857	8.758625038566644
Haifa_port_KL_cluster_central	port	M	Haifa		2020	1	24241	13086722.888533028	2384.75	5487.670778292495	8.610259178228096
Haifa_port_KL_cluster_central	port	M	Haifa		2020	2	24242	13054053.915267166	2318.2115384615386	5631.088319028201	8.636058009562129
Haifa_port_KL_cluster_central	port	M	Haifa		2020	3	24243	13023787.158617629	2484.5	5242.01535867081	8.564461313804815
Haifa_port_KL_cluster_central	port	M	Haifa		2020	4	24244	12991864.422751844	2550.7115384615386	5093.427550254422	8.535706271967916
Haifa_port_KL_cluster_central	port	M	Haifa		2020	5	24245	12961298.844833707	2326.7884615384614	5570.467216544369	8.625234210291204
Haifa_port_KL_cluster_central	port	M	Haifa		2020	6	24246	12930104.914265295	2154.3846153846152	6001.76255527007	8.69980846428308
Haifa_port_KL_cluster_central	port	M	Haifa		2020	7	24247	12900230.72904032	2395.326923076923	5385.582487616887	8.591480752286076
Haifa_port_KL_cluster_central	port	M	Haifa		2020	8	24248	12869736.817782355	2188.019230769231	5881.91211338568	8.679637177381382
Haifa_port_KL_cluster_central	port	M	Haifa		2020	9	24249	12839587.962930612	2179.653846153846	5890.654603522012	8.681122408589436
Haifa_port_KL_cluster_central	port	M	Haifa		2020	10	24250	12810705.266182752	2557.1923076923076	5009.676130984276	8.519126547475247
Haifa_port_KL_cluster_central	port	M	Haifa		2020	11	24251	12958941.530682491	2411.673076923077	5373.423808842325	8.589220565124636
Haifa_port_KL_cluster_central	port	M	Haifa		2020	12	24252	12934571.321241856	2210.9807692307695	5850.150983331244	8.674222749009305
Haifa_port_KL_cluster_central	port	M	Haifa		2021	1	24253	12911149.350491537	2704.936170212766	4773.180784327331	8.470768192745197
Haifa_port_KL_cluster_central	port	M	Haifa		2021	2	24254	12889489.75667928	2615.489361702128	4928.136946537209	8.50271629430313
Haifa_port_KL_cluster_central	port	M	Haifa		2021	3	24255	12872165.057859411	2686.68085106383	4791.103138566865	8.474515964217023
Haifa_port_KL_cluster_central	port	M	Haifa		2021	4	24256	12857284.184464006	2593.2978723404253	4957.8894586684855	8.508735416797673
Haifa_port_KL_cluster_central	port	M	Haifa		2021	5	24257	12849389.583170136	2851.297872340426	4506.505513793617	8.41327730151588
Haifa_port_KL_cluster_central	port	M	Haifa		2021	6	24258	12852136.997573595	2768.6595744680853	4642.006953867829	8.442902084865969
Haifa_port_KL_cluster_central	port	M	Haifa		2021	7	24259	12871543.868983258	2580.950719154392	4987.13275439851	8.514616425283755
Haifa_port_KL_cluster_central	port	M	Haifa		2021	8	24260	12919543.60392037	2730.8078815465105	4731.033512545664	8.46189895921326
Haifa_port_KL_cluster_central	port	M	Haifa		2021	9	24261	13013188.049716596	2290.201277614755	5682.115444136785	8.645078879725649
Haifa_port_KL_cluster_central	port	M	Haifa		2021	10	24262	13173660.751431758	2606.1548363861057	5054.82658493897	8.528098825216064
Haifa_port_KL_cluster_central	port	M	Haifa		2021	11	24263	13455782.231288545	2757.3854722550113	4879.906116385063	8.492881260216448
Haifa_port_KL_cluster_central	port	M	Haifa		2021	12	24264	13908926.815683346	2757.3854722550113	5044.244613470208	8.526003191838779
Haifa_port_KL_cluster_central	port	M	Haifa		2022	1	24265	13885752.811208203	2969.3380083915863	4676.379978286728	8.450279580686225
Haifa_port_KL_cluster_central	port	M	Haifa		2022	2	24266	13863335.164659576	2969.3380083915863	4668.830266369368	8.448663840994518
Haifa_port_KL_cluster_central	port	M	Haifa		2022	3	24267	13843615.46291623	2969.3380083915863	4662.189155897061	8.447240392753095
Haifa_port_KL_cluster_central	port	M	Haifa		2022	4	24268	13822667.371490492	3304.4263011656717	4183.076307864514	8.338802213653173
Haifa_port_KL_cluster_central	port	M	Haifa		2022	5	24269	13803101.936729563	3304.4263011656717	4177.155330067543	8.337385750798225
Haifa_port_KL_cluster_central	port	M	Haifa		2022	6	24270	13783715.32103058	3304.4263011656717	4171.288467280456	8.335980252026168
Haifa_port_KL_cluster_central	port	M	Haifa		2022	7	24271	13765682.792796714	3154.5523981500437	4363.751510632527	8.381087404596792
Haifa_port_KL_cluster_central	port	M	Haifa		2022	8	24272	13747902.66603426	3154.5523981500437	4358.115171615657	8.379794942786306
Haifa_port_KL_cluster_central	port	M	Haifa		2022	9	24273	13730956.781198762	3154.5523981500437	4352.743289111681	8.378561566487248
Haifa_port_KL_cluster_central	port	M	Haifa		2022	10	24274	13715320.971234296	3898.703183843473	3517.918734637621	8.165624825155092
Haifa_port_KL_cluster_central	port	M	Haifa		2022	11	24275	13700053.316838564	3898.703183843473	3514.0026492944226	8.16451102267232
Haifa_port_KL_cluster_central	port	M	Haifa		2022	12	24276	13686065.903319046	3898.703183843473	3510.414940033178	8.163489526006556
Haifa_port_KL_cluster_central	port	M	Haifa		2023	1	24277	13646250.352798391	2803.3808012093723	4867.78333750143	8.490393945619278
Haifa_port_KL_cluster_central	port	M	Haifa		2023	2	24278	13606575.047376182	2803.3808012093723	4853.630673901432	8.487482296432873
Haifa_port_KL_cluster_central	port	M	Haifa		2023	3	24279	13570733.50678261	2803.3808012093723	4840.845560805805	8.484844687097775
Haifa_port_KL_cluster_central	port	M	Haifa		2023	4	24280	13531323.791858723	3018.370483749055	4482.989700804305	8.408045446763621
Haifa_port_KL_cluster_central	port	M	Haifa		2023	5	24281	13493275.51297651	3018.370483749055	4470.384131313394	8.405229619332244
Haifa_port_KL_cluster_central	port	M	Haifa		2023	6	24282	13454137.78723519	3018.370483749055	4457.417623075908	8.40232486904514
Haifa_port_KL_cluster_central	port	M	Haifa		2023	7	24283	13416351.835567337	2789.650113378685	4809.331382177574	8.47831334765332
Haifa_port_KL_cluster_central	port	M	Haifa		2023	8	24284	13377483.748463957	2789.650113378685	4795.398420865696	8.475412074765721
Haifa_port_KL_cluster_central	port	M	Haifa		2023	9	24285	13424112.375931656	2789.650113378685	4812.1132867351025	8.478891619364228
Haifa_port_KL_cluster_central	port	M	Haifa		2023	10	24286	13386499.116386024	2389.492214663643	5602.235920350288	8.630921068526712
Haifa_port_KL_cluster_central	port	M	Haifa		2023	11	24287	13347815.192040808	2389.492214663643	5586.046738352614	8.628027113522144
Haifa_port_KL_cluster_central	port	M	Haifa		2023	12	24288	13310459.743428506	2389.492214663643	5570.413522063788	8.625224571110632
Haifa_port_KL_cluster_central	port	M	Haifa		2024	1	24289	13244725.25309066	2406.315894308943	5504.150674653771	8.613257754720632
Haifa_port_KL_cluster_central	port	M	Haifa		2024	2	24290	13179731.05722438	2406.315894308943	5477.140839403131	8.608338499151504
Haifa_port_KL_cluster_central	port	M	Haifa		2024	3	24291	13119489.324948443	2406.315894308943	5452.105999871708	8.603757235010347
Haifa_port_KL_cluster_central	port	M	Haifa		2024	4	24292	13055877.047193265	2087.916666666667	6253.064241321858	8.740826901194655
Haifa_port_KL_cluster_central	port	M	Haifa		2024	5	24293	12994925.332728269	2087.916666666667	6223.871642096955	8.736147442589168
Haifa_port_KL_cluster_central	port	M	Haifa		2024	6	24294	12932652.046795484	2087.916666666667	6194.0460810834475	8.731343800137932
Haifa_port_KL_cluster_central	port	M	Haifa		2024	7	24295	12994347.677845009	2266.458008130081	5733.328228995457	8.654051483841549
Haifa_port_KL_cluster_central	port	M	Haifa		2024	8	24296	12932983.594575122	2266.458008130081	5706.253346932888	8.649317930881182
Haifa_port_KL_cluster_central	port	M	Haifa		2024	9	24297	12872246.508212795	2266.458008130081	5679.455106619388	8.644610575180229
Haifa_port_KL_cluster_central	port	M	Haifa		2024	10	24298	12813993.611990524	2260.8255284552847	5667.838340778875	8.642563079016897
Haifa_port_KL_cluster_central	port	M	Haifa		2024	11	24299	12754447.86806998	2260.8255284552847	5641.50028719133	8.637905317485409
Haifa_port_KL_cluster_central	port	M	Haifa		2024	12	24300	12757196.081539553	2260.8255284552847	5642.715866825842	8.638120765261776
Haifa_port_KL_cluster_high	port	M	Haifa		2018	12	24228	12763818.207287256	2073.0925925925926	6156.897310276397	8.725328246239783
Haifa_port_KL_cluster_high	port	M	Haifa		2019	1	24229	12772109.469818234	2196.6607142857147	5814.329626216912	8.668080774767454
Haifa_port_KL_cluster_high	port	M	Haifa		2019	2	24230	12780452.949994512	1900.767857142857	6723.836844129653	8.813414229530016
Haifa_port_KL_cluster_high	port	M	Haifa		2019	3	24231	12787943.613570511	2245.464285714286	5695.0109137463505	8.647345792252818
Haifa_port_KL_cluster_high	port	M	Haifa		2019	4	24232	12796386.26326612	2273.5	5628.496267106277	8.635597592581753
Haifa_port_KL_cluster_high	port	M	Haifa		2019	5	24233	12804575.950131038	2109.482142857143	6070.009169543457	8.711115394685592
Haifa_port_KL_cluster_high	port	M	Haifa		2019	6	24234	12813120.27638655	2000.4821428571431	6405.016071818818	8.764836723589017
Haifa_port_KL_cluster_high	port	M	Haifa		2019	7	24235	12821408.217931936	2076.1607142857147	6175.537437785991	8.72835119216817
Haifa_port_KL_cluster_high	port	M	Haifa		2019	8	24236	12830053.556154948	1857.25	6908.0918326315505	8.840448732842301
Haifa_port_KL_cluster_high	port	M	Haifa		2019	9	24237	12838749.931006284	1829.4285714285716	7017.901727084491	8.856219553064852
Haifa_port_KL_cluster_high	port	M	Haifa		2019	10	24238	12847184.806985188	2064.714285714286	6222.257915235336	8.735888128741722
Haifa_port_KL_cluster_high	port	M	Haifa		2019	11	24239	12855981.208586456	2012.732142857143	6387.328415363281	8.76207137158572
Haifa_port_KL_cluster_high	port	M	Haifa		2019	12	24240	12864512.750704288	2061.125	6241.5005158368795	8.738975899737403
Haifa_port_KL_cluster_high	port	M	Haifa		2020	1	24241	12809952.71708838	2384.75	5371.612419368228	8.588883406746984
Haifa_port_KL_cluster_high	port	M	Haifa		2020	2	24242	12755988.772966428	2318.2115384615386	5502.512847223525	8.612960148195443
Haifa_port_KL_cluster_high	port	M	Haifa		2020	3	24243	12705976.875125209	2484.5	5114.098158633612	8.539756349768142
Haifa_port_KL_cluster_high	port	M	Haifa		2020	4	24244	12653131.160627214	2550.7115384615386	4960.628032544578	8.509287631168037
Haifa_port_KL_cluster_high	port	M	Haifa		2020	5	24245	12602494.502274385	2326.7884615384614	5416.261387999868	8.59716107561362
Haifa_port_KL_cluster_high	port	M	Haifa		2020	6	24246	12550739.249515356	2154.3846153846152	5825.6725191452015	8.670029725700116
Haifa_port_KL_cluster_high	port	M	Haifa		2020	7	24247	12501136.258074343	2395.326923076923	5218.968708461715	8.560055095929274
Haifa_port_KL_cluster_high	port	M	Haifa		2020	8	24248	12450426.971140752	2188.019230769231	5690.273100005441	8.6465135224546
Haifa_port_KL_cluster_high	port	M	Haifa		2020	9	24249	12400232.823555196	2179.653846153846	5689.083542066226	8.646304449484841
Haifa_port_KL_cluster_high	port	M	Haifa		2020	10	24250	12352109.906413104	2557.1923076923076	4830.3406315030115	8.482672268280616
Haifa_port_KL_cluster_high	port	M	Haifa		2020	11	24251	12480624.840914307	2411.673076923077	5175.089841297088	8.551611978619993
Haifa_port_KL_cluster_high	port	M	Haifa		2020	12	24252	12437321.283930792	2210.9807692307695	5625.250774233512	8.635020808164827
Haifa_port_KL_cluster_high	port	M	Haifa		2021	1	24253	12394748.668253	2704.936170212766	4582.270297076197	8.429949852342109
Haifa_port_KL_cluster_high	port	M	Haifa		2021	2	24254	12354045.148417342	2615.489361702128	4723.416324804886	8.460287614392579
Haifa_port_KL_cluster_high	port	M	Haifa		2021	3	24255	12319610.7156172	2686.68085106383	4585.43883645096	8.430641091441162
Haifa_port_KL_cluster_high	port	M	Haifa		2021	4	24256	12285887.34711001	2593.2978723404253	4737.5534751131845	8.463276136949812
Haifa_port_KL_cluster_high	port	M	Haifa		2021	5	24257	12259857.919542724	2851.297872340426	4299.74645527985	8.366311336054808
Haifa_port_KL_cluster_high	port	M	Haifa		2021	6	24258	12243968.403232755	2768.6595744680853	4422.3452085419585	8.394425424526416
Haifa_port_KL_cluster_high	port	M	Haifa		2021	7	24259	12245437.68761685	2580.950719154392	4744.545332360656	8.4647508860864
Haifa_port_KL_cluster_high	port	M	Haifa		2021	8	24260	12275002.03160214	2730.8078815465105	4495.00754503849	8.410722625444576
Haifa_port_KL_cluster_high	port	M	Haifa		2021	9	24261	12350310.92614864	2290.201277614755	5392.674891445127	8.592796810086977
Haifa_port_KL_cluster_high	port	M	Haifa		2021	10	24262	12493131.830599723	2606.1548363861057	4793.702836138339	8.475058426451957
Haifa_port_KL_cluster_high	port	M	Haifa		2021	11	24263	12757103.920491451	2757.3854722550113	4626.521771748726	8.439560627556911
Haifa_port_KL_cluster_high	port	M	Haifa		2021	12	24264	13192765.35493231	2757.3854722550113	4784.51978792184	8.473140941049795
Haifa_port_KL_cluster_high	port	M	Haifa		2022	1	24265	13150229.5332519	2969.3380083915863	4428.6738310318	8.395855457280847
Haifa_port_KL_cluster_high	port	M	Haifa		2022	2	24266	13108574.281013437	2969.3380083915863	4414.64536673412	8.39268278517633
Haifa_port_KL_cluster_high	port	M	Haifa		2022	3	24267	13071582.328735111	2969.3380083915863	4402.187387152886	8.389856829820298
Haifa_port_KL_cluster_high	port	M	Haifa		2022	4	24268	13031622.661089323	3304.4263011656717	3943.686883406139	8.27987132195382
Haifa_port_KL_cluster_high	port	M	Haifa		2022	5	24269	12993766.772247842	3304.4263011656717	3932.230768065292	8.276962169286817
Haifa_port_KL_cluster_high	port	M	Haifa		2022	6	24270	12955587.690641051	3304.4263011656717	3920.6768467103743	8.274019582856763
Haifa_port_KL_cluster_high	port	M	Haifa		2022	7	24271	12919469.447857708	3154.5523981500437	4095.5000320914637	8.317644096791444
Haifa_port_KL_cluster_high	port	M	Haifa		2022	8	24272	12883100.777892696	3154.5523981500437	4083.9710842805666	8.314825099014772
Haifa_port_KL_cluster_high	port	M	Haifa		2022	9	24273	12847664.03781867	3154.5523981500437	4072.737560280519	8.31207067156325
Haifa_port_KL_cluster_high	port	M	Haifa		2022	10	24274	12814223.02397164	3898.703183843473	3286.7911250784027	8.097667025882522
Haifa_port_KL_cluster_high	port	M	Haifa		2022	11	24275	12780644.781932203	3898.703183843473	3278.1784555685545	8.09504319820284
Haifa_port_KL_cluster_high	port	M	Haifa		2022	12	24276	12749018.82311443	3898.703183843473	3270.066538008676	8.092565611699166
Haifa_port_KL_cluster_high	port	M	Haifa		2023	1	24277	12691494.482676994	2803.3808012093723	4527.210315916379	8.41786120447839
Haifa_port_KL_cluster_high	port	M	Haifa		2023	2	24278	12634268.046489004	2803.3808012093723	4506.796950681338	8.413341969685836
Haifa_port_KL_cluster_high	port	M	Haifa		2023	3	24279	12582708.353550348	2803.3808012093723	4488.404981628681	8.40925267967974
Haifa_port_KL_cluster_high	port	M	Haifa		2023	4	24280	12526044.158992104	3018.370483749055	4149.935942732174	8.330848177619393
Haifa_port_KL_cluster_high	port	M	Haifa		2023	5	24281	12471444.728919197	3018.370483749055	4131.846900857802	8.326479777485757
Haifa_port_KL_cluster_high	port	M	Haifa		2023	6	24282	12415354.595720014	3018.370483749055	4113.263982193187	8.321972148566443
Haifa_port_KL_cluster_high	port	M	Haifa		2023	7	24283	12361307.569177017	2789.650113378685	4431.131886358901	8.396410335224806
Haifa_port_KL_cluster_high	port	M	Haifa		2023	8	24284	12305784.51330351	2789.650113378685	4411.228653474166	8.391908535867353
Haifa_port_KL_cluster_high	port	M	Haifa		2023	9	24285	12335907.578748465	2789.650113378685	4422.026805292736	8.39435342320199
Haifa_port_KL_cluster_high	port	M	Haifa		2023	10	24286	12282462.351112174	2389.492214663643	5140.197685407029	8.544846817905556
Haifa_port_KL_cluster_high	port	M	Haifa		2023	11	24287	12227563.46243218	2389.492214663643	5117.222557744718	8.540367101653425
Haifa_port_KL_cluster_high	port	M	Haifa		2023	12	24288	12174655.111573888	2389.492214663643	5095.080468084996	8.536030739071853
Haifa_port_KL_cluster_high	port	M	Haifa		2024	1	24289	12091830.134716803	2406.315894308943	5025.038550971044	8.522188404732882
Haifa_port_KL_cluster_high	port	M	Haifa		2024	2	24290	12010223.317255436	2406.315894308943	4991.124958140455	8.515416605850337
Haifa_port_KL_cluster_high	port	M	Haifa		2024	3	24291	11934854.137105033	2406.315894308943	4959.803559180055	8.509121413930654
Haifa_port_KL_cluster_high	port	M	Haifa		2024	4	24292	11855493.522087237	2087.916666666667	5678.144971664212	8.644379868877497
Haifa_port_KL_cluster_high	port	M	Haifa		2024	5	24293	11779699.004929733	2087.916666666667	5641.843466739444	8.637966146891248
Haifa_port_KL_cluster_high	port	M	Haifa		2024	6	24294	11702480.81949067	2087.916666666667	5604.8601011330275	8.631389375539639
Haifa_port_KL_cluster_high	port	M	Haifa		2024	7	24295	11750077.17895873	2266.458008130081	5184.334824121898	8.553396823932873
Haifa_port_KL_cluster_high	port	M	Haifa		2024	8	24296	11674503.171356885	2266.458008130081	5150.990280640063	8.546944262675835
Haifa_port_KL_cluster_high	port	M	Haifa		2024	9	24297	11599905.62409243	2266.458008130081	5118.076568143797	8.54053397716738
Haifa_port_KL_cluster_high	port	M	Haifa		2024	10	24298	11528557.8788508	2260.8255284552847	5099.269153567865	8.536852505221542
Haifa_port_KL_cluster_high	port	M	Haifa		2024	11	24299	11455795.951533236	2260.8255284552847	5067.08536653885	8.530521052884584
Haifa_port_KL_cluster_high	port	M	Haifa		2024	12	24300	11446046.625364743	2260.8255284552847	5062.773080585872	8.529669651804108
Haifa_port_KL_cluster_low	port	M	Haifa		2018	12	24228	12763818.207287256	2073.0925925925926	6156.897310276397	8.725328246239783
Haifa_port_KL_cluster_low	port	M	Haifa		2019	1	24229	12814422.344767464	2196.6607142857147	5833.591988708331	8.671388211181894
Haifa_port_KL_cluster_low	port	M	Haifa		2019	2	24230	12865269.35347587	1900.767857142857	6768.459023088872	8.820028721546626
Haifa_port_KL_cluster_low	port	M	Haifa		2019	3	24231	12911315.210571917	2245.464285714286	5749.95349189658	8.656947045392872
Haifa_port_KL_cluster_low	port	M	Haifa		2019	4	24232	12962627.699491628	2273.5	5701.617637779471	8.648505209661806
Haifa_port_KL_cluster_low	port	M	Haifa		2019	5	24233	13012489.304774132	2109.482142857143	6168.570494344001	8.727222403563914
Haifa_port_KL_cluster_low	port	M	Haifa		2019	6	24234	13064286.982805494	2000.4821428571431	6530.569157766499	8.784249378926512
Haifa_port_KL_cluster_low	port	M	Haifa		2019	7	24235	13114620.347983835	2076.1607142857147	6316.765488213087	8.750962566292081
Haifa_port_KL_cluster_low	port	M	Haifa		2019	8	24236	13166907.443568692	1857.25	7089.4642312928745	8.866365049857441
Haifa_port_KL_cluster_low	port	M	Haifa		2019	9	24237	13219444.846820155	1829.4285714285716	7225.9967146447825	8.885440457049965
Haifa_port_KL_cluster_low	port	M	Haifa		2019	10	24238	13270497.458141126	2064.714285714286	6427.2803021509635	8.768306757638083
Haifa_port_KL_cluster_low	port	M	Haifa		2019	11	24239	13323530.729321344	2012.732142857143	6619.624363134645	8.797793904592218
Haifa_port_KL_cluster_low	port	M	Haifa		2019	12	24240	13375065.478995746	2061.125	6489.206369820242	8.77789551713908
Haifa_port_KL_cluster_low	port	M	Haifa		2020	1	24241	13363933.52916758	2384.75	5603.9138396761	8.631220532548573
Haifa_port_KL_cluster_low	port	M	Haifa		2020	2	24242	13353083.01599224	2318.2115384615386	5760.079610704509	8.65870657489729
Haifa_port_KL_cluster_low	port	M	Haifa		2020	3	24243	13343124.961224295	2484.5	5370.5473782347735	8.588685114940306
Haifa_port_KL_cluster_low	port	M	Haifa		2020	4	24244	13332805.215109391	2550.7115384615386	5227.092524602398	8.56161047983852
Haifa_port_KL_cluster_low	port	M	Haifa		2020	5	24245	13323043.855901811	2326.7884615384614	5725.936876570498	8.652761461596334
Haifa_port_KL_cluster_low	port	M	Haifa		2020	6	24246	13313245.095708204	2154.3846153846152	6179.604607569774	8.729009569047328
Haifa_port_KL_cluster_low	port	M	Haifa		2020	7	24247	13303979.28518599	2395.326923076923	5554.139252146982	8.622298739959168
Haifa_port_KL_cluster_low	port	M	Haifa		2020	8	24248	13294683.4752461	2188.019230769231	6076.127343072828	8.712122821868789
Haifa_port_KL_cluster_low	port	M	Haifa		2020	9	24249	13285636.511389747	2179.653846153846	6095.296523727011	8.715272691056349
Haifa_port_KL_cluster_low	port	M	Haifa		2020	10	24250	13277085.80699594	2557.1923076923076	5192.056055798795	8.55488505489706
Haifa_port_KL_cluster_low	port	M	Haifa		2020	11	24251	13446242.057802398	2411.673076923077	5575.482923646405	8.626134215652346
Haifa_port_KL_cluster_low	port	M	Haifa		2020	12	24252	13442032.413118768	2210.9807692307695	6079.66952955246	8.712705619790967
Haifa_port_KL_cluster_low	port	M	Haifa		2021	1	24253	13439074.272698049	2704.936170212766	4968.351719604886	8.510843418129241
Haifa_port_KL_cluster_low	port	M	Haifa		2021	2	24254	13437836.25952891	2615.489361702128	5137.790448049743	8.544378392106646
Haifa_port_KL_cluster_low	port	M	Haifa		2021	3	24255	13438920.757105896	2686.68085106383	5002.0532776658465	8.5176037626535
Haifa_port_KL_cluster_low	port	M	Haifa		2021	4	24256	13444381.793573285	2593.2978723404253	5184.279807178442	8.553386211725668
Haifa_port_KL_cluster_low	port	M	Haifa		2021	5	24257	13456133.516191645	2851.297872340426	4719.301216027096	8.459416020167609
Haifa_port_KL_cluster_low	port	M	Haifa		2021	6	24258	13479141.88337354	2768.6595744680853	4868.472096632953	8.490535428992908
Haifa_port_KL_cluster_low	port	M	Haifa		2021	7	24259	13518117.803771472	2580.950719154392	5237.650491908838	8.563628297356273
Haifa_port_KL_cluster_low	port	M	Haifa		2021	8	24260	13586300.27518626	2730.8078815465105	4975.194471568637	8.512219738591249
Haifa_port_KL_cluster_low	port	M	Haifa		2021	9	24261	13700089.804063912	2290.201277614755	5982.046179946489	8.696517958977296
Haifa_port_KL_cluster_low	port	M	Haifa		2021	10	24262	13880024.3667774	2606.1548363861057	5325.863288316556	8.580330097309274
Haifa_port_KL_cluster_low	port	M	Haifa		2021	11	24263	14182226.189504242	2757.3854722550113	5143.360017018552	8.545461844689616
Haifa_port_KL_cluster_low	port	M	Haifa		2021	12	24264	14654780.890310029	2757.3854722550113	5314.73783327263	8.578238963740606
Haifa_port_KL_cluster_low	port	M	Haifa		2022	1	24265	14652953.940628782	2969.3380083915863	4934.754446687566	8.504058193119517
Haifa_port_KL_cluster_low	port	M	Haifa		2022	2	24266	14651825.527388746	2969.3380083915863	4934.374424865582	8.50398118088731
Haifa_port_KL_cluster_low	port	M	Haifa		2022	3	24267	14651287.673269216	2969.3380083915863	4934.193288828523	8.503944471196029
Haifa_port_KL_cluster_low	port	M	Haifa		2022	4	24268	14651527.334065745	3304.4263011656717	4433.909550016976	8.397036990783928
Haifa_port_KL_cluster_low	port	M	Haifa		2022	5	24269	14652419.778020484	3304.4263011656717	4434.179625326093	8.397097900254696
Haifa_port_KL_cluster_low	port	M	Haifa		2022	6	24270	14654128.21269392	3304.4263011656717	4434.696639330258	8.397214490900303
Haifa_port_KL_cluster_low	port	M	Haifa		2022	7	24271	14656470.050434291	3154.5523981500437	4646.133016851911	8.44379054332342
Haifa_port_KL_cluster_low	port	M	Haifa		2022	8	24272	14659705.219895031	3154.5523981500437	4647.158572636826	8.44401125216037
Haifa_port_KL_cluster_low	port	M	Haifa		2022	9	24273	14663739.240728091	3154.5523981500437	4648.437366051518	8.44428639179234
Haifa_port_KL_cluster_low	port	M	Haifa		2022	10	24274	14668376.225763183	3898.703183843473	3762.3731620683684	8.232805197410725
Haifa_port_KL_cluster_low	port	M	Haifa		2022	11	24275	14674029.320277406	3898.703183843473	3763.8231556297274	8.233190516506346
Haifa_port_KL_cluster_low	port	M	Haifa		2022	12	24276	14680264.351274315	3898.703183843473	3765.422413306677	8.233615328710002
Haifa_port_KL_cluster_low	port	M	Haifa		2023	1	24277	14660833.387627449	2803.3808012093723	5229.697435789957	8.562108703720096
Haifa_port_KL_cluster_low	port	M	Haifa		2023	2	24278	14641445.590905858	2803.3808012093723	5222.781573088312	8.560785407360452
Haifa_port_KL_cluster_low	port	M	Haifa		2023	3	24279	14623845.214002175	2803.3808012093723	5216.503304757413	8.559582591427887
Haifa_port_KL_cluster_low	port	M	Haifa		2023	4	24280	14604539.5822384	3018.370483749055	4838.551019786811	8.484370578811609
Haifa_port_KL_cluster_low	port	M	Haifa		2023	5	24281	14585855.763283608	3018.370483749055	4832.36098478104	8.483090443939496
Haifa_port_KL_cluster_low	port	M	Haifa		2023	6	24282	14566634.301888645	3018.370483749055	4825.992826366276	8.48177175972848
Haifa_port_KL_cluster_low	port	M	Haifa		2023	7	24283	14548031.939988757	2789.650113378685	5215.00236542887	8.559294821016529
Haifa_port_KL_cluster_low	port	M	Haifa		2023	8	24284	14528894.132426493	2789.650113378685	5208.142075864066	8.557978463828144
Haifa_port_KL_cluster_low	port	M	Haifa		2023	9	24285	14595159.21870428	2789.650113378685	5231.89598176072	8.56252901177746
Haifa_port_KL_cluster_low	port	M	Haifa		2023	10	24286	14576460.092486871	2389.492214663643	6100.23334792021	8.716082303187157
Haifa_port_KL_cluster_low	port	M	Haifa		2023	11	24287	14557229.368724251	2389.492214663643	6092.185310079949	8.714762132147287
Haifa_port_KL_cluster_low	port	M	Haifa		2023	12	24288	14538611.57153194	2389.492214663643	6084.393781370184	8.713482375375758
Haifa_port_KL_cluster_low	port	M	Haifa		2024	1	24289	14492829.548469206	2406.315894308943	6022.829165009245	8.70331238887079
Haifa_port_KL_cluster_low	port	M	Haifa		2024	2	24290	14447467.930759028	2406.315894308943	6003.978099852979	8.700177545153926
Haifa_port_KL_cluster_low	port	M	Haifa		2024	3	24291	14405311.40852762	2406.315894308943	5986.4589859531325	8.697255362044
Haifa_port_KL_cluster_low	port	M	Haifa		2024	4	24292	14360740.59990768	2087.916666666667	6878.023835517546	8.83608665645837
Haifa_port_KL_cluster_low	port	M	Haifa		2024	5	24293	14317938.361333955	2087.916666666667	6857.523860946216	8.833101702345802
Haifa_port_KL_cluster_low	port	M	Haifa		2024	6	24294	14274141.230356649	2087.916666666667	6836.547386321284	8.830038115096619
Haifa_port_KL_cluster_low	port	M	Haifa		2024	7	24295	14353455.717328029	2266.458008130081	6332.989919001503	8.753527744694779
Haifa_port_KL_cluster_low	port	M	Haifa		2024	8	24296	14310035.866909612	2266.458008130081	6313.832339084882	8.750498114930231
Haifa_port_KL_cluster_low	port	M	Haifa		2024	9	24297	14266984.717731573	2266.458008130081	6294.837436455489	8.74748512191235
Haifa_port_KL_cluster_low	port	M	Haifa		2024	10	24298	14225608.575201657	2260.8255284552847	6292.218659137905	8.747069015503435
Haifa_port_KL_cluster_low	port	M	Haifa		2024	11	24299	14183262.7466867	2260.8255284552847	6273.488408624549	8.744087843925225
Haifa_port_KL_cluster_low	port	M	Haifa		2024	12	24300	14202431.031387426	2260.8255284552847	6281.966853537467	8.745438403665931
