entity	month	year	pool_type	asset_class_std	engine_bucket	begin_stock_kNIS	dep_rate_monthly_used	investment_kNIS	reconciliation_adjustment_kNIS	end_stock_kNIS
HPC	2018-01	2018	background	mixed	background::mixed	1251366.2270646838	0.008205755847094931	0.0	0.0	1241097.8213300908
HPC	2018-01	2018	mapped_undated	equipment	mapped_undated::equipment	0.0	0.0107923593727995	196.69943849999999	0.0	196.69943849999999
HPC	2018-01	2018	mapped_undated	infrastructure_buildings	mapped_undated::infrastructure_buildings	0.0	0.0042653187775606	153.5520648205128	0.0	153.5520648205128
HPC	2018-01	2018	mapped_undated	spare_parts	mapped_undated::spare_parts	0.0	0.0107923593727995	45.85106079487179	0.0	45.85106079487179
HPC	2018-02	2018	background	mixed	background::mixed	1241097.8213300908	0.008205755847094931	0.0	0.0	1230913.6756258947
HPC	2018-02	2018	mapped_undated	equipment	mapped_undated::equipment	196.69943849999999	0.0107923593727995	393.39887699999997	0.0	587.97546447128
HPC	2018-02	2018	mapped_undated	infrastructure_buildings	mapped_undated::infrastructure_buildings	153.5520648205128	0.0042653187775606	307.1041296410256	0.0	460.0012459561263
HPC	2018-02	2018	mapped_undated	spare_parts	mapped_undated::spare_parts	45.85106079487179	0.0107923593727995	91.70212158974358	0.0	137.05834125889305
HPC	2018-03	2018	background	mixed	background::mixed	1230913.6756258947	0.008205755847094931	0.0	0.0	1220813.0985348583
HPC	2018-03	2018	mapped_undated	equipment	mapped_undated::equipment	587.97546447128	0.0107923593727995	590.0983155	0.0	1171.7281374563172
HPC	2018-03	2018	mapped_undated	infrastructure_buildings	mapped_undated::infrastructure_buildings	460.0012459561263	0.0042653187775606	460.6561944615385	0.0	918.6953884655868
HPC	2018-03	2018	mapped_undated	spare_parts	mapped_undated::spare_parts	137.05834125889305	0.0107923593727995	137.55318238461538	0.0	273.13234076960265
HPC	2018-04	2018	background	mixed	background::mixed	1220813.0985348583	0.008205755847094931	0.0	0.0	1210795.404313346
HPC	2018-04	2018	mapped_undated	equipment	mapped_undated::equipment	1171.7281374563172	0.0107923593727995	786.7977539999999	0.0	1945.8801803096676
HPC	2018-04	2018	mapped_undated	infrastructure_buildings	mapped_undated::infrastructure_buildings	918.6953884655868	0.0042653187775606	614.2082592820512	0.0	1528.9851190563575
HPC	2018-04	2018	mapped_undated	spare_parts	mapped_undated::spare_parts	273.13234076960265	0.0107923593727995	183.40424317948717	0.0	453.5888415711703
HPC	2018-05	2018	background	mixed	background::mixed	1210795.404313346	0.008205755847094931	0.0	0.0	1200859.912844766
HPC	2018-05	2018	mapped_undated	equipment	mapped_undated::equipment	1945.8801803096676	0.0107923593727995	983.4971924999999	0.0	2908.376734607358
HPC	2018-05	2018	mapped_undated	infrastructure_buildings	mapped_undated::infrastructure_buildings	1528.9851190563575	0.0042653187775606	767.760324102564	0.0	2290.22383422
HPC	2018-05	2018	mapped_undated	spare_parts	mapped_undated::spare_parts	453.5888415711703	0.0107923593727995	229.25530397435895	0.0	677.9488517598013
HPC	2018-06	2018	background	mixed	background::mixed	1200859.912844766	0.008205755847094931	0.0	0.0	1191005.949593398
HPC	2018-06	2018	mapped_undated	equipment	mapped_undated::equipment	2908.376734607358	0.0107923593727995	1180.196631	0.0	4057.1851186959857
HPC	2018-06	2018	mapped_undated	infrastructure_buildings	mapped_undated::infrastructure_buildings	2290.22383422	0.0042653187775606	921.312388923077	0.0	3201.7676884181615
HPC	2018-06	2018	mapped_undated	spare_parts	mapped_undated::spare_parts	677.9488517598013	0.0107923593727995	275.10636476923077	0.0	945.7385488844634
HPC	2018-07	2018	background	mixed	background::mixed	1191005.949593398	0.008205755847094931	0.0	0.0	1181232.8455585972
HPC	2018-07	2018	mapped_undated	equipment	mapped_undated::equipment	4057.1851186959857	0.0107923593727995	1376.8960695	0.0	5390.294588353045
HPC	2018-07	2018	mapped_undated	infrastructure_buildings	mapped_undated::infrastructure_buildings	3201.7676884181615	0.0042653187775606	1074.8644537435898	0.0	4262.975582318954
HPC	2018-07	2018	mapped_undated	spare_parts	mapped_undated::spare_parts	945.7385488844634	0.0107923593727995	320.95742556410255	0.0	1256.4892241562948
HPC	2018-08	2018	background	mixed	background::mixed	1181232.8455585972	0.008205755847094931	0.0	0.0	1171539.9372293742
HPC	2018-08	2018	mapped_undated	equipment	mapped_undated::equipment	5390.294588353045	0.0107923593727995	1573.5955079999999	0.0	6905.716100030282
HPC	2018-08	2018	mapped_undated	infrastructure_buildings	mapped_undated::infrastructure_buildings	4262.975582318954	0.0042653187775606	1228.4165185641025	0.0	5473.209151083509
HPC	2018-08	2018	mapped_undated	spare_parts	mapped_undated::spare_parts	1256.4892241562948	0.0107923593727995	366.80848635897433	0.0	1609.7372272601242
HPC	2018-09	2018	background	mixed	background::mixed	1171539.9372293742	0.008205755847094931	0.0	0.0	1161926.566539349
HPC	2018-09	2018	mapped_undated	equipment	mapped_undated::equipment	6905.716100030282	0.0107923593727995	1770.2949465000002	0.0	8601.482076652228
HPC	2018-09	2018	mapped_undated	infrastructure_buildings	mapped_undated::infrastructure_buildings	5473.209151083509	0.0042653187775606	1381.9685833846156	0.0	6831.832752702492
HPC	2018-09	2018	mapped_undated	spare_parts	mapped_undated::spare_parts	1609.7372272601242	0.0107923593727995	412.6595471538462	0.0	2005.0239117616052
HPC	2018-10	2018	background	mixed	background::mixed	1161926.566539349	0.008205755847094931	0.0	0.0	1152392.0808220739
HPC	2018-10	2018	mapped_undated	equipment	mapped_undated::equipment	8601.482076652228	0.0107923593727995	1966.9943849999997	0.0	10475.646175942304
HPC	2018-10	2018	mapped_undated	infrastructure_buildings	mapped_undated::infrastructure_buildings	6831.832752702492	0.0042653187775606	1535.520648205128	0.0	8338.213456382364
HPC	2018-10	2018	mapped_undated	spare_parts	mapped_undated::spare_parts	2005.0239117616052	0.0107923593727995	458.5106079487179	0.0	2441.8955811035353
HPC	2018-11	2018	background	mixed	background::mixed	1152392.0808220739	0.008205755847094931	0.0	0.0	1142935.8327667222
HPC	2018-11	2018	mapped_undated	equipment	mapped_undated::equipment	10475.646175942304	0.0107923593727995	2163.6938235	0.0	12526.283061249242
HPC	2018-11	2018	mapped_undated	infrastructure_buildings	mapped_undated::infrastructure_buildings	8338.213456382364	0.0042653187775606	1689.0727130256412	0.0	9991.721030981189
HPC	2018-11	2018	mapped_undated	spare_parts	mapped_undated::spare_parts	2441.8955811035353	0.0107923593727995	504.3616687435897	0.0	2919.9034351850046
HPC	2018-12	2018	background	mixed	background::mixed	1142935.8327667222	0.008205755847094931	0.0	0.0	1133557.1803741422
HPC	2018-12	2018	mapped_undated	equipment	mapped_undated::equipment	12526.283061249242	0.0107923593727995	2360.393262000002	0.0	14751.488174846829
HPC	2018-12	2018	mapped_undated	infrastructure_buildings	mapped_undated::infrastructure_buildings	9991.721030981189	0.0042653187775606	1842.6247778461523	0.0	11791.72793349375
HPC	2018-12	2018	mapped_undated	spare_parts	mapped_undated::spare_parts	2919.9034351850046	0.0107923593727995	550.2127295384615	0.0	3438.6035175170778
HPC	2019-01	2019	background	mixed	background::mixed	1133557.1803741422	0.008205755847094931	-893.8593329967964	0.0	1123361.627580274
HPC	2019-01	2019	mapped_undated	equipment	mapped_undated::equipment	14751.488174846829	0.0107923593727995	135.56162378205127	0.0	14727.846436962329
HPC	2019-01	2019	mapped_undated	infrastructure_buildings	mapped_undated::infrastructure_buildings	11791.72793349375	0.0042653187775606	120.79575785897435	0.0	11862.228212778107
HPC	2019-01	2019	mapped_undated	spare_parts	mapped_undated::spare_parts	3438.6035175170778	0.0107923593727995	64.47595169230769	0.0	3465.9688243077685
HPC	2019-02	2019	background	mixed	background::mixed	1123361.627580274	0.008205755847094931	-1787.7186659935928	0.0	1112355.8776703614
HPC	2019-02	2019	mapped_undated	equipment	mapped_undated::equipment	14727.846436962329	0.0107923593727995	271.12324756410254	0.0	14840.02147299133
HPC	2019-02	2019	mapped_undated	infrastructure_buildings	mapped_undated::infrastructure_buildings	11862.228212778107	0.0042653187775606	241.5915157179487	0.0	12053.223543756383
HPC	2019-02	2019	mapped_undated	spare_parts	mapped_undated::spare_parts	3465.9688243077685	0.0107923593727995	128.95190338461538	0.0	3557.514746565535
HPC	2019-03	2019	background	mixed	background::mixed	1112355.8776703614	0.008205755847094931	-2681.5779989903895	0.0	1100546.578924127
HPC	2019-03	2019	mapped_undated	equipment	mapped_undated::equipment	14840.02147299133	0.0107923593727995	406.6848713461539	0.0	15086.547499500899
HPC	2019-03	2019	mapped_undated	infrastructure_buildings	mapped_undated::infrastructure_buildings	12053.223543756383	0.0042653187775606	362.38727357692306	0.0	12364.199976621987
HPC	2019-03	2019	mapped_undated	spare_parts	mapped_undated::spare_parts	3557.514746565535	0.0107923593727995	193.4278550769231	0.0	3712.548624023489
HPC	2019-04	2019	background	mixed	background::mixed	1100546.578924127	0.008205755847094931	-3575.4373319871856	0.0	1087940.325067133
HPC	2019-04	2019	mapped_undated	equipment	mapped_undated::equipment	15086.547499500899	0.0107923593727995	542.2464951282051	0.0	15465.97455231968
HPC	2019-04	2019	mapped_undated	infrastructure_buildings	mapped_undated::infrastructure_buildings	12364.199976621987	0.0042653187775606	483.1830314358974	0.0	12794.645753728084
HPC	2019-04	2019	mapped_undated	spare_parts	mapped_undated::spare_parts	3712.548624023489	0.0107923593727995	257.90380676923075	0.0	3930.385271853266
HPC	2019-05	2019	background	mixed	background::mixed	1087940.325067133	0.008205755847094931	-4469.296664983982	0.0	1074543.655718439
HPC	2019-05	2019	mapped_undated	equipment	mapped_undated::equipment	15465.97455231968	0.0107923593727995	677.8081189102563	0.0	15976.868315810729
HPC	2019-05	2019	mapped_undated	infrastructure_buildings	mapped_undated::infrastructure_buildings	12794.645753728084	0.0042653187775606	603.9787892948717	0.0	13344.051300237343
HPC	2019-05	2019	mapped_undated	spare_parts	mapped_undated::spare_parts	3930.385271853266	0.0107923593727995	322.3797584615384	0.0	4210.346899987406
HPC	2019-06	2019	background	mixed	background::mixed	1074543.655718439	0.008205755847094931	-5363.155997980779	0.0	1060363.0568345878
HPC	2019-06	2019	mapped_undated	equipment	mapped_undated::equipment	15976.868315810729	0.0107923593727995	813.3697426923078	0.0	16617.80995398691
HPC	2019-06	2019	mapped_undated	infrastructure_buildings	mapped_undated::infrastructure_buildings	13344.051300237343	0.0042653187775606	724.7745471538461	0.0	14011.909214811554
HPC	2019-06	2019	mapped_undated	spare_parts	mapped_undated::spare_parts	4210.346899987406	0.0107923593727995	386.8557101538462	0.0	4551.763033312435
HPC	2019-07	2019	background	mixed	background::mixed	1060363.0568345878	0.008205755847094931	-6257.015330977575	0.0	1045404.9611499464
HPC	2019-07	2019	mapped_undated	equipment	mapped_undated::equipment	16617.80995398691	0.0107923593727995	948.931366474359	0.0	17387.39594344896
HPC	2019-07	2019	mapped_undated	infrastructure_buildings	mapped_undated::infrastructure_buildings	14011.909214811554	0.0042653187775606	845.5703050128204	0.0	14797.714260340963
HPC	2019-07	2019	mapped_undated	spare_parts	mapped_undated::spare_parts	4551.763033312435	0.0107923593727995	451.33166184615385	0.0	4953.9704327232575
HPC	2019-08	2019	background	mixed	background::mixed	1045404.9611499464	0.008205755847094931	-7150.874663974371	0.0	1029675.7486134338
HPC	2019-08	2019	mapped_undated	equipment	mapped_undated::equipment	17387.39594344896	0.0107923593727995	1084.4929902564102	0.0	18284.23790812651
HPC	2019-08	2019	mapped_undated	infrastructure_buildings	mapped_undated::infrastructure_buildings	14797.714260340963	0.0042653187775606	966.3660628717948	0.0	15700.963354713149
HPC	2019-08	2019	mapped_undated	spare_parts	mapped_undated::spare_parts	4953.9704327232575	0.0107923593727995	515.8076135384615	0.0	5416.313017029546
HPC	2019-09	2019	background	mixed	background::mixed	1029675.7486134338	0.008205755847094931	-8044.733996971168	0.0	1013181.7468216661
HPC	2019-09	2019	mapped_undated	equipment	mapped_undated::equipment	18284.23790812651	0.0107923593727995	1220.0546140384618	0.0	19306.962455802706
HPC	2019-09	2019	mapped_undated	infrastructure_buildings	mapped_undated::infrastructure_buildings	15700.963354713149	0.0042653187775606	1087.1618207307693	0.0	16721.155561621268
HPC	2019-09	2019	mapped_undated	spare_parts	mapped_undated::spare_parts	5416.313017029546	0.0107923593727995	580.2835652307692	0.0	5938.141785704961
HPC	2019-10	2019	background	mixed	background::mixed	1013181.7468216661	0.008205755847094931	-8938.593329967964	0.0	995929.2314485465
HPC	2019-10	2019	mapped_undated	equipment	mapped_undated::equipment	19306.962455802706	0.0107923593727995	1355.6162378205127	0.0	20454.211016403046
HPC	2019-10	2019	mapped_undated	infrastructure_buildings	mapped_undated::infrastructure_buildings	16721.155561621268	0.0042653187775606	1207.9575785897434	0.0	17857.792081411517
HPC	2019-10	2019	mapped_undated	spare_parts	mapped_undated::spare_parts	5938.141785704961	0.0107923593727995	644.7595169230768	0.0	6518.814742470073
HPC	2019-11	2019	background	mixed	background::mixed	995929.2314485465	0.008205755847094931	-9832.45266296476	0.0	977924.42667133
HPC	2019-11	2019	mapped_undated	equipment	mapped_undated::equipment	20454.211016403046	0.0107923593727995	1491.1778616025642	0.0	21724.639682029516
HPC	2019-11	2019	mapped_undated	infrastructure_buildings	mapped_undated::infrastructure_buildings	17857.792081411517	0.0042653187775606	1328.7533364487178	0.0	19110.376241969614
HPC	2019-11	2019	mapped_undated	spare_parts	mapped_undated::spare_parts	6518.814742470073	0.0107923593727995	709.2354686153847	0.0	7157.696819700017
HPC	2019-12	2019	background	mixed	background::mixed	977924.42667133	0.008205755847094931	-10726.311995961558	0.0	959173.5055931932
HPC	2019-12	2019	mapped_undated	equipment	mapped_undated::equipment	21724.639682029516	0.0107923593727995	1626.7394853846138	0.0	23116.919048721084
HPC	2019-12	2019	mapped_undated	infrastructure_buildings	mapped_undated::infrastructure_buildings	19110.376241969614	0.0042653187775606	1449.5490943076923	0.0	20478.413489646184
HPC	2019-12	2019	mapped_undated	spare_parts	mapped_undated::spare_parts	7157.696819700017	0.0107923593727995	773.7114203076924	0.0	7854.159803647963
HPC	2020-01	2020	background	mixed	background::mixed	959173.5055931932	0.008205755847094931	326.12620519198487	0.0	951628.8881964852
HPC	2020-01	2020	mapped_undated	equipment	mapped_undated::equipment	23116.919048721084	0.0107923593727995	431.38461538461536	0.0	23298.817566139987
HPC	2020-01	2020	mapped_undated	infrastructure_buildings	mapped_undated::infrastructure_buildings	20478.413489646184	0.0042653187775606	150.28205128205127	0.0	20541.348579336194
HPC	2020-01	2020	mapped_undated	spare_parts	mapped_undated::spare_parts	7854.159803647963	0.0107923593727995	50.19230769230769	0.0	7819.587196167905
HPC	2020-02	2020	background	mixed	background::mixed	951628.8881964852	0.008205755847094931	652.2524103839697	0.0	944472.3062932865
HPC	2020-02	2020	mapped_undated	equipment	mapped_undated::equipment	23298.817566139987	0.0107923593727995	862.7692307692307	0.0	23910.13758477414
HPC	2020-02	2020	mapped_undated	infrastructure_buildings	mapped_undated::infrastructure_buildings	20541.348579336194	0.0042653187775606	300.56410256410254	0.0	20754.297282088435
HPC	2020-02	2020	mapped_undated	spare_parts	mapped_undated::spare_parts	7819.587196167905	0.0107923593727995	100.38461538461539	0.0	7835.580016384534
HPC	2020-03	2020	background	mixed	background::mixed	944472.3062932865	0.008205755847094931	978.3786155759548	0.0	937700.5757590771
HPC	2020-03	2020	mapped_undated	equipment	mapped_undated::equipment	23910.13758477414	0.0107923593727995	1294.1538461538462	0.0	24946.244633460024
HPC	2020-03	2020	mapped_undated	infrastructure_buildings	mapped_undated::infrastructure_buildings	20754.297282088435	0.0042653187775606	450.84615384615387	0.0	21116.61974202222
HPC	2020-03	2020	mapped_undated	spare_parts	mapped_undated::spare_parts	7835.580016384534	0.0107923593727995	150.5769230769231	0.0	7901.592544030309
HPC	2020-04	2020	background	mixed	background::mixed	937700.5757590771	0.008205755847094931	1304.5048207679395	0.0	931310.5385974856
HPC	2020-04	2020	mapped_undated	equipment	mapped_undated::equipment	24946.244633460024	0.0107923593727995	1725.5384615384614	0.0	26402.554257912412
HPC	2020-04	2020	mapped_undated	infrastructure_buildings	mapped_undated::infrastructure_buildings	21116.61974202222	0.0042653187775606	601.1282051282051	0.0	21627.678832446167
HPC	2020-04	2020	mapped_undated	spare_parts	mapped_undated::spare_parts	7901.592544030309	0.0107923593727995	200.76923076923077	0.0	8017.084948446931
HPC	2020-05	2020	background	mixed	background::mixed	931310.5385974856	0.008205755847094931	1630.6310259599243	0.0	925299.0627258881
HPC	2020-05	2020	mapped_undated	equipment	mapped_undated::equipment	26402.554257912412	0.0107923593727995	2156.9230769230767	0.0	28274.53148092426
HPC	2020-05	2020	mapped_undated	infrastructure_buildings	mapped_undated::infrastructure_buildings	21627.678832446167	0.0042653187775606	751.4102564102564	0.0	22286.84014421734
HPC	2020-05	2020	mapped_undated	spare_parts	mapped_undated::spare_parts	8017.084948446931	0.0107923593727995	250.96153846153845	0.0	8181.523225022567
HPC	2020-06	2020	background	mixed	background::mixed	925299.0627258881	0.008205755847094931	1956.7572311519095	0.0	919663.0417627656
HPC	2020-06	2020	mapped_undated	equipment	mapped_undated::equipment	28274.53148092426	0.0107923593727995	2588.3076923076924	0.0	30557.69026839228
HPC	2020-06	2020	mapped_undated	infrastructure_buildings	mapped_undated::infrastructure_buildings	22286.84014421734	0.0042653187775606	901.6923076923077	0.0	23093.471974150027
HPC	2020-06	2020	mapped_undated	spare_parts	mapped_undated::spare_parts	8181.523225022567	0.0107923593727995	301.1538461538462	0.0	8394.379132315064
HPC	2020-07	2020	background	mixed	background::mixed	919663.0417627656	0.008205755847094931	2282.883436343894	0.0	914399.3948168076
HPC	2020-07	2020	mapped_undated	equipment	mapped_undated::equipment	30557.69026839228	0.0107923593727995	3019.6923076923076	0.0	33247.5930011054
HPC	2020-07	2020	mapped_undated	infrastructure_buildings	mapped_undated::infrastructure_buildings	23093.471974150027	0.0042653187775606	1051.974358974359	0.0	24046.945313473974
HPC	2020-07	2020	mapped_undated	spare_parts	mapped_undated::spare_parts	8394.379132315064	0.0107923593727995	351.34615384615387	0.0	8655.130129853744
HPC	2020-08	2020	background	mixed	background::mixed	914399.3948168076	0.008205755847094931	2609.009641535879	0.0	909505.0662777454
HPC	2020-08	2020	mapped_undated	equipment	mapped_undated::equipment	33247.5930011054	0.0107923593727995	3451.076923076923	0.0	36339.84995223382
HPC	2020-08	2020	mapped_undated	infrastructure_buildings	mapped_undated::infrastructure_buildings	24046.945313473974	0.0042653187775606	1202.2564102564102	0.0	25146.63383634185
HPC	2020-08	2020	mapped_undated	spare_parts	mapped_undated::spare_parts	8655.130129853744	0.0107923593727995	401.53846153846155	0.0	8963.259316612477
HPC	2020-09	2020	background	mixed	background::mixed	909505.0662777454	0.008205755847094931	2935.135846727864	0.0	904977.0256089022
HPC	2020-09	2020	mapped_undated	equipment	mapped_undated::equipment	36339.84995223382	0.0107923593727995	3882.4615384615386	0.0	39830.11877045724
HPC	2020-09	2020	mapped_undated	infrastructure_buildings	mapped_undated::infrastructure_buildings	25146.63383634185	0.0042653187775606	1352.5384615384617	0.0	26391.91388838572
HPC	2020-09	2020	mapped_undated	spare_parts	mapped_undated::spare_parts	8963.259316612477	0.0107923593727995	451.7307692307693	0.0	9318.255370146771
HPC	2020-10	2020	background	mixed	background::mixed	904977.0256089022	0.008205755847094931	3261.2620519198485	0.0	900812.2671414452
HPC	2020-10	2020	mapped_undated	equipment	mapped_undated::equipment	39830.11877045724	0.0107923593727995	4313.846153846153	0.0	43714.10396867133
HPC	2020-10	2020	mapped_undated	infrastructure_buildings	mapped_undated::infrastructure_buildings	26391.91388838572	0.0042653187775606	1502.8205128205127	0.0	27782.164475322337
HPC	2020-10	2020	mapped_undated	spare_parts	mapped_undated::spare_parts	9318.255370146771	0.0107923593727995	501.9230769230769	0.0	9719.612486387705
HPC	2020-11	2020	background	mixed	background::mixed	900812.2671414452	0.008205755847094931	3587.388257111834	0.0	897007.8098703263
HPC	2020-11	2020	mapped_undated	equipment	mapped_undated::equipment	43714.10396867133	0.0107923593727995	4745.2307692307695	0.0	47987.556418212276
HPC	2020-11	2020	mapped_undated	infrastructure_buildings	mapped_undated::infrastructure_buildings	27782.164475322337	0.0042653187775606	1653.102564102564	0.0	29316.76725160703
HPC	2020-11	2020	mapped_undated	spare_parts	mapped_undated::spare_parts	9719.612486387705	0.0107923593727995	552.1153846153846	0.0	10166.830320085644
HPC	2020-12	2020	background	mixed	background::mixed	897007.8098703263	0.008205755847094931	3913.514462303819	0.0	893560.6972518968
HPC	2020-12	2020	mapped_undated	equipment	mapped_undated::equipment	47987.556418212276	0.0107923593727995	5176.615384615385	0.0	52646.27284853982
HPC	2020-12	2020	mapped_undated	infrastructure_buildings	mapped_undated::infrastructure_buildings	29316.76725160703	0.0042653187775606	1803.3846153846155	0.0	30995.106509135992
HPC	2020-12	2020	mapped_undated	spare_parts	mapped_undated::spare_parts	10166.830320085644	0.0107923593727995	602.3076923076924	0.0	10659.413925896697
HPC	2021-01	2021	background	mixed	background::mixed	893560.6972518968	0.008205755847094931	1166.280861544169	0.0	887394.6371972321
HPC	2021-01	2021	mapped_undated	equipment	mapped_undated::equipment	52646.27284853982	0.0107923593727995	181.12601810256407	0.0	52259.221370422485
HPC	2021-01	2021	mapped_undated	infrastructure_buildings	mapped_undated::infrastructure_buildings	30995.106509135992	0.0042653187775606	27.60235644871795	0.0	30890.5048557788
HPC	2021-01	2021	mapped_undated	spare_parts	mapped_undated::spare_parts	10659.413925896697	0.0107923593727995	5.921109230769231	0.0	10550.294809335765
HPC	2021-02	2021	background	mixed	background::mixed	887394.6371972321	0.008205755847094931	2332.561723088338	0.0	882445.4551874587
HPC	2021-02	2021	mapped_undated	equipment	mapped_undated::equipment	52259.221370422485	0.0107923593727995	362.25203620512815	0.0	52057.47310905533
HPC	2021-02	2021	mapped_undated	infrastructure_buildings	mapped_undated::infrastructure_buildings	30890.5048557788	0.0042653187775606	55.2047128974359	0.0	30813.951718266555
HPC	2021-02	2021	mapped_undated	spare_parts	mapped_undated::spare_parts	10550.294809335765	0.0107923593727995	11.842218461538462	0.0	10448.27445472597
HPC	2021-03	2021	background	mixed	background::mixed	882445.4551874587	0.008205755847094931	3498.8425846325076	0.0	878703.1658184442
HPC	2021-03	2021	mapped_undated	equipment	mapped_undated::equipment	52057.47310905533	0.0107923593727995	543.3780543076923	0.0	52039.02820553025
HPC	2021-03	2021	mapped_undated	infrastructure_buildings	mapped_undated::infrastructure_buildings	30813.951718266555	0.0042653187775606	82.80706934615385	0.0	30765.32746073794
HPC	2021-03	2021	mapped_undated	spare_parts	mapped_undated::spare_parts	10448.27445472597	0.0107923593727995	17.763327692307694	0.0	10353.276249677234
HPC	2021-04	2021	background	mixed	background::mixed	878703.1658184442	0.008205755847094931	4665.123446176676	0.0	876157.8656238454
HPC	2021-04	2021	mapped_undated	equipment	mapped_undated::equipment	52039.02820553025	0.0107923593727995	724.5040724102563	0.0	52201.908384135175
HPC	2021-04	2021	mapped_undated	infrastructure_buildings	mapped_undated::infrastructure_buildings	30765.32746073794	0.0042653187775606	110.4094257948718	0.0	30744.512957616724
HPC	2021-04	2021	mapped_undated	spare_parts	mapped_undated::spare_parts	10353.276249677234	0.0107923593727995	23.684436923076923	0.0	10265.224408627924
HPC	2021-05	2021	background	mixed	background::mixed	876157.8656238454	0.008205755847094931	5831.404307720845	0.0	874799.7324027452
HPC	2021-05	2021	mapped_undated	equipment	mapped_undated::equipment	52201.908384135175	0.0107923593727995	905.6300905128204	0.0	52544.156719420454
HPC	2021-05	2021	mapped_undated	infrastructure_buildings	mapped_undated::infrastructure_buildings	30744.512957616724	0.0042653187775606	138.01178224358975	0.0	30751.389591435232
HPC	2021-05	2021	mapped_undated	spare_parts	mapped_undated::spare_parts	10265.224408627924	0.0107923593727995	29.605546153846152	0.0	10184.043963921424
HPC	2021-06	2021	background	mixed	background::mixed	874799.7324027452	0.008205755847094931	6997.685169265015	0.0	874619.0245528093
HPC	2021-06	2021	mapped_undated	equipment	mapped_undated::equipment	52544.156719420454	0.0107923593727995	1086.7561086153846	0.0	53063.83740577916
HPC	2021-06	2021	mapped_undated	infrastructure_buildings	mapped_undated::infrastructure_buildings	30751.389591435232	0.0042653187775606	165.6141386923077	0.0	30785.839250667108
HPC	2021-06	2021	mapped_undated	spare_parts	mapped_undated::spare_parts	10184.043963921424	0.0107923593727995	35.52665538461539	0.0	10109.66075697901
HPC	2021-07	2021	background	mixed	background::mixed	874619.0245528093	0.008205755847094931	8163.966030809183	0.0	875606.0804089139
HPC	2021-07	2021	mapped_undated	equipment	mapped_undated::equipment	53063.83740577916	0.0107923593727995	1267.8821267179487	0.0	53759.03552951414
HPC	2021-07	2021	mapped_undated	infrastructure_buildings	mapped_undated::infrastructure_buildings	30785.839250667108	0.0042653187775606	193.21649514102566	0.0	30847.7443275693
HPC	2021-07	2021	mapped_undated	spare_parts	mapped_undated::spare_parts	10109.66075697901	0.0107923593727995	41.447764615384614	0.0	10042.001429567988
HPC	2021-08	2021	background	mixed	background::mixed	875606.0804089139	0.008205755847094931	9330.246892353352	0.0	877751.3175872
HPC	2021-08	2021	mapped_undated	equipment	mapped_undated::equipment	53759.03552951414	0.0107923593727995	1449.0081448205126	0.0	54627.856843365036
HPC	2021-08	2021	mapped_undated	infrastructure_buildings	mapped_undated::infrastructure_buildings	30847.7443275693	0.0042653187775606	220.8188515897436	0.0	30936.987716033273
HPC	2021-08	2021	mapped_undated	spare_parts	mapped_undated::spare_parts	10042.001429567988	0.0107923593727995	47.368873846153846	0.0	9980.993415164077
HPC	2021-09	2021	background	mixed	background::mixed	877751.3175872	0.008205755847094931	10496.527753897522	0.0	881045.232334511
HPC	2021-09	2021	mapped_undated	equipment	mapped_undated::equipment	54627.856843365036	0.0107923593727995	1630.134162923077	0.0	55668.427543468664
HPC	2021-09	2021	mapped_undated	infrastructure_buildings	mapped_undated::infrastructure_buildings	30936.987716033273	0.0042653187775606	248.42120803846157	0.0	31053.452809445374
HPC	2021-09	2021	mapped_undated	spare_parts	mapped_undated::spare_parts	9980.993415164077	0.0107923593727995	53.28998307692308	0.0	9926.564930407005
HPC	2021-10	2021	background	mixed	background::mixed	881045.232334511	0.008205755847094931	11662.80861544169	0.0	885478.3988831687
HPC	2021-10	2021	mapped_undated	equipment	mapped_undated::equipment	55668.427543468664	0.0107923593727995	1811.2601810256408	0.0	56878.894048726535
HPC	2021-10	2021	mapped_undated	infrastructure_buildings	mapped_undated::infrastructure_buildings	31053.452809445374	0.0042653187775606	276.0235644871795	0.0	31197.023498556333
HPC	2021-10	2021	mapped_undated	spare_parts	mapped_undated::spare_parts	9926.564930407005	0.0107923593727995	59.211092307692304	0.0	9878.644966648317
HPC	2021-11	2021	background	mixed	background::mixed	885478.3988831687	0.008205755847094931	12829.08947698586	0.0	891041.4688110427
HPC	2021-11	2021	mapped_undated	equipment	mapped_undated::equipment	56878.894048726535	0.0107923593727995	1992.386199128205	0.0	58257.42278255349
HPC	2021-11	2021	mapped_undated	infrastructure_buildings	mapped_undated::infrastructure_buildings	31197.023498556333	0.0042653187775606	303.62592093589745	0.0	31367.584169359838
HPC	2021-11	2021	mapped_undated	spare_parts	mapped_undated::spare_parts	9878.644966648317	0.0107923593727995	65.13220153846154	0.0	9837.163281590412
HPC	2021-12	2021	background	mixed	background::mixed	891041.4688110427	0.008205755847094931	13995.37033853003	0.0	897725.1704068725
HPC	2021-12	2021	mapped_undated	equipment	mapped_undated::equipment	58257.42278255349	0.0107923593727995	2173.512217230771	0.0	59802.19995698183
HPC	2021-12	2021	mapped_undated	infrastructure_buildings	mapped_undated::infrastructure_buildings	31367.584169359838	0.0042653187775606	331.2282773846154	0.0	31565.01970098017
HPC	2021-12	2021	mapped_undated	spare_parts	mapped_undated::spare_parts	9837.163281590412	0.0107923593727995	71.05331076923078	0.0	9802.05039101581
HPC	2022-01	2022	background	mixed	background::mixed	897725.1704068725	0.008205755847094931	1352.666889546796	0.0	891711.3237302689
HPC	2022-01	2022	mapped_undated	equipment	mapped_undated::equipment	59802.19995698183	0.0107923593727995	0.0	0.0	59156.793123762065
HPC	2022-01	2022	mapped_undated	infrastructure_buildings	mapped_undated::infrastructure_buildings	31565.01970098017	0.0042653187775606	0.0	0.0	31430.384829735507
HPC	2022-01	2022	mapped_undated	spare_parts	mapped_undated::spare_parts	9802.05039101581	0.0107923593727995	0.0	0.0	9696.263140605677
HPC	2022-02	2022	background	mixed	background::mixed	891711.3237302689	0.008205755847094931	2705.333779093592	0.0	887099.4921007421
HPC	2022-02	2022	mapped_undated	equipment	mapped_undated::equipment	59156.793123762065	0.0107923593727995	0.0	0.0	58518.351753028066
HPC	2022-02	2022	mapped_undated	infrastructure_buildings	mapped_undated::infrastructure_buildings	31430.384829735507	0.0042653187775606	0.0	0.0	31296.32421913528
HPC	2022-02	2022	mapped_undated	spare_parts	mapped_undated::spare_parts	9696.263140605677	0.0107923593727995	0.0	0.0	9591.617584219031
HPC	2022-03	2022	background	mixed	background::mixed	887099.4921007421	0.008205755847094931	4058.000668640389	0.0	883878.1709251219
HPC	2022-03	2022	mapped_undated	equipment	mapped_undated::equipment	58518.351753028066	0.0107923593727995	0.0	0.0	57886.80067100549
HPC	2022-03	2022	mapped_undated	infrastructure_buildings	mapped_undated::infrastructure_buildings	31296.32421913528	0.0042653187775606	0.0	0.0	31162.835419774776
HPC	2022-03	2022	mapped_undated	spare_parts	mapped_undated::spare_parts	9591.617584219031	0.0107923593727995	0.0	0.0	9488.101400283676
HPC	2022-04	2022	background	mixed	background::mixed	883878.1709251219	0.008205755847094931	5410.667558187184	0.0	882035.9500141207
HPC	2022-04	2022	mapped_undated	equipment	mapped_undated::equipment	57886.80067100549	0.0107923593727995	0.0	0.0	57262.065515222384
HPC	2022-04	2022	mapped_undated	infrastructure_buildings	mapped_undated::infrastructure_buildings	31162.835419774776	0.0042653187775606	0.0	0.0	31029.915992696777
HPC	2022-04	2022	mapped_undated	spare_parts	mapped_undated::spare_parts	9488.101400283676	0.0107923593727995	0.0	0.0	9385.702400206252
HPC	2022-05	2022	background	mixed	background::mixed	882035.9500141207	0.008205755847094931	6763.334447733981	0.0	881561.5128076783
HPC	2022-05	2022	mapped_undated	equipment	mapped_undated::equipment	57262.065515222384	0.0107923593727995	0.0	0.0	56644.072725753314
HPC	2022-05	2022	mapped_undated	infrastructure_buildings	mapped_undated::infrastructure_buildings	31029.915992696777	0.0042653187775606	0.0	0.0	30897.563509346997
HPC	2022-05	2022	mapped_undated	spare_parts	mapped_undated::spare_parts	9385.702400206252	0.0107923593727995	0.0	0.0	9284.408526937079
HPC	2022-06	2022	background	mixed	background::mixed	881561.5128076783	0.008205755847094931	8116.001337280778	0.0	882443.6356066635
HPC	2022-06	2022	mapped_undated	equipment	mapped_undated::equipment	56644.072725753314	0.0107923593727995	0.0	0.0	56032.74953655799
HPC	2022-06	2022	mapped_undated	infrastructure_buildings	mapped_undated::infrastructure_buildings	30897.563509346997	0.0042653187775606	0.0	0.0	30765.775551529707
HPC	2022-06	2022	mapped_undated	spare_parts	mapped_undated::spare_parts	9284.408526937079	0.0107923593727995	0.0	0.0	9184.20785355049
HPC	2022-07	2022	background	mixed	background::mixed	882443.6356066635	0.008205755847094931	9468.668226827573	0.0	884671.18681088
HPC	2022-07	2022	mapped_undated	equipment	mapped_undated::equipment	56032.74953655799	0.0107923593727995	0.0	0.0	55428.02396691339
HPC	2022-07	2022	mapped_undated	infrastructure_buildings	mapped_undated::infrastructure_buildings	30765.775551529707	0.0042653187775606	0.0	0.0	30634.54971136355
HPC	2022-07	2022	mapped_undated	spare_parts	mapped_undated::spare_parts	9184.20785355049	0.0107923593727995	0.0	0.0	9085.088581840484
HPC	2022-08	2022	background	mixed	background::mixed	884671.18681088	0.008205755847094931	10821.335116374368	0.0	888233.1261633246
HPC	2022-08	2022	mapped_undated	equipment	mapped_undated::equipment	55428.02396691339	0.0107923593727995	0.0	0.0	54829.824812938314
HPC	2022-08	2022	mapped_undated	infrastructure_buildings	mapped_undated::infrastructure_buildings	30634.54971136355	0.0042653187775606	0.0	0.0	30503.883591237554
HPC	2022-08	2022	mapped_undated	spare_parts	mapped_undated::spare_parts	9085.088581840484	0.0107923593727995	0.0	0.0	8987.039040931544
HPC	2022-09	2022	background	mixed	background::mixed	888233.1261633246	0.008205755847094931	12174.002005921166	0.0	893118.5040006477
HPC	2022-09	2022	mapped_undated	equipment	mapped_undated::equipment	54829.824812938314	0.0107923593727995	0.0	0.0	54238.08163920944
HPC	2022-09	2022	mapped_undated	infrastructure_buildings	mapped_undated::infrastructure_buildings	30503.883591237554	0.0042653187775606	0.0	0.0	30373.774803767326
HPC	2022-09	2022	mapped_undated	spare_parts	mapped_undated::spare_parts	8987.039040931544	0.0107923593727995	0.0	0.0	8890.047685904432
HPC	2022-10	2022	background	mixed	background::mixed	893118.5040006477	0.008205755847094931	13526.668895467961	0.0	899316.4605097637
HPC	2022-10	2022	mapped_undated	equipment	mapped_undated::equipment	54238.08163920944	0.0107923593727995	0.0	0.0	53652.72477046785
HPC	2022-10	2022	mapped_undated	infrastructure_buildings	mapped_undated::infrastructure_buildings	30373.774803767326	0.0042653187775606	0.0	0.0	30244.22097175142
HPC	2022-10	2022	mapped_undated	spare_parts	mapped_undated::spare_parts	8890.047685904432	0.0107923593727995	0.0	0.0	8794.103096436826
HPC	2022-11	2022	background	mixed	background::mixed	899316.4605097637	0.008205755847094931	14879.335785014759	0.0	906816.2249905617
HPC	2022-11	2022	mapped_undated	equipment	mapped_undated::equipment	53652.72477046785	0.0107923593727995	0.0	0.0	53073.685283415056
HPC	2022-11	2022	mapped_undated	infrastructure_buildings	mapped_undated::infrastructure_buildings	30244.22097175142	0.0042653187775606	0.0	0.0	30115.219728127915
HPC	2022-11	2022	mapped_undated	spare_parts	mapped_undated::spare_parts	8794.103096436826	0.0107923593727995	0.0	0.0	8699.193975458631
HPC	2022-12	2022	background	mixed	background::mixed	906816.2249905617	0.008205755847094931	16232.002674561556	0.0	915607.1151246665
HPC	2022-12	2022	mapped_undated	equipment	mapped_undated::equipment	53073.685283415056	0.0107923593727995	0.0	0.0	52500.89499859758
HPC	2022-12	2022	mapped_undated	infrastructure_buildings	mapped_undated::infrastructure_buildings	30115.219728127915	0.0042653187775606	0.0	0.0	29986.768715931164
HPC	2022-12	2022	mapped_undated	spare_parts	mapped_undated::spare_parts	8699.193975458631	0.0107923593727995	0.0	0.0	8605.309147821788
HPC	2023-01	2023	background	mixed	background::mixed	915607.1151246665	0.008205755847094931	586.7313448093176	0.0	908680.5980308998
HPC	2023-01	2023	mapped_undated	cranes	mapped_undated::cranes	0.0	0.0025350486138366	698.2693248333334	0.0	698.2693248333334
HPC	2023-01	2023	mapped_undated	equipment	mapped_undated::equipment	52500.89499859758	0.0107923593727995	0.0	0.0	51934.2864723791
HPC	2023-01	2023	mapped_undated	infrastructure_buildings	mapped_undated::infrastructure_buildings	29986.768715931164	0.0042653187775606	256.2321583846154	0.0	30115.097746633353
HPC	2023-01	2023	mapped_undated	other_operational_equipment	mapped_undated::other_operational_equipment	0.0	0.0110659331391372	152.16655724358972	0.0	152.16655724358972
HPC	2023-01	2023	mapped_undated	spare_parts	mapped_undated::spare_parts	8605.309147821788	0.0107923593727995	33.68618185897436	0.0	8546.123740843432
HPC	2023-02	2023	background	mixed	background::mixed	908680.5980308998	0.008205755847094931	1173.4626896186353	0.0	902397.6495900846
HPC	2023-02	2023	mapped_undated	cranes	mapped_undated::cranes	698.2693248333334	0.0025350486138366	1396.5386496666667	0.0	2093.037827815997
HPC	2023-02	2023	mapped_undated	equipment	mapped_undated::equipment	51934.2864723791	0.0107923593727995	0.0	0.0	51373.79298899926
HPC	2023-02	2023	mapped_undated	infrastructure_buildings	mapped_undated::infrastructure_buildings	30115.097746633353	0.0042653187775606	512.4643167692308	0.0	30499.111571495792
HPC	2023-02	2023	mapped_undated	other_operational_equipment	mapped_undated::other_operational_equipment	152.16655724358972	0.0110659331391372	304.33311448717944	0.0	454.8158067822989
HPC	2023-02	2023	mapped_undated	spare_parts	mapped_undated::spare_parts	8546.123740843432	0.0107923593727995	67.37236371794872	0.0	8521.263265905784
HPC	2023-03	2023	background	mixed	background::mixed	902397.6495900846	0.008205755847094931	1760.194034427953	0.0	896752.988834984
HPC	2023-03	2023	mapped_undated	cranes	mapped_undated::cranes	2093.037827815997	0.0025350486138366	2094.8079745	0.0	4182.539849671884
HPC	2023-03	2023	mapped_undated	equipment	mapped_undated::equipment	51373.79298899926	0.0107923593727995	0.0	0.0	50819.34855271817
HPC	2023-03	2023	mapped_undated	infrastructure_buildings	mapped_undated::infrastructure_buildings	30499.111571495792	0.0042653187775606	768.6964751538462	0.0	31137.71961336482
HPC	2023-03	2023	mapped_undated	other_operational_equipment	mapped_undated::other_operational_equipment	454.8158067822989	0.0110659331391372	456.49967173076925	0.0	906.2825172045925
HPC	2023-03	2023	mapped_undated	spare_parts	mapped_undated::spare_parts	8521.263265905784	0.0107923593727995	101.05854557692308	0.0	8530.357276006816
HPC	2023-04	2023	background	mixed	background::mixed	896752.988834984	0.008205755847094931	2346.9253792372706	0.0	891741.3781326888
HPC	2023-04	2023	mapped_undated	cranes	mapped_undated::cranes	4182.539849671884	0.0025350486138366	2793.0772993333335	0.0	6965.014207156992
HPC	2023-04	2023	mapped_undated	equipment	mapped_undated::equipment	50819.34855271817	0.0107923593727995	0.0	0.0	50270.88788004567
HPC	2023-04	2023	mapped_undated	infrastructure_buildings	mapped_undated::infrastructure_buildings	31137.71961336482	0.0042653187775606	1024.9286335384616	0.0	32029.835946745978
HPC	2023-04	2023	mapped_undated	other_operational_equipment	mapped_undated::other_operational_equipment	906.2825172045925	0.0110659331391372	608.6662289743589	0.0	1504.9198844383964
HPC	2023-04	2023	mapped_undated	spare_parts	mapped_undated::spare_parts	8530.357276006816	0.0107923593727995	134.74472743589743	0.0	8573.039322141674
HPC	2023-05	2023	background	mixed	background::mixed	891741.3781326888	0.008205755847094931	2933.656724046588	0.0	887357.6228290265
HPC	2023-05	2023	mapped_undated	cranes	mapped_undated::cranes	6965.014207156992	0.0025350486138366	3491.3466241666665	0.0	10438.704181712452
HPC	2023-05	2023	mapped_undated	equipment	mapped_undated::equipment	50270.88788004567	0.0107923593727995	0.0	0.0	49728.34639205451
HPC	2023-05	2023	mapped_undated	infrastructure_buildings	mapped_undated::infrastructure_buildings	32029.835946745978	0.0042653187775606	1281.1607919230769	0.0	33174.37927796321
HPC	2023-05	2023	mapped_undated	other_operational_equipment	mapped_undated::other_operational_equipment	1504.9198844383964	0.0110659331391372	760.8327862179486	0.0	2249.0993278353917
HPC	2023-05	2023	mapped_undated	spare_parts	mapped_undated::spare_parts	8573.039322141674	0.0107923593727995	168.43090929487175	0.0	8648.946910154851
HPC	2023-06	2023	background	mixed	background::mixed	887357.6228290265	0.008205755847094931	3520.388068855906	0.0	883596.5708958888
HPC	2023-06	2023	mapped_undated	cranes	mapped_undated::cranes	10438.704181712452	0.0025350486138366	4189.615949	0.0	14601.857508146353
HPC	2023-06	2023	mapped_undated	equipment	mapped_undated::equipment	49728.34639205451	0.0107923593727995	0.0	0.0	49191.660206776396
HPC	2023-06	2023	mapped_undated	infrastructure_buildings	mapped_undated::infrastructure_buildings	33174.37927796321	0.0042653187775606	1537.3929503076924	0.0	34570.27292540269
HPC	2023-06	2023	mapped_undated	other_operational_equipment	mapped_undated::other_operational_equipment	2249.0993278353917	0.0110659331391372	912.9993434615385	0.0	3137.210288511825
HPC	2023-06	2023	mapped_undated	spare_parts	mapped_undated::spare_parts	8648.946910154851	0.0107923593727995	202.11709115384616	0.0	8757.721458058042
HPC	2023-07	2023	background	mixed	background::mixed	883596.5708958888	0.008205755847094931	4107.119413665224	0.0	880453.1125814521
HPC	2023-07	2023	mapped_undated	cranes	mapped_undated::cranes	14601.857508146353	0.0025350486138366	4887.8852738333335	0.0	19452.72636334422
HPC	2023-07	2023	mapped_undated	equipment	mapped_undated::equipment	49191.660206776396	0.0107923593727995	0.0	0.0	48660.766131680226
HPC	2023-07	2023	mapped_undated	infrastructure_buildings	mapped_undated::infrastructure_buildings	34570.27292540269	0.0042653187775606	1793.6251086923078	0.0	36216.44479984089
HPC	2023-07	2023	mapped_undated	other_operational_equipment	mapped_undated::other_operational_equipment	3137.210288511825	0.0110659331391372	1065.165900705128	0.0	4167.660029920868
HPC	2023-07	2023	mapped_undated	spare_parts	mapped_undated::spare_parts	8757.721458058042	0.0107923593727995	235.80327301282048	0.0	8899.00825380862
HPC	2023-08	2023	background	mixed	background::mixed	880453.1125814521	0.008205755847094931	4693.850758474541	0.0	877922.1800632685
HPC	2023-08	2023	mapped_undated	cranes	mapped_undated::cranes	19452.72636334422	0.0025350486138366	5586.154598666667	0.0	24989.56735500815
HPC	2023-08	2023	mapped_undated	equipment	mapped_undated::equipment	48660.766131680226	0.0107923593727995	0.0	0.0	48135.60165623138
HPC	2023-08	2023	mapped_undated	infrastructure_buildings	mapped_undated::infrastructure_buildings	36216.44479984089	0.0042653187775606	2049.857267076923	0.0	38111.82738485656
HPC	2023-08	2023	mapped_undated	other_operational_equipment	mapped_undated::other_operational_equipment	4167.660029920868	0.0110659331391372	1217.3324579487178	0.0	5338.873440631827
HPC	2023-08	2023	mapped_undated	spare_parts	mapped_undated::spare_parts	8899.00825380862	0.0107923593727995	269.48945487179486	0.0	9072.456413543803
HPC	2023-09	2023	background	mixed	background::mixed	877922.1800632685	0.008205755847094931	5280.5821032838585	0.0	875998.7471042039
HPC	2023-09	2023	mapped_undated	cranes	mapped_undated::cranes	24989.56735500815	0.0025350486138366	6284.4239235000005	0.0	31210.64151042446
HPC	2023-09	2023	mapped_undated	equipment	mapped_undated::equipment	48135.60165623138	0.0107923593727995	0.0	0.0	47616.104944531406
HPC	2023-09	2023	mapped_undated	infrastructure_buildings	mapped_undated::infrastructure_buildings	38111.82738485656	0.0042653187775606	2306.0894254615387	0.0	40255.35771732632
HPC	2023-09	2023	mapped_undated	other_operational_equipment	mapped_undated::other_operational_equipment	5338.873440631827	0.0110659331391372	1369.4990151923078	0.0	6649.2928392917875
HPC	2023-09	2023	mapped_undated	spare_parts	mapped_undated::spare_parts	9072.456413543803	0.0107923593727995	303.1756367307692	0.0	9277.718840265548
HPC	2023-10	2023	background	mixed	background::mixed	875998.7471042039	0.008205755847094931	5867.313448093176	0.0	874677.8287111989
HPC	2023-10	2023	mapped_undated	cranes	mapped_undated::cranes	31210.64151042446	0.0025350486138366	6982.693248333333	0.0	38114.21426525984
HPC	2023-10	2023	mapped_undated	equipment	mapped_undated::equipment	47616.104944531406	0.0107923593727995	0.0	0.0	47102.21482803708
HPC	2023-10	2023	mapped_undated	infrastructure_buildings	mapped_undated::infrastructure_buildings	40255.35771732632	0.0042653187775606	2562.3215838461538	0.0	42645.97736800334
HPC	2023-10	2023	mapped_undated	other_operational_equipment	mapped_undated::other_operational_equipment	6649.2928392917875	0.0110659331391372	1521.6655724358973	0.0	8097.377781745538
HPC	2023-10	2023	mapped_undated	spare_parts	mapped_undated::spare_parts	9277.718840265548	0.0107923593727995	336.8618185897435	0.0	9514.452182971352
HPC	2023-11	2023	background	mixed	background::mixed	874677.8287111989	0.008205755847094931	6454.044792902494	0.0	873954.4807968301
HPC	2023-11	2023	mapped_undated	cranes	mapped_undated::cranes	38114.21426525984	0.0025350486138366	7680.962573166667	0.0	45698.55545238589
HPC	2023-11	2023	mapped_undated	equipment	mapped_undated::equipment	47102.21482803708	0.0107923593727995	0.0	0.0	46593.8707983581
HPC	2023-11	2023	mapped_undated	infrastructure_buildings	mapped_undated::infrastructure_buildings	42645.97736800334	0.0042653187775606	2818.5537422307693	0.0	45282.63242217894
HPC	2023-11	2023	mapped_undated	other_operational_equipment	mapped_undated::other_operational_equipment	8097.377781745538	0.0110659331391372	1673.832129679487	0.0	9681.604870289895
HPC	2023-11	2023	mapped_undated	spare_parts	mapped_undated::spare_parts	9514.452182971352	0.0107923593727995	370.5480004487179	0.0	9782.316796226127
HPC	2023-12	2023	background	mixed	background::mixed	873954.4807968301	0.008205755847094931	7040.776137711812	0.0	873823.7998436486
HPC	2023-12	2023	mapped_undated	cranes	mapped_undated::cranes	45698.55545238589	0.0025350486138366	8379.231898000007	0.0	53961.939290731985
HPC	2023-12	2023	mapped_undated	equipment	mapped_undated::equipment	46593.8707983581	0.0107923593727995	0.0	0.0	46091.01300013243
HPC	2023-12	2023	mapped_undated	infrastructure_buildings	mapped_undated::infrastructure_buildings	45282.63242217894	0.0042653187775606	3074.785900615385	0.0	48164.27346042663
HPC	2023-12	2023	mapped_undated	other_operational_equipment	mapped_undated::other_operational_equipment	9681.604870289895	0.0110659331391372	1825.998686923077	0.0	11400.467565038798
HPC	2023-12	2023	mapped_undated	spare_parts	mapped_undated::spare_parts	9782.316796226127	0.0107923593727995	404.2341823076923	0.0	10080.976700170375
HPC	2024-01	2024	background	mixed	background::mixed	873823.7998436486	0.008205755847094931	-461.39864353076337	0.0	866192.0164452201
HPC	2024-01	2024	mapped_undated	cranes	mapped_undated::cranes	53961.939290731985	0.0025350486138366	186.31276487179485	0.0	54011.455916204875
HPC	2024-01	2024	mapped_undated	equipment	mapped_undated::equipment	46091.01300013243	0.0107923593727995	0.0	0.0	45593.58222397862
HPC	2024-01	2024	mapped_undated	infrastructure_buildings	mapped_undated::infrastructure_buildings	48164.27346042663	0.0042653187775606	248.63341096153846	0.0	48207.47089138985
HPC	2024-01	2024	mapped_undated	other_operational_equipment	mapped_undated::other_operational_equipment	11400.467565038798	0.0110659331391372	213.21739565384613	0.0	11487.528148863023
HPC	2024-01	2024	mapped_undated	spare_parts	mapped_undated::spare_parts	10080.976700170375	0.0107923593727995	45.87492003846154	0.0	10018.054096831778
HPC	2024-02	2024	background	mixed	background::mixed	866192.0164452201	0.008205755847094931	-922.7972870615267	0.0	858161.4589545062
HPC	2024-02	2024	mapped_undated	cranes	mapped_undated::cranes	54011.455916204875	0.0025350486138366	372.6255297435897	0.0	54247.1597794968
HPC	2024-02	2024	mapped_undated	equipment	mapped_undated::equipment	45593.58222397862	0.0107923593727995	0.0	0.0	45101.51989952416
HPC	2024-02	2024	mapped_undated	infrastructure_buildings	mapped_undated::infrastructure_buildings	48207.47089138985	0.0042653187775606	497.2668219230769	0.0	48499.11748250118
HPC	2024-02	2024	mapped_undated	other_operational_equipment	mapped_undated::other_operational_equipment	11487.528148863023	0.0110659331391372	426.43479130769225	0.0	11786.842721741441
HPC	2024-02	2024	mapped_undated	spare_parts	mapped_undated::spare_parts	10018.054096831778	0.0107923593727995	91.74984007692308	0.0	10001.685496879547
HPC	2024-03	2024	background	mixed	background::mixed	858161.4589545062	0.008205755847094931	-1384.19593059229	0.0	849735.3996143464
HPC	2024-03	2024	mapped_undated	cranes	mapped_undated::cranes	54247.1597794968	0.0025350486138366	558.9382946153846	0.0	54668.578886908595
HPC	2024-03	2024	mapped_undated	equipment	mapped_undated::equipment	45101.51989952416	0.0107923593727995	0.0	0.0	44614.76808850902
HPC	2024-03	2024	mapped_undated	infrastructure_buildings	mapped_undated::infrastructure_buildings	48499.11748250118	0.0042653187775606	745.9002328846154	0.0	49038.15351889256
HPC	2024-03	2024	mapped_undated	other_operational_equipment	mapped_undated::other_operational_equipment	11786.842721741441	0.0110659331391372	639.6521869615384	0.0	12296.062495222664
HPC	2024-03	2024	mapped_undated	spare_parts	mapped_undated::spare_parts	10001.685496879547	0.0107923593727995	137.62476011538462	0.0	10031.36847277889
HPC	2024-04	2024	background	mixed	background::mixed	849735.3996143464	0.008205755847094931	-1845.5945741230535	0.0	840917.0838163544
HPC	2024-04	2024	mapped_undated	cranes	mapped_undated::cranes	54668.578886908595	0.0025350486138366	745.2510594871794	0.0	55275.2424412681
HPC	2024-04	2024	mapped_undated	equipment	mapped_undated::equipment	44614.76808850902	0.0107923593727995	0.0	0.0	44133.269477963724
HPC	2024-04	2024	mapped_undated	infrastructure_buildings	mapped_undated::infrastructure_buildings	49038.15351889256	0.0042653187775606	994.5336438461538	0.0	49823.52380571768
HPC	2024-04	2024	mapped_undated	other_operational_equipment	mapped_undated::other_operational_equipment	12296.062495222664	0.0110659331391372	852.8695826153845	0.0	13012.864672391264
HPC	2024-04	2024	mapped_undated	spare_parts	mapped_undated::spare_parts	10031.36847277889	0.0107923593727995	183.49968015384616	0.0	10106.606019373534
HPC	2024-05	2024	background	mixed	background::mixed	840917.0838163544	0.008205755847094931	-2306.993217653817	0.0	831709.7303212525
HPC	2024-05	2024	mapped_undated	cranes	mapped_undated::cranes	55275.2424412681	0.0025350486138366	931.5638243589743	0.0	56066.68083889686
HPC	2024-05	2024	mapped_undated	equipment	mapped_undated::equipment	44133.269477963724	0.0107923593727995	0.0	0.0	43656.96737346093
HPC	2024-05	2024	mapped_undated	infrastructure_buildings	mapped_undated::infrastructure_buildings	49823.52380571768	0.0042653187775606	1243.1670548076922	0.0	50854.17764887261
HPC	2024-05	2024	mapped_undated	other_operational_equipment	mapped_undated::other_operational_equipment	13012.864672391264	0.0110659331391372	1066.0869782692305	0.0	13934.952160247172
HPC	2024-05	2024	mapped_undated	spare_parts	mapped_undated::spare_parts	10106.606019373534	0.0107923593727995	229.37460019230767	0.0	10226.906495365463
HPC	2024-06	2024	background	mixed	background::mixed	831709.7303212525	0.008205755847094931	-2768.39186118458	0.0	822116.5314773985
HPC	2024-06	2024	mapped_undated	cranes	mapped_undated::cranes	56066.68083889686	0.0025350486138366	1117.8765892307692	0.0	57042.42566658457
HPC	2024-06	2024	mapped_undated	equipment	mapped_undated::equipment	43656.96737346093	0.0107923593727995	0.0	0.0	43185.80569243996
HPC	2024-06	2024	mapped_undated	infrastructure_buildings	mapped_undated::infrastructure_buildings	50854.17764887261	0.0042653187775606	1491.8004657692309	0.0	52129.068835798695
HPC	2024-06	2024	mapped_undated	other_operational_equipment	mapped_undated::other_operational_equipment	13934.952160247172	0.0110659331391372	1279.3043739230768	0.0	15060.053285267879
HPC	2024-06	2024	mapped_undated	spare_parts	mapped_undated::spare_parts	10226.906495365463	0.0107923593727995	275.24952023076924	0.0	10391.78356542623
HPC	2024-07	2024	background	mixed	background::mixed	822116.5314773985	0.008205755847094931	-3229.7905047153436	0.0	812140.6534375191
HPC	2024-07	2024	mapped_undated	cranes	mapped_undated::cranes	57042.42566658457	0.0025350486138366	1304.189354102564	0.0	58202.00969857118
HPC	2024-07	2024	mapped_undated	equipment	mapped_undated::equipment	43185.80569243996	0.0107923593727995	0.0	0.0	42719.728957603256
HPC	2024-07	2024	mapped_undated	infrastructure_buildings	mapped_undated::infrastructure_buildings	52129.068835798695	0.0042653187775606	1740.4338767307693	0.0	53647.15561636738
HPC	2024-07	2024	mapped_undated	other_operational_equipment	mapped_undated::other_operational_equipment	15060.053285267879	0.0110659331391372	1492.521769576923	0.0	16385.921512118184
HPC	2024-07	2024	mapped_undated	spare_parts	mapped_undated::spare_parts	10391.78356542623	0.0107923593727995	321.1244402692308	0.0	10600.756142933029
HPC	2024-08	2024	background	mixed	background::mixed	812140.6534375191	0.008205755847094931	-3691.189148246107	0.0	801785.2363736646
HPC	2024-08	2024	mapped_undated	cranes	mapped_undated::cranes	58202.00969857118	0.0025350486138366	1490.5021189743588	0.0	59544.96689353667
HPC	2024-08	2024	mapped_undated	equipment	mapped_undated::equipment	42719.728957603256	0.0107923593727995	0.0	0.0	42258.68229038421
HPC	2024-08	2024	mapped_undated	infrastructure_buildings	mapped_undated::infrastructure_buildings	53647.15561636738	0.0042653187775606	1989.0672876923077	0.0	55407.40068384648
HPC	2024-08	2024	mapped_undated	other_operational_equipment	mapped_undated::other_operational_equipment	16385.921512118184	0.0110659331391372	1705.739165230769	0.0	17910.335165472705
HPC	2024-08	2024	mapped_undated	spare_parts	mapped_undated::spare_parts	10600.756142933029	0.0107923593727995	366.9993603076923	0.0	10853.348333322776
HPC	2024-09	2024	background	mixed	background::mixed	801785.2363736646	0.008205755847094931	-4152.58779177687	0.0	791053.3946904001
HPC	2024-09	2024	mapped_undated	cranes	mapped_undated::cranes	59544.96689353667	0.0025350486138366	1676.8148838461539	0.0	61070.83239159842
HPC	2024-09	2024	mapped_undated	equipment	mapped_undated::equipment	42258.68229038421	0.0107923593727995	0.0	0.0	41802.611404485426
HPC	2024-09	2024	mapped_undated	infrastructure_buildings	mapped_undated::infrastructure_buildings	55407.40068384648	0.0042653187775606	2237.7006986538463	0.0	57408.77115594769
HPC	2024-09	2024	mapped_undated	other_operational_equipment	mapped_undated::other_operational_equipment	17910.335165472705	0.0110659331391372	1918.9565608846153	0.0	19631.097154916664
HPC	2024-09	2024	mapped_undated	spare_parts	mapped_undated::spare_parts	10853.348333322776	0.0107923593727995	412.87428034615385	0.0	11149.089378057535
HPC	2024-10	2024	background	mixed	background::mixed	791053.3946904001	0.008205755847094931	-4613.986435307634	0.0	779948.2172362474
HPC	2024-10	2024	mapped_undated	cranes	mapped_undated::cranes	61070.83239159842	0.0025350486138366	1863.1276487179487	0.0	62779.142511316204
HPC	2024-10	2024	mapped_undated	equipment	mapped_undated::equipment	41802.611404485426	0.0107923593727995	0.0	0.0	41351.46259948673
HPC	2024-10	2024	mapped_undated	infrastructure_buildings	mapped_undated::infrastructure_buildings	57408.77115594769	0.0042653187775606	2486.3341096153845	0.0	59650.23855595492
HPC	2024-10	2024	mapped_undated	other_operational_equipment	mapped_undated::other_operational_equipment	19631.097154916664	0.0110659331391372	2132.173956538461	0.0	21546.03470289091
HPC	2024-10	2024	mapped_undated	spare_parts	mapped_undated::spare_parts	11149.089378057535	0.0107923593727995	458.74920038461534	0.0	11487.51359919469
HPC	2024-11	2024	background	mixed	background::mixed	779948.2172362474	0.008205755847094931	-5075.385078838397	0.0	768472.7675133913
HPC	2024-11	2024	mapped_undated	cranes	mapped_undated::cranes	62779.142511316204	0.0025350486138366	2049.4404135897435	0.0	64669.434746704785
HPC	2024-11	2024	mapped_undated	equipment	mapped_undated::equipment	41351.46259948673	0.0107923593727995	0.0	0.0	40905.18275452219
HPC	2024-11	2024	mapped_undated	infrastructure_buildings	mapped_undated::infrastructure_buildings	59650.23855595492	0.0042653187775606	2734.967520576923	0.0	62130.77879393316
HPC	2024-11	2024	mapped_undated	other_operational_equipment	mapped_undated::other_operational_equipment	21546.03470289091	0.0110659331391372	2345.3913521923073	0.0	23652.999075647494
HPC	2024-11	2024	mapped_undated	spare_parts	mapped_undated::spare_parts	11487.51359919469	0.0107923593727995	504.62412042307693	0.0	11868.160344555336
HPC	2024-12	2024	background	mixed	background::mixed	768472.7675133913	0.008205755847094931	-5536.7837223691595	0.0	756630.083885666
HPC	2024-12	2024	mapped_undated	cranes	mapped_undated::cranes	64669.434746704785	0.0025350486138366	2235.7531784615385	0.0	66741.24776425409
HPC	2024-12	2024	mapped_undated	equipment	mapped_undated::equipment	40905.18275452219	0.0107923593727995	0.0	0.0	40463.71932202535
HPC	2024-12	2024	mapped_undated	infrastructure_buildings	mapped_undated::infrastructure_buildings	62130.77879393316	0.0042653187775606	2983.600931538458	0.0	64849.37214801739
HPC	2024-12	2024	mapped_undated	other_operational_equipment	mapped_undated::other_operational_equipment	23652.999075647494	0.0110659331391372	2558.6087478461536	0.0	25949.86531718246
HPC	2024-12	2024	mapped_undated	spare_parts	mapped_undated::spare_parts	11868.160344555336	0.0107923593727995	550.4990404615389	0.0	12290.573933484424
IPC	2018-01	2018	background	mixed	background::mixed	10156429.108630335	0.002312286213654202	19453.461538461506	0.0	10152397.999160955
IPC	2018-01	2018	mapped_undated	land	mapped_undated::land	0.0	0.0023122862136542	1730.769230769228	0.0	1730.769230769228
IPC	2018-02	2018	background	mixed	background::mixed	10152397.999160955	0.002312286213654202	38906.92307692301	0.0	10167829.672308888
IPC	2018-02	2018	mapped_undated	land	mapped_undated::land	1730.769230769228	0.0023122862136542	3461.538461538456	0.0	5188.30565847636
IPC	2018-03	2018	background	mixed	background::mixed	10167829.672308888	0.002312286213654202	58360.38461538452	0.0	10202679.124550208
IPC	2018-03	2018	mapped_undated	land	mapped_undated::land	5188.30565847636	0.0023122862136542	5192.307692307684	0.0	10368.616503137724
IPC	2018-04	2018	background	mixed	background::mixed	10202679.124550208	0.002312286213654202	77813.84615384603	0.0	10256901.45642202
IPC	2018-04	2018	mapped_undated	land	mapped_undated::land	10368.616503137724	0.0023122862136542	6923.076923076912	0.0	17267.718217219764
IPC	2018-05	2018	background	mixed	background::mixed	10256901.45642202	0.002312286213654202	97267.30769230769	0.0	10330451.872281833
IPC	2018-05	2018	mapped_undated	land	mapped_undated::land	17267.718217219764	0.0023122862136542	8653.846153846152	0.0	25881.636464290976
IPC	2018-06	2018	background	mixed	background::mixed	10330451.872281833	0.002312286213654202	116720.76923076919	0.0	10423285.680067508
IPC	2018-06	2018	mapped_undated	land	mapped_undated::land	25881.636464290976	0.0023122862136542	10384.615384615381	0.0	36206.406097723164
IPC	2018-07	2018	background	mixed	background::mixed	10423285.680067508	0.002312286213654202	136174.2307692307	0.0	10535358.291057738
IPC	2018-07	2018	mapped_undated	land	mapped_undated::land	36206.406097723164	0.0023122862136542	12115.38461538461	0.0	48238.07113944204
IPC	2018-08	2018	background	mixed	background::mixed	10535358.291057738	0.002312286213654202	155627.69230769222	0.0	10666625.21963311
IPC	2018-08	2018	mapped_undated	land	mapped_undated::land	48238.07113944204	0.0023122862136542	13846.153846153838	0.0	61972.68475872688
IPC	2018-09	2018	background	mixed	background::mixed	10666625.21963311	0.002312286213654202	175081.1538461537	0.0	10817042.08303769
IPC	2018-09	2018	mapped_undated	land	mapped_undated::land	61972.68475872688	0.0023122862136542	15576.923076923065	0.0	77406.30925105921
IPC	2018-10	2018	background	mixed	background::mixed	10817042.08303769	0.002312286213654202	194534.61538461538	0.0	10986564.601141179
IPC	2018-10	2018	mapped_undated	land	mapped_undated::land	77406.30925105921	0.0023122862136542	17307.692307692305	0.0	94535.01601702045
IPC	2018-11	2018	background	mixed	background::mixed	10986564.601141179	0.002312286213654202	213988.07692307688	0.0	11175148.596201615
IPC	2018-11	2018	mapped_undated	land	mapped_undated::land	94535.01601702045	0.0023122862136542	19038.461538461535	0.0	113354.88554123824
IPC	2018-12	2018	background	mixed	background::mixed	11175148.596201615	0.002312286213654202	233441.53846153885	0.0	11382749.99262862
IPC	2018-12	2018	mapped_undated	land	mapped_undated::land	113354.88554123824	0.0023122862136542	20769.23076923085	0.0	133862.00737138174
IPC	2019-01	2019	background	mixed	background::mixed	11382749.99262862	0.002312286213654202	16992.783701670232	0.0	11373422.600448862
IPC	2019-01	2019	mapped_undated	buildings_landside	mapped_undated::buildings_landside	0.0	0.0048913730833552	11.435897435897417	0.0	11.435897435897417
IPC	2019-01	2019	mapped_undated	land	mapped_undated::land	133862.00737138174	0.0023122862136542	0.0	0.0	133552.48009720483
IPC	2019-01	2019	mapped_undated	vessels_equipment_it	mapped_undated::vessels_equipment_it	0.0	0.0057994314894973	7.089743589743578	0.0	7.089743589743578
IPC	2019-02	2019	background	mixed	background::mixed	11373422.600448862	0.002312286213654202	33985.567403340465	0.0	11381109.55957112
IPC	2019-02	2019	mapped_undated	buildings_landside	mapped_undated::buildings_landside	11.435897435897417	0.0048913730833552	22.871794871794833	0.0	34.25175506679029
IPC	2019-02	2019	mapped_undated	land	mapped_undated::land	133552.48009720483	0.0023122862136542	0.0	0.0	133243.66853867672
IPC	2019-02	2019	mapped_undated	vessels_equipment_it	mapped_undated::vessels_equipment_it	7.089743589743578	0.0057994314894973	14.179487179487156	0.0	21.228114287003912
IPC	2019-03	2019	background	mixed	background::mixed	11381109.55957112	0.002312286213654202	50978.351105010704	0.0	11405771.527945446
IPC	2019-03	2019	mapped_undated	buildings_landside	mapped_undated::buildings_landside	34.25175506679029	0.0048913730833552	34.30769230769226	0.0	68.39190926169118
IPC	2019-03	2019	mapped_undated	land	mapped_undated::land	133243.66853867672	0.0023122862136542	0.0	0.0	132935.57104085802
IPC	2019-03	2019	mapped_undated	vessels_equipment_it	mapped_undated::vessels_equipment_it	21.228114287003912	0.0057994314894973	21.269230769230735	0.0	42.37423406177595
IPC	2019-04	2019	background	mixed	background::mixed	11405771.527945446	0.002312286213654202	67971.13480668093	0.0	11447369.25449197
IPC	2019-04	2019	mapped_undated	buildings_landside	mapped_undated::buildings_landside	68.39190926169118	0.0048913730833552	45.743589743589666	0.0	113.80096866119894
IPC	2019-04	2019	mapped_undated	land	mapped_undated::land	132935.57104085802	0.0023122862136542	0.0	0.0	132628.185952636
IPC	2019-04	2019	mapped_undated	vessels_equipment_it	mapped_undated::vessels_equipment_it	42.37423406177595	0.0057994314894973	28.35897435897431	0.0	70.48746195338907
IPC	2019-05	2019	background	mixed	background::mixed	11447369.25449197	0.002312286213654202	84963.9185083513	0.0	11505863.57889055
IPC	2019-05	2019	mapped_undated	buildings_landside	mapped_undated::buildings_landside	113.80096866119894	0.0048913730833552	57.179487179487175	0.0	170.42381284571698
IPC	2019-05	2019	mapped_undated	land	mapped_undated::land	132628.185952636	0.0023122862136542	0.0	0.0	132321.51162671577
IPC	2019-05	2019	mapped_undated	vessels_equipment_it	mapped_undated::vessels_equipment_it	70.48746195338907	0.0057994314894973	35.44871794871795	0.0	105.52739269563978
IPC	2019-06	2019	background	mixed	background::mixed	11505863.57889055	0.002312286213654202	101956.70221002155	0.0	11581215.431370918
IPC	2019-06	2019	mapped_undated	buildings_landside	mapped_undated::buildings_landside	170.42381284571698	0.0048913730833552	68.6153846153846	0.0	238.2055910101853
IPC	2019-06	2019	mapped_undated	land	mapped_undated::land	132321.51162671577	0.0023122862136542	0.0	0.0	132015.54641961143
IPC	2019-06	2019	mapped_undated	vessels_equipment_it	mapped_undated::vessels_equipment_it	105.52739269563978	0.0057994314894973	42.538461538461526	0.0	147.45385534989765
IPC	2019-07	2019	background	mixed	background::mixed	11581215.431370918	0.002312286213654202	118949.48591169178	0.0	11673385.83250329
IPC	2019-07	2019	mapped_undated	buildings_landside	mapped_undated::buildings_landside	238.2055910101853	0.0048913730833552	80.05128205128202	0.0	317.09172064529537
IPC	2019-07	2019	mapped_undated	land	mapped_undated::land	132015.54641961143	0.0023122862136542	0.0	0.0	131710.28869163734
IPC	2019-07	2019	mapped_undated	vessels_equipment_it	mapped_undated::vessels_equipment_it	147.45385534989765	0.0057994314894973	49.6282051282051	0.0	196.22691194613878
IPC	2019-08	2019	background	mixed	background::mixed	11673385.83250329	0.002312286213654202	135942.26961336203	0.0	11782335.89298949
IPC	2019-08	2019	mapped_undated	buildings_landside	mapped_undated::buildings_landside	317.09172064529537	0.0048913730833552	91.48717948717943	0.0	407.0278862251556
IPC	2019-08	2019	mapped_undated	land	mapped_undated::land	131710.28869163734	0.0023122862136542	0.0	0.0	131405.73680689925
IPC	2019-08	2019	mapped_undated	vessels_equipment_it	mapped_undated::vessels_equipment_it	196.22691194613878	0.0057994314894973	56.71794871794869	0.0	251.80685613186023
IPC	2019-09	2019	background	mixed	background::mixed	11782335.89298949	0.002312286213654202	152935.05331503224	0.0	11908026.81345452
IPC	2019-09	2019	mapped_undated	buildings_landside	mapped_undated::buildings_landside	407.0278862251556	0.0048913730833552	102.92307692307685	0.0	507.96003790137576
IPC	2019-09	2019	mapped_undated	land	mapped_undated::land	131405.73680689925	0.0023122862136542	0.0	0.0	131101.8891332856
IPC	2019-09	2019	mapped_undated	vessels_equipment_it	mapped_undated::vessels_equipment_it	251.80685613186023	0.0057994314894973	63.80769230769226	0.0	314.15421182883006
IPC	2019-10	2019	background	mixed	background::mixed	11908026.81345452	0.002312286213654202	169927.8370167026	0.0	12050419.884238645
IPC	2019-10	2019	mapped_undated	buildings_landside	mapped_undated::buildings_landside	507.96003790137576	0.0048913730833552	114.35897435897435	0.0	619.8343902035392
IPC	2019-10	2019	mapped_undated	land	mapped_undated::land	131101.8891332856	0.0023122862136542	0.0	0.0	130798.74404245867
IPC	2019-10	2019	mapped_undated	vessels_equipment_it	mapped_undated::vessels_equipment_it	314.15421182883006	0.0057994314894973	70.8974358974359	0.0	383.22973189762763
IPC	2019-11	2019	background	mixed	background::mixed	12050419.884238645	0.002312286213654202	186920.62071837284	0.0	12209476.485189948
IPC	2019-11	2019	mapped_undated	buildings_landside	mapped_undated::buildings_landside	619.8343902035392	0.0048913730833552	125.79487179487177	0.0	742.5974207460315
IPC	2019-11	2019	mapped_undated	land	mapped_undated::land	130798.74404245867	0.0023122862136542	0.0	0.0	130496.299909846
IPC	2019-11	2019	mapped_undated	vessels_equipment_it	mapped_undated::vessels_equipment_it	383.22973189762763	0.0057994314894973	77.98717948717947	0.0	458.9943968099284
IPC	2019-12	2019	background	mixed	background::mixed	12209476.485189948	0.002312286213654202	203913.40442004357	0.0	12385158.085457353
IPC	2019-12	2019	mapped_undated	buildings_landside	mapped_undated::buildings_landside	742.5974207460315	0.0048913730833552	137.23076923076954	0.0	876.1958689411949
IPC	2019-12	2019	mapped_undated	land	mapped_undated::land	130496.299909846	0.0023122862136542	0.0	0.0	130194.55511463158
IPC	2019-12	2019	mapped_undated	vessels_equipment_it	mapped_undated::vessels_equipment_it	458.9943968099284	0.0057994314894973	85.07692307692328	0.0	541.4094133284893
IPC	2020-01	2020	background	mixed	background::mixed	12385158.085457353	0.002312286213654202	6748.41286110269	0.0	12363268.468023526
IPC	2020-01	2020	mapped_undated	buildings_landside	mapped_undated::buildings_landside	876.1958689411949	0.0048913730833552	0.2435897435897432	0.0	872.1536577956987
IPC	2020-01	2020	mapped_undated	land	mapped_undated::land	130194.55511463158	0.0023122862136542	2189.3076923076887	0.0	132082.81573205488
IPC	2020-01	2020	mapped_undated	vessels_equipment_it	mapped_undated::vessels_equipment_it	541.4094133284893	0.0057994314894973	13.064102564102543	0.0	551.3336490922244
IPC	2020-02	2020	background	mixed	background::mixed	12363268.468023526	0.002312286213654202	13496.82572220538	0.0	12348177.878511414
IPC	2020-02	2020	mapped_undated	buildings_landside	mapped_undated::buildings_landside	872.1536577956987	0.0048913730833552	0.4871794871794864	0.0	868.3748083565865
IPC	2020-02	2020	mapped_undated	land	mapped_undated::land	132082.81573205488	0.0023122862136542	4378.6153846153775	0.0	136156.01784279238
IPC	2020-02	2020	mapped_undated	vessels_equipment_it	mapped_undated::vessels_equipment_it	551.3336490922244	0.0057994314894973	26.128205128205085	0.0	574.2644324946646
IPC	2020-03	2020	background	mixed	background::mixed	12348177.878511414	0.002312286213654202	20245.23858330807	0.0	12339870.59562249
IPC	2020-03	2020	mapped_undated	buildings_landside	mapped_undated::buildings_landside	868.3748083565865	0.0048913730833552	0.7307692307692296	0.0	864.8580324234966
IPC	2020-03	2020	mapped_undated	land	mapped_undated::land	136156.01784279238	0.0023122862136542	6567.923076923066	0.0	142409.1092367515
IPC	2020-03	2020	mapped_undated	vessels_equipment_it	mapped_undated::vessels_equipment_it	574.2644324946646	0.0057994314894973	39.19230769230763	0.0	610.1263329538643
IPC	2020-04	2020	background	mixed	background::mixed	12339870.59562249	0.002312286213654202	26993.65144441076	0.0	12338330.934410365
IPC	2020-04	2020	mapped_undated	buildings_landside	mapped_undated::buildings_landside	864.8580324234966	0.0048913730833552	0.9743589743589728	0.0	861.6020480971358
IPC	2020-04	2020	mapped_undated	land	mapped_undated::land	142409.1092367515	0.0023122862136542	8757.230769230755	0.0	150837.04938599534
IPC	2020-04	2020	mapped_undated	vessels_equipment_it	mapped_undated::vessels_equipment_it	610.1263329538643	0.0057994314894973	52.25641025641017	0.0	658.8443573423704
IPC	2020-05	2020	background	mixed	background::mixed	12338330.934410365	0.002312286213654202	33742.0643055135	0.0	12343543.24619674
IPC	2020-05	2020	mapped_undated	buildings_landside	mapped_undated::buildings_landside	861.6020480971358	0.0048913730833552	1.2179487179487178	0.0	858.6055797484585
IPC	2020-05	2020	mapped_undated	land	mapped_undated::land	150837.04938599534	0.0023122862136542	10946.538461538461	0.0	161434.80941773028
IPC	2020-05	2020	mapped_undated	vessels_equipment_it	mapped_undated::vessels_equipment_it	658.8443573423704	0.0057994314894973	65.32051282051282	0.0	720.3439474502342
IPC	2020-06	2020	background	mixed	background::mixed	12343543.24619674	0.002312286213654202	40490.47716661619	0.0	12355491.91848753
IPC	2020-06	2020	mapped_undated	buildings_landside	mapped_undated::buildings_landside	858.6055797484585	0.0048913730833552	1.461538461538461	0.0	855.8673579879967
IPC	2020-06	2020	mapped_undated	land	mapped_undated::land	161434.80941773028	0.0023122862136542	13135.84615384615	0.0	174197.37208735594
IPC	2020-06	2020	mapped_undated	vessels_equipment_it	mapped_undated::vessels_equipment_it	720.3439474502342	0.0057994314894973	78.38461538461536	0.0	794.5509774627378
IPC	2020-07	2020	background	mixed	background::mixed	12355491.91848753	0.002312286213654202	47238.89002771889	0.0	12374161.374889214
IPC	2020-07	2020	mapped_undated	buildings_landside	mapped_undated::buildings_landside	855.8673579879967	0.0048913730833552	1.7051282051282044	0.0	853.38611963534
IPC	2020-07	2020	mapped_undated	land	mapped_undated::land	174197.37208735594	0.0023122862136542	15325.153846153838	0.0	189119.7317515774
IPC	2020-07	2020	mapped_undated	vessels_equipment_it	mapped_undated::vessels_equipment_it	794.5509774627378	0.0057994314894973	91.44871794871791	0.0	881.3917514527474
IPC	2020-08	2020	background	mixed	background::mixed	12374161.374889214	0.002312286213654202	53987.30288882158	0.0	12399536.075025346
IPC	2020-08	2020	mapped_undated	buildings_landside	mapped_undated::buildings_landside	853.38611963534	0.0048913730833552	1.9487179487179476	0.0	851.1606076887647
IPC	2020-08	2020	mapped_undated	land	mapped_undated::land	189119.7317515774	0.0023122862136542	17514.461538461528	0.0	206196.89434157978
IPC	2020-08	2020	mapped_undated	vessels_equipment_it	mapped_undated::vessels_equipment_it	881.3917514527474	0.0057994314894973	104.51282051282045	0.0	980.7930008876095
IPC	2020-09	2020	background	mixed	background::mixed	12399536.075025346	0.002312286213654202	60735.71574992426	0.0	12431600.514453283
IPC	2020-09	2020	mapped_undated	buildings_landside	mapped_undated::buildings_landside	851.1606076887647	0.0048913730833552	2.1923076923076907	0.0	849.1895712950113
IPC	2020-09	2020	mapped_undated	land	mapped_undated::land	206196.89434157978	0.0023122862136542	19703.769230769216	0.0	225423.87733626465
IPC	2020-09	2020	mapped_undated	vessels_equipment_it	mapped_undated::vessels_equipment_it	980.7930008876095	0.0057994314894973	117.57692307692298	0.0	1092.6818821505062
IPC	2020-10	2020	background	mixed	background::mixed	12431600.514453283	0.002312286213654202	67484.128611027	0.0	12470339.224581081
IPC	2020-10	2020	mapped_undated	buildings_landside	mapped_undated::buildings_landside	849.1895712950113	0.0048913730833552	2.4358974358974357	0.0	847.4717657192105
IPC	2020-10	2020	mapped_undated	land	mapped_undated::land	225423.87733626465	0.0023122862136542	21893.076923076922	0.0	246795.70973554847
IPC	2020-10	2020	mapped_undated	vessels_equipment_it	mapped_undated::vessels_equipment_it	1092.6818821505062	0.0057994314894973	130.64102564102564	0.0	1216.985974076185
IPC	2020-11	2020	background	mixed	background::mixed	12470339.224581081	0.002312286213654202	74232.5414721297	0.0	12515736.77258462
IPC	2020-11	2020	mapped_undated	buildings_landside	mapped_undated::buildings_landside	847.4717657192105	0.0048913730833552	2.679487179487179	0.0	846.0059523149552
IPC	2020-11	2020	mapped_undated	land	mapped_undated::land	246795.70973554847	0.0023122862136542	24082.38461538461	0.0	270307.4320337226
IPC	2020-11	2020	mapped_undated	vessels_equipment_it	mapped_undated::vessels_equipment_it	1216.985974076185	0.0057994314894973	143.70512820512818	0.0	1353.6332755009792
IPC	2020-12	2020	background	mixed	background::mixed	12515736.77258462	0.002312286213654202	80980.95433323261	0.0	12567777.76132488
IPC	2020-12	2020	mapped_undated	buildings_landside	mapped_undated::buildings_landside	846.0059523149552	0.0048913730833552	2.9230769230769327	0.0	844.7908984945204
IPC	2020-12	2020	mapped_undated	land	mapped_undated::land	270307.4320337226	0.0023122862136542	26271.69230769236	0.0	295954.0961928751
IPC	2020-12	2020	mapped_undated	vessels_equipment_it	mapped_undated::vessels_equipment_it	1353.6332755009792	0.0057994314894973	156.76923076923129	0.0	1502.5522028270384
IPC	2021-01	2021	background	mixed	background::mixed	12567777.76132488	0.002312286213654202	9006.047040424935	0.0	12547723.509111524
IPC	2021-01	2021	mapped_undated	buildings_landside	mapped_undated::buildings_landside	844.7908984945204	0.0048913730833552	0.0	0.0	840.6587110325609
IPC	2021-01	2021	mapped_undated	land	mapped_undated::land	295954.0961928751	0.0023122862136542	0.0	0.0	295269.76561637386
IPC	2021-01	2021	mapped_undated	vessels_equipment_it	mapped_undated::vessels_equipment_it	1502.5522028270384	0.0057994314894973	0.0	0.0	1493.8382542673496
IPC	2021-02	2021	background	mixed	background::mixed	12547723.509111524	0.002312286213654202	18012.09408084987	0.0	12536721.675109511
IPC	2021-02	2021	mapped_undated	buildings_landside	mapped_undated::buildings_landside	840.6587110325609	0.0048913730833552	0.0	0.0	836.5467356411282
IPC	2021-02	2021	mapped_undated	land	mapped_undated::land	295269.76561637386	0.0023122862136542	0.0	0.0	294587.0174080302
IPC	2021-02	2021	mapped_undated	vessels_equipment_it	mapped_undated::vessels_equipment_it	1493.8382542673496	0.0057994314894973	0.0	0.0	1485.1748416553357
IPC	2021-03	2021	background	mixed	background::mixed	12536721.675109511	0.002312286213654202	27018.141121274806	0.0	12534751.327537011
IPC	2021-03	2021	mapped_undated	buildings_landside	mapped_undated::buildings_landside	836.5467356411282	0.0048913730833552	0.0	0.0	832.4548734554445
IPC	2021-03	2021	mapped_undated	land	mapped_undated::land	294587.0174080302	0.0023122862136542	0.0	0.0	293905.8479089561
IPC	2021-03	2021	mapped_undated	vessels_equipment_it	mapped_undated::vessels_equipment_it	1485.1748416553357	0.0057994314894973	0.0	0.0	1476.5616719112306
IPC	2021-04	2021	background	mixed	background::mixed	12534751.327537011	0.002312286213654202	36024.18816169974	0.0	12541791.583012464
IPC	2021-04	2021	mapped_undated	buildings_landside	mapped_undated::buildings_landside	832.4548734554445	0.0048913730833552	0.0	0.0	828.3830260943167
IPC	2021-04	2021	mapped_undated	land	mapped_undated::land	293905.8479089561	0.0023122862136542	0.0	0.0	293226.2534687239
IPC	2021-04	2021	mapped_undated	vessels_equipment_it	mapped_undated::vessels_equipment_it	1476.5616719112306	0.0057994314894973	0.0	0.0	1467.998453654964
IPC	2021-05	2021	background	mixed	background::mixed	12541791.583012464	0.002312286213654202	45030.23520212474	0.0	12557821.606442664
IPC	2021-05	2021	mapped_undated	buildings_landside	mapped_undated::buildings_landside	828.3830260943167	0.0048913730833552	0.0	0.0	824.3310956577707
IPC	2021-05	2021	mapped_undated	land	mapped_undated::land	293226.2534687239	0.0023122862136542	0.0	0.0	292548.2304453467
IPC	2021-05	2021	mapped_undated	vessels_equipment_it	mapped_undated::vessels_equipment_it	1467.998453654964	0.0057994314894973	0.0	0.0	1459.4848971963038
IPC	2021-06	2021	background	mixed	background::mixed	12557821.606442664	0.002312286213654202	54036.282242549685	0.0	12582820.610911107
IPC	2021-06	2021	mapped_undated	buildings_landside	mapped_undated::buildings_landside	824.3310956577707	0.0048913730833552	0.0	0.0	820.2989847246976
IPC	2021-06	2021	mapped_undated	land	mapped_undated::land	292548.2304453467	0.0023122862136542	0.0	0.0	291871.775205259
IPC	2021-06	2021	mapped_undated	vessels_equipment_it	mapped_undated::vessels_equipment_it	1459.4848971963038	0.0057994314894973	0.0	0.0	1451.0207145250577
IPC	2021-07	2021	background	mixed	background::mixed	12582820.610911107	0.002312286213654202	63042.32928297462	0.0	12616767.857566588
IPC	2021-07	2021	mapped_undated	buildings_landside	mapped_undated::buildings_landside	820.2989847246976	0.0048913730833552	0.0	0.0	816.2865963505116
IPC	2021-07	2021	mapped_undated	land	mapped_undated::land	291871.775205259	0.0023122862136542	0.0	0.0	291196.88412329706
IPC	2021-07	2021	mapped_undated	vessels_equipment_it	mapped_undated::vessels_equipment_it	1451.0207145250577	0.0057994314894973	0.0	0.0	1442.605619301328
IPC	2021-08	2021	background	mixed	background::mixed	12616767.857566588	0.002312286213654202	72048.37632339956	0.0	12659642.655512061
IPC	2021-08	2021	mapped_undated	buildings_landside	mapped_undated::buildings_landside	816.2865963505116	0.0048913730833552	0.0	0.0	812.2938340648191
IPC	2021-08	2021	mapped_undated	land	mapped_undated::land	291196.88412329706	0.0023122862136542	0.0	0.0	290523.5535826797
IPC	2021-08	2021	mapped_undated	vessels_equipment_it	mapped_undated::vessels_equipment_it	1442.605619301328	0.0057994314894973	0.0	0.0	1434.239326845826
IPC	2021-09	2021	background	mixed	background::mixed	12659642.655512061	0.002312286213654202	81054.42336382448	0.0	12711424.361693757
IPC	2021-09	2021	mapped_undated	buildings_landside	mapped_undated::buildings_landside	812.2938340648191	0.0048913730833552	0.0	0.0	808.320601869099
IPC	2021-09	2021	mapped_undated	land	mapped_undated::land	290523.5535826797	0.0023122862136542	0.0	0.0	289851.77997498866
IPC	2021-09	2021	mapped_undated	vessels_equipment_it	mapped_undated::vessels_equipment_it	1434.239326845826	0.0057994314894973	0.0	0.0	1425.921554130241
IPC	2021-10	2021	background	mixed	background::mixed	12711424.361693757	0.002312286213654202	90060.47040424949	0.0	12772092.380790552
IPC	2021-10	2021	mapped_undated	buildings_landside	mapped_undated::buildings_landside	808.320601869099	0.0048913730833552	0.0	0.0	804.3668042343951
IPC	2021-10	2021	mapped_undated	land	mapped_undated::land	289851.77997498866	0.0023122862136542	0.0	0.0	289181.55970014934
IPC	2021-10	2021	mapped_undated	vessels_equipment_it	mapped_undated::vessels_equipment_it	1425.921554130241	0.0057994314894973	0.0	0.0	1417.652019767665
IPC	2021-11	2021	background	mixed	background::mixed	12772092.380790552	0.002312286213654202	99066.51744467442	0.0	12841626.165103607
IPC	2021-11	2021	mapped_undated	buildings_landside	mapped_undated::buildings_landside	804.3668042343951	0.0048913730833552	0.0	0.0	800.4323460990186
IPC	2021-11	2021	mapped_undated	land	mapped_undated::land	289181.55970014934	0.0023122862136542	0.0	0.0	288512.88916641165
IPC	2021-11	2021	mapped_undated	vessels_equipment_it	mapped_undated::vessels_equipment_it	1417.652019767665	0.0057994314894973	0.0	0.0	1409.4304440030749
IPC	2021-12	2021	background	mixed	background::mixed	12841626.165103607	0.002312286213654202	108072.5644850996	0.0	12920005.214446235
IPC	2021-12	2021	mapped_undated	buildings_landside	mapped_undated::buildings_landside	800.4323460990186	0.0048913730833552	0.0	0.0	796.517132866263
IPC	2021-12	2021	mapped_undated	land	mapped_undated::land	288512.88916641165	0.0023122862136542	0.0	0.0	287845.7647903306
IPC	2021-12	2021	mapped_undated	vessels_equipment_it	mapped_undated::vessels_equipment_it	1409.4304440030749	0.0057994314894973	0.0	0.0	1401.256548703867
IPC	2022-01	2022	background	mixed	background::mixed	12920005.214446235	0.002312286213654202	-23.756301491901468	0.0	12890106.70820704
IPC	2022-01	2022	mapped_undated	buildings_landside	mapped_undated::buildings_landside	796.517132866263	0.0048913730833552	14.269230769230745	0.0	806.8903011713604
IPC	2022-01	2022	mapped_undated	land	mapped_undated::land	287845.7647903306	0.0023122862136542	2886.4871794871747	0.0	290066.6701762344
IPC	2022-01	2022	mapped_undated	maritime_infrastructure	mapped_undated::maritime_infrastructure	0.0	0.0031699522442416	814.8205128205115	0.0	814.8205128205115
IPC	2022-01	2022	mapped_undated	vessels_equipment_it	mapped_undated::vessels_equipment_it	1401.256548703867	0.0057994314894973	131.55128205128185	0.0	1524.6813394017313
IPC	2022-02	2022	background	mixed	background::mixed	12890106.70820704	0.002312286213654202	-47.512602983802935	0.0	12860253.579570137
IPC	2022-02	2022	mapped_undated	buildings_landside	mapped_undated::buildings_landside	806.8903011713604	0.0048913730833552	28.53846153846149	0.0	831.481961209452
IPC	2022-02	2022	mapped_undated	land	mapped_undated::land	290066.6701762344	0.0023122862136542	5772.974358974349	0.0	295168.9273727197
IPC	2022-02	2022	mapped_undated	maritime_infrastructure	mapped_undated::maritime_infrastructure	814.8205128205115	0.0031699522442416	1629.641025641023	0.0	2441.878596348265
IPC	2022-02	2022	mapped_undated	vessels_equipment_it	mapped_undated::vessels_equipment_it	1524.6813394017313	0.0057994314894973	263.1025641025637	0.0	1778.9416185331197
IPC	2022-03	2022	background	mixed	background::mixed	12860253.579570137	0.002312286213654202	-71.26890447570531	0.0	12830445.723609524
IPC	2022-03	2022	mapped_undated	buildings_landside	mapped_undated::buildings_landside	831.481961209452	0.0048913730833552	42.80769230769224	0.0	870.222565032789
IPC	2022-03	2022	mapped_undated	land	mapped_undated::land	295168.9273727197	0.0023122862136542	8659.461538461524	0.0	303145.87386971817
IPC	2022-03	2022	mapped_undated	maritime_infrastructure	mapped_undated::maritime_infrastructure	2441.878596348265	0.0031699522442416	2444.4615384615345	0.0	4878.59949627314
IPC	2022-03	2022	mapped_undated	vessels_equipment_it	mapped_undated::vessels_equipment_it	1778.9416185331197	0.0057994314894973	394.6538461538455	0.0	2163.278614646467
IPC	2022-04	2022	background	mixed	background::mixed	12830445.723609524	0.002312286213654202	-95.02520596760587	0.0	12800683.035641816
IPC	2022-04	2022	mapped_undated	buildings_landside	mapped_undated::buildings_landside	870.222565032789	0.0048913730833552	57.07692307692298	0.0	923.0429048785824
IPC	2022-04	2022	mapped_undated	land	mapped_undated::land	303145.87386971817	0.0023122862136542	11545.948717948699	0.0	313990.86256279174
IPC	2022-04	2022	mapped_undated	maritime_infrastructure	mapped_undated::maritime_infrastructure	4878.59949627314	0.0031699522442416	3259.282051282046	0.0	8122.416620133219
IPC	2022-04	2022	mapped_undated	vessels_equipment_it	mapped_undated::vessels_equipment_it	2163.278614646467	0.0057994314894973	526.2051282051274	0.0	2676.9379567332576
IPC	2022-05	2022	background	mixed	background::mixed	12800683.035641816	0.002312286213654202	-118.78150745950552	0.0	12770965.411225684
IPC	2022-05	2022	mapped_undated	buildings_landside	mapped_undated::buildings_landside	923.0429048785824	0.0048913730833552	71.34615384615384	0.0	989.8741115050311
IPC	2022-05	2022	mapped_undated	land	mapped_undated::land	313990.86256279174	0.0023122862136542	14432.435897435897	0.0	327697.2617175103
IPC	2022-05	2022	mapped_undated	maritime_infrastructure	mapped_undated::maritime_infrastructure	8122.416620133219	0.0031699522442416	4074.1025641025635	0.0	12170.771511442126
IPC	2022-05	2022	mapped_undated	vessels_equipment_it	mapped_undated::vessels_equipment_it	2676.9379567332576	0.0057994314894973	657.7564102564102	0.0	3319.169648707958
IPC	2022-06	2022	background	mixed	background::mixed	12770965.411225684	0.002312286213654202	-142.5378089514088	0.0	12741292.7461613
IPC	2022-06	2022	mapped_undated	buildings_landside	mapped_undated::buildings_landside	989.8741115050311	0.0048913730833552	85.61538461538458	0.0	1070.64765253549
IPC	2022-06	2022	mapped_undated	land	mapped_undated::land	327697.2617175103	0.0023122862136542	17318.92307692307	0.0	344258.45493391174
IPC	2022-06	2022	mapped_undated	maritime_infrastructure	mapped_undated::maritime_infrastructure	12170.771511442126	0.0031699522442416	4888.923076923075	0.0	17021.113823898355
IPC	2022-06	2022	mapped_undated	vessels_equipment_it	mapped_undated::vessels_equipment_it	3319.169648707958	0.0057994314894973	789.307692307692	0.0	4089.228044035949
IPC	2022-07	2022	background	mixed	background::mixed	12741292.7461613	0.002312286213654202	-166.29411044330845	0.0	12711664.936489776
IPC	2022-07	2022	mapped_undated	buildings_landside	mapped_undated::buildings_landside	1070.64765253549	0.0048913730833552	99.88461538461534	0.0	1165.2953308107355
IPC	2022-07	2022	mapped_undated	land	mapped_undated::land	344258.45493391174	0.0023122862136542	20205.410256410247	0.0	363667.8411110444
IPC	2022-07	2022	mapped_undated	maritime_infrastructure	mapped_undated::maritime_infrastructure	17021.113823898355	0.0031699522442416	5703.743589743587	0.0	22670.901295676384
IPC	2022-07	2022	mapped_undated	vessels_equipment_it	mapped_undated::vessels_equipment_it	4089.228044035949	0.0057994314894973	920.8589743589739	0.0	4986.371820508605
IPC	2022-08	2022	background	mixed	background::mixed	12711664.936489776	0.002312286213654202	-190.05041193521174	0.0	12682081.878492603
IPC	2022-08	2022	mapped_undated	buildings_landside	mapped_undated::buildings_landside	1165.2953308107355	0.0048913730833552	114.15384615384609	0.0	1273.7492827492947
IPC	2022-08	2022	mapped_undated	land	mapped_undated::land	363667.8411110444	0.0023122862136542	23091.897435897423	0.0	385918.8344115914
IPC	2022-08	2022	mapped_undated	maritime_infrastructure	mapped_undated::maritime_infrastructure	22670.901295676384	0.0031699522442416	6518.564102564099	0.0	29117.599723799274
IPC	2022-08	2022	mapped_undated	vessels_equipment_it	mapped_undated::vessels_equipment_it	4986.371820508605	0.0057994314894973	1052.410256410256	0.0	6009.863955164661
IPC	2022-09	2022	background	mixed	background::mixed	12682081.878492603	0.002312286213654202	-213.80671342711503	0.0	12652543.468691105
IPC	2022-09	2022	mapped_undated	buildings_landside	mapped_undated::buildings_landside	1273.7492827492947	0.0048913730833552	128.42307692307682	0.0	1395.9419767157888
IPC	2022-09	2022	mapped_undated	land	mapped_undated::land	385918.8344115914	0.0023122862136542	25978.384615384595	0.0	411004.86422657664
IPC	2022-09	2022	mapped_undated	maritime_infrastructure	mapped_undated::maritime_infrastructure	29117.599723799274	0.0031699522442416	7333.38461538461	0.0	36358.6829385925
IPC	2022-09	2022	mapped_undated	vessels_equipment_it	mapped_undated::vessels_equipment_it	6009.863955164661	0.0057994314894973	1183.9615384615374	0.0	7158.971699357021
IPC	2022-10	2022	background	mixed	background::mixed	12652543.468691105	0.002312286213654202	-237.56301491901104	0.0	12623049.603845872
IPC	2022-10	2022	mapped_undated	buildings_landside	mapped_undated::buildings_landside	1395.9419767157888	0.0048913730833552	142.69230769230768	0.0	1531.806211397263
IPC	2022-10	2022	mapped_undated	land	mapped_undated::land	411004.86422657664	0.0023122862136542	28864.871794871793	0.0	438919.3751401525
IPC	2022-10	2022	mapped_undated	maritime_infrastructure	mapped_undated::maritime_infrastructure	36358.6829385925	0.0031699522442416	8148.205128205127	0.0	44391.632778218765
IPC	2022-10	2022	mapped_undated	vessels_equipment_it	mapped_undated::vessels_equipment_it	7158.971699357021	0.0057994314894973	1315.5128205128203	0.0	8432.96655396417
IPC	2022-11	2022	background	mixed	background::mixed	12623049.603845872	0.002312286213654202	-261.3193164109143	0.0	12593600.180956215
IPC	2022-11	2022	mapped_undated	buildings_landside	mapped_undated::buildings_landside	1531.806211397263	0.0048913730833552	156.96153846153842	0.0	1681.2751141874564
IPC	2022-11	2022	mapped_undated	land	mapped_undated::land	438919.3751401525	0.0023122862136542	31751.35897435897	0.0	469655.8268944692
IPC	2022-11	2022	mapped_undated	maritime_infrastructure	mapped_undated::maritime_infrastructure	44391.632778218765	0.0031699522442416	8963.025641025639	0.0	53213.93906329355
IPC	2022-11	2022	mapped_undated	vessels_equipment_it	mapped_undated::vessels_equipment_it	8432.96655396417	0.0057994314894973	1447.0641025641023	0.0	9831.124244745333
IPC	2022-12	2022	background	mixed	background::mixed	12593600.180956215	0.002312286213654202	-285.0756179027303	0.0	12564195.097259615
IPC	2022-12	2022	mapped_undated	buildings_landside	mapped_undated::buildings_landside	1681.2751141874564	0.0048913730833552	171.23076923076962	0.0	1844.2821395789747
IPC	2022-12	2022	mapped_undated	land	mapped_undated::land	469655.8268944692	0.0023122862136542	34637.84615384626	0.0	503207.694354625
IPC	2022-12	2022	mapped_undated	maritime_infrastructure	mapped_undated::maritime_infrastructure	53213.93906329355	0.0031699522442416	9777.846153846187	0.0	62823.09957158111
IPC	2022-12	2022	mapped_undated	vessels_equipment_it	mapped_undated::vessels_equipment_it	9831.124244745333	0.0057994314894973	1578.6153846153895	0.0	11352.724697838587
IPC	2023-01	2023	background	mixed	background::mixed	12564195.097259615	0.002312286213654202	2843.8218247969153	0.0	12537986.903975356
IPC	2023-01	2023	mapped_undated	buildings_landside	mapped_undated::buildings_landside	1844.2821395789747	0.0048913730833552	30.551282051282	0.0	1865.8123496146075
IPC	2023-01	2023	mapped_undated	land	mapped_undated::land	503207.694354625	0.0023122862136542	2.871794871794867	0.0	502047.0059352359
IPC	2023-01	2023	mapped_undated	maritime_infrastructure	mapped_undated::maritime_infrastructure	62823.09957158111	0.0031699522442416	306.2307692307687	0.0	62930.18411533473
IPC	2023-01	2023	mapped_undated	vessels_equipment_it	mapped_undated::vessels_equipment_it	11352.724697838587	0.0057994314894973	983.7307692307676	0.0	12270.616117965115
IPC	2023-02	2023	background	mixed	background::mixed	12537986.903975356	0.002312286213654202	5687.643649593831	0.0	12514683.13335991
IPC	2023-02	2023	mapped_undated	buildings_landside	mapped_undated::buildings_landside	1865.8123496146075	0.0048913730833552	61.102564102564	0.0	1917.7885294116747
IPC	2023-02	2023	mapped_undated	land	mapped_undated::land	502047.0059352359	0.0023122862136542	5.743589743589734	0.0	500891.87315454904
IPC	2023-02	2023	mapped_undated	maritime_infrastructure	mapped_undated::maritime_infrastructure	62930.18411533473	0.0031699522442416	612.4615384615374	0.0	63343.15997542933
IPC	2023-02	2023	mapped_undated	vessels_equipment_it	mapped_undated::vessels_equipment_it	12270.616117965115	0.0057994314894973	1967.4615384615352	0.0	14166.91505891659
IPC	2023-03	2023	background	mixed	background::mixed	12514683.13335991	0.002312286213654202	8531.465474390745	0.0	12494277.069556784
IPC	2023-03	2023	mapped_undated	buildings_landside	mapped_undated::buildings_landside	1917.7885294116747	0.0048913730833552	91.653846153846	0.0	2000.0617563731892
IPC	2023-03	2023	mapped_undated	land	mapped_undated::land	500891.87315454904	0.0023122862136542	8.615384615384603	0.0	499742.2831663377
IPC	2023-03	2023	mapped_undated	maritime_infrastructure	mapped_undated::maritime_infrastructure	63343.15997542933	0.0031699522442416	918.6923076923063	0.0	64061.05749100017
IPC	2023-03	2023	mapped_undated	vessels_equipment_it	mapped_undated::vessels_equipment_it	14166.91505891659	0.0057994314894973	2951.192307692303	0.0	17035.947313307177
IPC	2023-04	2023	background	mixed	background::mixed	12494277.069556784	0.002312286213654202	11375.287299187661	0.0	12476762.01223846
IPC	2023-04	2023	mapped_undated	buildings_landside	mapped_undated::buildings_landside	2000.0617563731892	0.0048913730833552	122.205128205128	0.0	2112.4838363381455
IPC	2023-04	2023	mapped_undated	land	mapped_undated::land	499742.2831663377	0.0023122862136542	11.487179487179468	0.0	498598.2231540793
IPC	2023-04	2023	mapped_undated	maritime_infrastructure	mapped_undated::maritime_infrastructure	64061.05749100017	0.0031699522442416	1224.9230769230749	0.0	65082.91007496116
IPC	2023-04	2023	mapped_undated	vessels_equipment_it	mapped_undated::vessels_equipment_it	17035.947313307177	0.0057994314894973	3934.9230769230703	0.0	20872.071580928037
IPC	2023-05	2023	background	mixed	background::mixed	12476762.01223846	0.002312286213654202	14219.1091239846	0.0	12462131.2765705
IPC	2023-05	2023	mapped_undated	buildings_landside	mapped_undated::buildings_landside	2112.4838363381455	0.0048913730833552	152.75641025641025	0.0	2254.9073000184685
IPC	2023-05	2023	mapped_undated	land	mapped_undated::land	498598.2231540793	0.0023122862136542	14.358974358974358	0.0	497459.6803308866
IPC	2023-05	2023	mapped_undated	maritime_infrastructure	mapped_undated::maritime_infrastructure	65082.91007496116	0.0031699522442416	1531.153846153846	0.0	66407.75420426112
IPC	2023-05	2023	mapped_undated	vessels_equipment_it	mapped_undated::vessels_equipment_it	20872.071580928037	0.0057994314894973	4918.653846153846	0.0	25669.679277904404
IPC	2023-06	2023	background	mixed	background::mixed	12462131.2765705	0.002312286213654202	17062.93094878151	0.0	12450378.193175718
IPC	2023-06	2023	mapped_undated	buildings_landside	mapped_undated::buildings_landside	2254.9073000184685	0.0048913730833552	183.30769230769226	0.0	2427.1853994533894
IPC	2023-06	2023	mapped_undated	land	mapped_undated::land	497459.6803308866	0.0023122862136542	17.230769230769226	0.0	496326.64193943946
IPC	2023-06	2023	mapped_undated	maritime_infrastructure	mapped_undated::maritime_infrastructure	66407.75420426112	0.0031699522442416	1837.3846153846148	0.0	68034.62941017089
IPC	2023-06	2023	mapped_undated	vessels_equipment_it	mapped_undated::vessels_equipment_it	25669.679277904404	0.0057994314894973	5902.384615384613	0.0	31423.19434695944
IPC	2023-07	2023	background	mixed	background::mixed	12450378.193175718	0.002312286213654202	19906.75277357843	0.0	12441496.108098436
IPC	2023-07	2023	mapped_undated	buildings_landside	mapped_undated::buildings_landside	2427.1853994533894	0.0048913730833552	213.85897435897425	0.0	2629.1721044811648
IPC	2023-07	2023	mapped_undated	land	mapped_undated::land	496326.64193943946	0.0023122862136542	20.102564102564095	0.0	495199.09525191615
IPC	2023-07	2023	mapped_undated	maritime_infrastructure	mapped_undated::maritime_infrastructure	68034.62941017089	0.0031699522442416	2143.615384615384	0.0	69962.57826860137
IPC	2023-07	2023	mapped_undated	vessels_equipment_it	mapped_undated::vessels_equipment_it	31423.19434695944	0.0057994314894973	6886.115384615381	0.0	38127.07306877847
IPC	2023-08	2023	background	mixed	background::mixed	12441496.108098436	0.002312286213654202	22750.574598375348	0.0	12435478.382768823
IPC	2023-08	2023	mapped_undated	buildings_landside	mapped_undated::buildings_landside	2629.1721044811648	0.0048913730833552	244.41025641025627	0.0	2860.7220992280536
IPC	2023-08	2023	mapped_undated	land	mapped_undated::land	495199.09525191615	0.0023122862136542	22.97435897435896	0.0	494077.02756992547
IPC	2023-08	2023	mapped_undated	maritime_infrastructure	mapped_undated::maritime_infrastructure	69962.57826860137	0.0031699522442416	2449.8461538461524	0.0	72190.64639045205
IPC	2023-08	2023	mapped_undated	vessels_equipment_it	mapped_undated::vessels_equipment_it	38127.07306877847	0.0057994314894973	7869.84615384615	0.0	45775.80387446717
IPC	2023-09	2023	background	mixed	background::mixed	12435478.382768823	0.002312286213654202	25594.396423172257	0.0	12432318.393967323
IPC	2023-09	2023	mapped_undated	buildings_landside	mapped_undated::buildings_landside	2860.7220992280536	0.0048913730833552	274.9615384615382	0.0	3121.6907786144684
IPC	2023-09	2023	mapped_undated	land	mapped_undated::land	494077.02756992547	0.0023122862136542	25.846153846153825	0.0	492960.4262244384
IPC	2023-09	2023	mapped_undated	maritime_infrastructure	mapped_undated::maritime_infrastructure	72190.64639045205	0.0031699522442416	2756.076923076921	0.0	74717.88241199031
IPC	2023-09	2023	mapped_undated	vessels_equipment_it	mapped_undated::vessels_equipment_it	45775.80387446717	0.0057994314894973	8853.576923076917	0.0	54363.90715909745
IPC	2023-10	2023	background	mixed	background::mixed	12432318.393967323	0.002312286213654202	28438.2182479692	0.0	12432009.533789162
IPC	2023-10	2023	mapped_undated	buildings_landside	mapped_undated::buildings_landside	3121.6907786144684	0.0048913730833552	305.5128205128205	0.0	3411.934244878216
IPC	2023-10	2023	mapped_undated	land	mapped_undated::land	492960.4262244384	0.0023122862136542	28.717948717948715	0.0	491849.2785757205
IPC	2023-10	2023	mapped_undated	maritime_infrastructure	mapped_undated::maritime_infrastructure	74717.88241199031	0.0031699522442416	3062.307692307692	0.0	77543.33798526114
IPC	2023-10	2023	mapped_undated	vessels_equipment_it	mapped_undated::vessels_equipment_it	54363.90715909745	0.0057994314894973	9837.307692307691	0.0	63885.935096334564
IPC	2023-11	2023	background	mixed	background::mixed	12432009.533789162	0.002312286213654202	31282.040072766114	0.0	12434545.20960893
IPC	2023-11	2023	mapped_undated	buildings_landside	mapped_undated::buildings_landside	3411.934244878216	0.0048913730833552	336.0641025641025	0.0	3731.309304114743
IPC	2023-11	2023	mapped_undated	land	mapped_undated::land	491849.2785757205	0.0023122862136542	31.589743589743584	0.0	490743.5720132638
IPC	2023-11	2023	mapped_undated	maritime_infrastructure	mapped_undated::maritime_infrastructure	77543.33798526114	0.0031699522442416	3368.538461538461	0.0	80666.06776852725
IPC	2023-11	2023	mapped_undated	vessels_equipment_it	mapped_undated::vessels_equipment_it	63885.935096334564	0.0057994314894973	10821.03846153846	0.0	74336.47145413935
IPC	2023-12	2023	background	mixed	background::mixed	12434545.20960893	0.002312286213654202	34125.861897563256	0.0	12439918.844045253
IPC	2023-12	2023	mapped_undated	buildings_landside	mapped_undated::buildings_landside	3731.309304114743	0.0048913730833552	366.61538461538544	0.0	4079.6734628343092
IPC	2023-12	2023	mapped_undated	land	mapped_undated::land	490743.5720132638	0.0023122862136542	34.46153846153857	0.0	489643.2939557197
IPC	2023-12	2023	mapped_undated	maritime_infrastructure	mapped_undated::maritime_infrastructure	80666.06776852725	0.0031699522442416	3674.7692307692405	0.0	84085.12941673951
IPC	2023-12	2023	mapped_undated	vessels_equipment_it	mapped_undated::vessels_equipment_it	74336.47145413935	0.0057994314894973	11804.769230769256	0.0	85710.13141153933
IPC	2024-01	2024	background	mixed	background::mixed	12439918.844045253	0.002312286213654202	808.3721418796431	0.0	12411962.563345069
IPC	2024-01	2024	mapped_undated	buildings_landside	mapped_undated::buildings_landside	4079.6734628343092	0.0048913730833552	0.0	0.0	4059.718257869323
IPC	2024-01	2024	mapped_undated	land	mapped_undated::land	489643.2939557197	0.0023122862136542	0.0	0.0	488511.09851749765
IPC	2024-01	2024	mapped_undated	maritime_infrastructure	mapped_undated::maritime_infrastructure	84085.12941673951	0.0031699522442416	341.1153846153841	0.0	84159.69895665297
IPC	2024-01	2024	mapped_undated	vessels_equipment_it	mapped_undated::vessels_equipment_it	85710.13141153933	0.0057994314894973	0.0	0.0	85213.0613764623
IPC	2024-02	2024	background	mixed	background::mixed	12411962.563345069	0.002312286213654202	1616.7442837592862	0.0	12384879.297709214
IPC	2024-02	2024	mapped_undated	buildings_landside	mapped_undated::buildings_landside	4059.718257869323	0.0048913730833552	0.0	0.0	4039.8606612567755
IPC	2024-02	2024	mapped_undated	land	mapped_undated::land	488511.09851749765	0.0023122862136542	0.0	0.0	487381.5210391786
IPC	2024-02	2024	mapped_undated	maritime_infrastructure	mapped_undated::maritime_infrastructure	84159.69895665297	0.0031699522442416	682.2307692307681	0.0	84575.1474993014
IPC	2024-02	2024	mapped_undated	vessels_equipment_it	mapped_undated::vessels_equipment_it	85213.0613764623	0.0057994314894973	0.0	0.0	84718.87406499917
IPC	2024-03	2024	background	mixed	background::mixed	12384879.297709214	0.002312286213654202	2425.1164256389293	0.0	12358667.028476989
IPC	2024-03	2024	mapped_undated	buildings_landside	mapped_undated::buildings_landside	4039.8606612567755	0.0048913730833552	0.0	0.0	4020.1001955577985
IPC	2024-03	2024	mapped_undated	land	mapped_undated::land	487381.5210391786	0.0023122862136542	0.0	0.0	486254.5554672899
IPC	2024-03	2024	mapped_undated	maritime_infrastructure	mapped_undated::maritime_infrastructure	84575.1474993014	0.0031699522442416	1023.3461538461522	0.0	85330.39447452508
IPC	2024-03	2024	mapped_undated	vessels_equipment_it	mapped_undated::vessels_equipment_it	84718.87406499917	0.0057994314894973	0.0	0.0	84227.55275899185
IPC	2024-04	2024	background	mixed	background::mixed	12358667.028476989	0.002312286213654202	3233.4885675185724	0.0	12333323.741655417
IPC	2024-04	2024	mapped_undated	buildings_landside	mapped_undated::buildings_landside	4020.1001955577985	0.0048913730833552	0.0	0.0	4000.436385668856
IPC	2024-04	2024	mapped_undated	land	mapped_undated::land	486254.5554672899	0.0023122862136542	0.0	0.0	485130.1957623563
IPC	2024-04	2024	mapped_undated	maritime_infrastructure	mapped_undated::maritime_infrastructure	85330.39447452508	0.0031699522442416	1364.4615384615363	0.0	86424.36273752007
IPC	2024-04	2024	mapped_undated	vessels_equipment_it	mapped_undated::vessels_equipment_it	84227.55275899185	0.0057994314894973	0.0	0.0	83739.08083723806
IPC	2024-05	2024	background	mixed	background::mixed	12333323.741655417	0.002312286213654202	4041.860709398221	0.0	12308847.427908452
IPC	2024-05	2024	mapped_undated	buildings_landside	mapped_undated::buildings_landside	4000.436385668856	0.0048913730833552	0.0	0.0	3980.8687588103207
IPC	2024-05	2024	mapped_undated	land	mapped_undated::land	485130.1957623563	0.0023122862136542	0.0	0.0	484008.4358988676
IPC	2024-05	2024	mapped_undated	maritime_infrastructure	mapped_undated::maritime_infrastructure	86424.36273752007	0.0031699522442416	1705.5769230769229	0.0	87855.97855798005
IPC	2024-05	2024	mapped_undated	vessels_equipment_it	mapped_undated::vessels_equipment_it	83739.08083723806	0.0057994314894973	0.0	0.0	83253.44177492902
IPC	2024-06	2024	background	mixed	background::mixed	12308847.427908452	0.002312286213654202	4850.232851277864	0.0	12285236.082546204
IPC	2024-06	2024	mapped_undated	buildings_landside	mapped_undated::buildings_landside	3980.8687588103207	0.0048913730833552	0.0	0.0	3961.3968445151063
IPC	2024-06	2024	mapped_undated	land	mapped_undated::land	484008.4358988676	0.0023122862136542	0.0	0.0	482889.2698652463
IPC	2024-06	2024	mapped_undated	maritime_infrastructure	mapped_undated::maritime_infrastructure	87855.97855798005	0.0031699522442416	2046.6923076923072	0.0	89624.17160927245
IPC	2024-06	2024	mapped_undated	vessels_equipment_it	mapped_undated::vessels_equipment_it	83253.44177492902	0.0057994314894973	0.0	0.0	82770.61914309046
IPC	2024-07	2024	background	mixed	background::mixed	12285236.082546204	0.002312286213654202	5658.604993157509	0.0	12262487.705514202
IPC	2024-07	2024	mapped_undated	buildings_landside	mapped_undated::buildings_landside	3961.3968445151063	0.0048913730833552	0.0	0.0	3942.020174617357
IPC	2024-07	2024	mapped_undated	land	mapped_undated::land	482889.2698652463	0.0023122862136542	0.0	0.0	481772.69166381535
IPC	2024-07	2024	mapped_undated	maritime_infrastructure	mapped_undated::maritime_infrastructure	89624.17160927245	0.0031699522442416	2387.807692307691	0.0	91727.87495764904
IPC	2024-07	2024	mapped_undated	vessels_equipment_it	mapped_undated::vessels_equipment_it	82770.61914309046	0.0057994314894973	0.0	0.0	82290.59660802683
IPC	2024-08	2024	background	mixed	background::mixed	12262487.705514202	0.002312286213654202	6466.977135037152	0.0	12240600.301382676
IPC	2024-08	2024	mapped_undated	buildings_landside	mapped_undated::buildings_landside	3942.020174617357	0.0048913730833552	0.0	0.0	3922.7382832411904
IPC	2024-08	2024	mapped_undated	land	mapped_undated::land	481772.69166381535	0.0023122862136542	0.0	0.0	480658.69531076605
IPC	2024-08	2024	mapped_undated	maritime_infrastructure	mapped_undated::maritime_infrastructure	91727.87495764904	0.0031699522442416	2728.9230769230753	0.0	94166.02505149061
IPC	2024-08	2024	mapped_undated	vessels_equipment_it	mapped_undated::vessels_equipment_it	82290.59660802683	0.0057994314894973	0.0	0.0	81813.35793076872
IPC	2024-09	2024	background	mixed	background::mixed	12240600.301382676	0.002312286213654202	7275.349276916793	0.0	12219571.879335854
IPC	2024-09	2024	mapped_undated	buildings_landside	mapped_undated::buildings_landside	3922.7382832411904	0.0048913730833552	0.0	0.0	3903.5507067894973
IPC	2024-09	2024	mapped_undated	land	mapped_undated::land	480658.69531076605	0.0023122862136542	0.0	0.0	479547.27483612596
IPC	2024-09	2024	mapped_undated	maritime_infrastructure	mapped_undated::maritime_infrastructure	94166.02505149061	0.0031699522442416	3070.038461538459	0.0	96937.56171058578
IPC	2024-09	2024	mapped_undated	vessels_equipment_it	mapped_undated::vessels_equipment_it	81813.35793076872	0.0057994314894973	0.0	0.0	81338.8869665235
IPC	2024-10	2024	background	mixed	background::mixed	12219571.879335854	0.002312286213654202	8083.721418796442	0.0	12199400.453161305
IPC	2024-10	2024	mapped_undated	buildings_landside	mapped_undated::buildings_landside	3903.5507067894973	0.0048913730833552	0.0	0.0	3884.456983932795
IPC	2024-10	2024	mapped_undated	land	mapped_undated::land	479547.27483612596	0.0023122862136542	0.0	0.0	478438.42428372696
IPC	2024-10	2024	mapped_undated	maritime_infrastructure	mapped_undated::maritime_infrastructure	96937.56171058578	0.0031699522442416	3411.1538461538457	0.0	100041.42811544385
IPC	2024-10	2024	mapped_undated	vessels_equipment_it	mapped_undated::vessels_equipment_it	81338.8869665235	0.0057994314894973	0.0	0.0	80867.16766412917
IPC	2024-11	2024	background	mixed	background::mixed	12199400.453161305	0.002312286213654202	8892.09356067609	0.0	12180084.041239288
IPC	2024-11	2024	mapped_undated	buildings_landside	mapped_undated::buildings_landside	3884.456983932795	0.0048913730833552	0.0	0.0	3865.456655598135
IPC	2024-11	2024	mapped_undated	land	mapped_undated::land	478438.42428372696	0.0023122862136542	0.0	0.0	477332.1377111733
IPC	2024-11	2024	mapped_undated	maritime_infrastructure	mapped_undated::maritime_infrastructure	100041.42811544385	0.0031699522442416	3752.26923076923	0.0	103476.5707966414
IPC	2024-11	2024	mapped_undated	vessels_equipment_it	mapped_undated::vessels_equipment_it	80867.16766412917	0.0057994314894973	0.0	0.0	80398.18406551136
IPC	2024-12	2024	background	mixed	background::mixed	12180084.041239288	0.002312286213654202	9700.465702555874	0.0	12161620.666532136
IPC	2024-12	2024	mapped_undated	buildings_landside	mapped_undated::buildings_landside	3865.456655598135	0.0048913730833552	0.0	0.0	3846.549264958066
IPC	2024-12	2024	mapped_undated	land	mapped_undated::land	477332.1377111733	0.0023122862136542	0.0	0.0	476228.40918980964
IPC	2024-12	2024	mapped_undated	maritime_infrastructure	mapped_undated::maritime_infrastructure	103476.5707966414	0.0031699522442416	4093.384615384629	0.0	107241.9396242028
IPC	2024-12	2024	mapped_undated	vessels_equipment_it	mapped_undated::vessels_equipment_it	80398.18406551136	0.0057994314894973	0.0	0.0	79931.92030514343
SIPG	2018-01	2018	background	unknown_bayport_class	background::unknown_bayport_class	0.0	0.0075849463761465	0.0	0.0	0.0
SIPG	2018-01	2018	service_entry_undated	unknown_bayport_class	service_entry_undated::unknown_bayport_class	0.0	0.0075849463761465	0.0	0.0	0.0
SIPG	2018-02	2018	background	unknown_bayport_class	background::unknown_bayport_class	0.0	0.0075849463761465	0.0	0.0	0.0
SIPG	2018-02	2018	service_entry_undated	unknown_bayport_class	service_entry_undated::unknown_bayport_class	0.0	0.0075849463761465	0.0	0.0	0.0
SIPG	2018-03	2018	background	unknown_bayport_class	background::unknown_bayport_class	0.0	0.0075849463761465	0.0	0.0	0.0
SIPG	2018-03	2018	service_entry_undated	unknown_bayport_class	service_entry_undated::unknown_bayport_class	0.0	0.0075849463761465	0.0	0.0	0.0
SIPG	2018-04	2018	background	unknown_bayport_class	background::unknown_bayport_class	0.0	0.0075849463761465	0.0	0.0	0.0
SIPG	2018-04	2018	service_entry_undated	unknown_bayport_class	service_entry_undated::unknown_bayport_class	0.0	0.0075849463761465	0.0	0.0	0.0
SIPG	2018-05	2018	background	unknown_bayport_class	background::unknown_bayport_class	0.0	0.0075849463761465	0.0	0.0	0.0
SIPG	2018-05	2018	service_entry_undated	unknown_bayport_class	service_entry_undated::unknown_bayport_class	0.0	0.0075849463761465	0.0	0.0	0.0
SIPG	2018-06	2018	background	unknown_bayport_class	background::unknown_bayport_class	0.0	0.0075849463761465	0.0	0.0	0.0
SIPG	2018-06	2018	service_entry_undated	unknown_bayport_class	service_entry_undated::unknown_bayport_class	0.0	0.0075849463761465	0.0	0.0	0.0
SIPG	2018-07	2018	background	unknown_bayport_class	background::unknown_bayport_class	0.0	0.0075849463761465	0.0	0.0	0.0
SIPG	2018-07	2018	service_entry_undated	unknown_bayport_class	service_entry_undated::unknown_bayport_class	0.0	0.0075849463761465	0.0	0.0	0.0
SIPG	2018-08	2018	background	unknown_bayport_class	background::unknown_bayport_class	0.0	0.0075849463761465	0.0	0.0	0.0
SIPG	2018-08	2018	service_entry_undated	unknown_bayport_class	service_entry_undated::unknown_bayport_class	0.0	0.0075849463761465	0.0	0.0	0.0
SIPG	2018-09	2018	background	unknown_bayport_class	background::unknown_bayport_class	0.0	0.0075849463761465	0.0	0.0	0.0
SIPG	2018-09	2018	service_entry_undated	unknown_bayport_class	service_entry_undated::unknown_bayport_class	0.0	0.0075849463761465	0.0	0.0	0.0
SIPG	2018-10	2018	background	unknown_bayport_class	background::unknown_bayport_class	0.0	0.0075849463761465	0.0	0.0	0.0
SIPG	2018-10	2018	service_entry_undated	unknown_bayport_class	service_entry_undated::unknown_bayport_class	0.0	0.0075849463761465	0.0	0.0	0.0
SIPG	2018-11	2018	background	unknown_bayport_class	background::unknown_bayport_class	0.0	0.0075849463761465	0.0	0.0	0.0
SIPG	2018-11	2018	service_entry_undated	unknown_bayport_class	service_entry_undated::unknown_bayport_class	0.0	0.0075849463761465	0.0	0.0	0.0
SIPG	2018-12	2018	background	unknown_bayport_class	background::unknown_bayport_class	0.0	0.0075849463761465	0.0	0.0	0.0
SIPG	2018-12	2018	service_entry_undated	unknown_bayport_class	service_entry_undated::unknown_bayport_class	0.0	0.0075849463761465	0.0	0.0	0.0
SIPG	2019-01	2019	background	unknown_bayport_class	background::unknown_bayport_class	0.0	0.0075849463761465	0.0	0.0	0.0
SIPG	2019-01	2019	service_entry_undated	unknown_bayport_class	service_entry_undated::unknown_bayport_class	0.0	0.0075849463761465	0.0	0.0	0.0
SIPG	2019-02	2019	background	unknown_bayport_class	background::unknown_bayport_class	0.0	0.0075849463761465	0.0	0.0	0.0
SIPG	2019-02	2019	service_entry_undated	unknown_bayport_class	service_entry_undated::unknown_bayport_class	0.0	0.0075849463761465	0.0	0.0	0.0
SIPG	2019-03	2019	background	unknown_bayport_class	background::unknown_bayport_class	0.0	0.0075849463761465	0.0	0.0	0.0
SIPG	2019-03	2019	service_entry_undated	unknown_bayport_class	service_entry_undated::unknown_bayport_class	0.0	0.0075849463761465	0.0	0.0	0.0
SIPG	2019-04	2019	background	unknown_bayport_class	background::unknown_bayport_class	0.0	0.0075849463761465	0.0	0.0	0.0
SIPG	2019-04	2019	service_entry_undated	unknown_bayport_class	service_entry_undated::unknown_bayport_class	0.0	0.0075849463761465	0.0	0.0	0.0
SIPG	2019-05	2019	background	unknown_bayport_class	background::unknown_bayport_class	0.0	0.0075849463761465	0.0	0.0	0.0
SIPG	2019-05	2019	service_entry_undated	unknown_bayport_class	service_entry_undated::unknown_bayport_class	0.0	0.0075849463761465	0.0	0.0	0.0
SIPG	2019-06	2019	background	unknown_bayport_class	background::unknown_bayport_class	0.0	0.0075849463761465	0.0	0.0	0.0
SIPG	2019-06	2019	service_entry_undated	unknown_bayport_class	service_entry_undated::unknown_bayport_class	0.0	0.0075849463761465	0.0	0.0	0.0
SIPG	2019-07	2019	background	unknown_bayport_class	background::unknown_bayport_class	0.0	0.0075849463761465	0.0	0.0	0.0
SIPG	2019-07	2019	service_entry_undated	unknown_bayport_class	service_entry_undated::unknown_bayport_class	0.0	0.0075849463761465	0.0	0.0	0.0
SIPG	2019-08	2019	background	unknown_bayport_class	background::unknown_bayport_class	0.0	0.0075849463761465	0.0	0.0	0.0
SIPG	2019-08	2019	service_entry_undated	unknown_bayport_class	service_entry_undated::unknown_bayport_class	0.0	0.0075849463761465	0.0	0.0	0.0
SIPG	2019-09	2019	background	unknown_bayport_class	background::unknown_bayport_class	0.0	0.0075849463761465	0.0	0.0	0.0
SIPG	2019-09	2019	service_entry_undated	unknown_bayport_class	service_entry_undated::unknown_bayport_class	0.0	0.0075849463761465	0.0	0.0	0.0
SIPG	2019-10	2019	background	unknown_bayport_class	background::unknown_bayport_class	0.0	0.0075849463761465	0.0	0.0	0.0
SIPG	2019-10	2019	service_entry_undated	unknown_bayport_class	service_entry_undated::unknown_bayport_class	0.0	0.0075849463761465	0.0	0.0	0.0
SIPG	2019-11	2019	background	unknown_bayport_class	background::unknown_bayport_class	0.0	0.0075849463761465	0.0	0.0	0.0
SIPG	2019-11	2019	service_entry_undated	unknown_bayport_class	service_entry_undated::unknown_bayport_class	0.0	0.0075849463761465	0.0	0.0	0.0
SIPG	2019-12	2019	background	unknown_bayport_class	background::unknown_bayport_class	0.0	0.0075849463761465	0.0	0.0	0.0
SIPG	2019-12	2019	service_entry_undated	unknown_bayport_class	service_entry_undated::unknown_bayport_class	0.0	0.0075849463761465	0.0	0.0	0.0
SIPG	2020-01	2020	background	unknown_bayport_class	background::unknown_bayport_class	0.0	0.0075849463761465	0.0	0.0	0.0
SIPG	2020-01	2020	service_entry_undated	unknown_bayport_class	service_entry_undated::unknown_bayport_class	0.0	0.0075849463761465	0.0	0.0	0.0
SIPG	2020-02	2020	background	unknown_bayport_class	background::unknown_bayport_class	0.0	0.0075849463761465	0.0	0.0	0.0
SIPG	2020-02	2020	service_entry_undated	unknown_bayport_class	service_entry_undated::unknown_bayport_class	0.0	0.0075849463761465	0.0	0.0	0.0
SIPG	2020-03	2020	background	unknown_bayport_class	background::unknown_bayport_class	0.0	0.0075849463761465	0.0	0.0	0.0
SIPG	2020-03	2020	service_entry_undated	unknown_bayport_class	service_entry_undated::unknown_bayport_class	0.0	0.0075849463761465	0.0	0.0	0.0
SIPG	2020-04	2020	background	unknown_bayport_class	background::unknown_bayport_class	0.0	0.0075849463761465	0.0	0.0	0.0
SIPG	2020-04	2020	service_entry_undated	unknown_bayport_class	service_entry_undated::unknown_bayport_class	0.0	0.0075849463761465	0.0	0.0	0.0
SIPG	2020-05	2020	background	unknown_bayport_class	background::unknown_bayport_class	0.0	0.0075849463761465	0.0	0.0	0.0
SIPG	2020-05	2020	service_entry_undated	unknown_bayport_class	service_entry_undated::unknown_bayport_class	0.0	0.0075849463761465	0.0	0.0	0.0
SIPG	2020-06	2020	background	unknown_bayport_class	background::unknown_bayport_class	0.0	0.0075849463761465	0.0	0.0	0.0
SIPG	2020-06	2020	service_entry_undated	unknown_bayport_class	service_entry_undated::unknown_bayport_class	0.0	0.0075849463761465	0.0	0.0	0.0
SIPG	2020-07	2020	background	unknown_bayport_class	background::unknown_bayport_class	0.0	0.0075849463761465	0.0	0.0	0.0
SIPG	2020-07	2020	service_entry_undated	unknown_bayport_class	service_entry_undated::unknown_bayport_class	0.0	0.0075849463761465	0.0	0.0	0.0
SIPG	2020-08	2020	background	unknown_bayport_class	background::unknown_bayport_class	0.0	0.0075849463761465	0.0	0.0	0.0
SIPG	2020-08	2020	service_entry_undated	unknown_bayport_class	service_entry_undated::unknown_bayport_class	0.0	0.0075849463761465	0.0	0.0	0.0
SIPG	2020-09	2020	background	unknown_bayport_class	background::unknown_bayport_class	0.0	0.0075849463761465	0.0	0.0	0.0
SIPG	2020-09	2020	service_entry_undated	unknown_bayport_class	service_entry_undated::unknown_bayport_class	0.0	0.0075849463761465	0.0	0.0	0.0
SIPG	2020-10	2020	background	unknown_bayport_class	background::unknown_bayport_class	0.0	0.0075849463761465	0.0	0.0	0.0
SIPG	2020-10	2020	service_entry_undated	unknown_bayport_class	service_entry_undated::unknown_bayport_class	0.0	0.0075849463761465	0.0	0.0	0.0
SIPG	2020-11	2020	background	unknown_bayport_class	background::unknown_bayport_class	0.0	0.0075849463761465	0.0	0.0	0.0
SIPG	2020-11	2020	service_entry_undated	unknown_bayport_class	service_entry_undated::unknown_bayport_class	0.0	0.0075849463761465	0.0	0.0	0.0
SIPG	2020-12	2020	background	unknown_bayport_class	background::unknown_bayport_class	0.0	0.0075849463761465	0.0	0.0	0.0
SIPG	2020-12	2020	service_entry_undated	unknown_bayport_class	service_entry_undated::unknown_bayport_class	0.0	0.0075849463761465	4482.0	0.0	4482.0
SIPG	2021-01	2021	background	unknown_bayport_class	background::unknown_bayport_class	0.0	0.0075849463761465	0.0	0.0	0.0
SIPG	2021-01	2021	service_entry_undated	unknown_bayport_class	service_entry_undated::unknown_bayport_class	4482.0	0.0075849463761465	0.0	0.0	4448.004270342111
SIPG	2021-02	2021	background	unknown_bayport_class	background::unknown_bayport_class	0.0	0.0075849463761465	0.0	0.0	0.0
SIPG	2021-02	2021	service_entry_undated	unknown_bayport_class	service_entry_undated::unknown_bayport_class	4448.004270342111	0.0075849463761465	0.0	0.0	4414.266396470696
SIPG	2021-03	2021	background	unknown_bayport_class	background::unknown_bayport_class	0.0	0.0075849463761465	0.0	0.0	0.0
SIPG	2021-03	2021	service_entry_undated	unknown_bayport_class	service_entry_undated::unknown_bayport_class	4414.266396470696	0.0075849463761465	0.0	0.0	4380.784422563441
SIPG	2021-04	2021	background	unknown_bayport_class	background::unknown_bayport_class	0.0	0.0075849463761465	0.0	0.0	0.0
SIPG	2021-04	2021	service_entry_undated	unknown_bayport_class	service_entry_undated::unknown_bayport_class	4380.784422563441	0.0075849463761465	0.0	0.0	4347.556407632839
SIPG	2021-05	2021	background	unknown_bayport_class	background::unknown_bayport_class	0.0	0.0075849463761465	0.0	0.0	0.0
SIPG	2021-05	2021	service_entry_undated	unknown_bayport_class	service_entry_undated::unknown_bayport_class	4347.556407632839	0.0075849463761465	0.0	0.0	4314.580425413672
SIPG	2021-06	2021	background	unknown_bayport_class	background::unknown_bayport_class	0.0	0.0075849463761465	0.0	0.0	0.0
SIPG	2021-06	2021	service_entry_undated	unknown_bayport_class	service_entry_undated::unknown_bayport_class	4314.580425413672	0.0075849463761465	0.0	0.0	4281.854564251338
SIPG	2021-07	2021	background	unknown_bayport_class	background::unknown_bayport_class	0.0	0.0075849463761465	0.0	0.0	0.0
SIPG	2021-07	2021	service_entry_undated	unknown_bayport_class	service_entry_undated::unknown_bayport_class	4281.854564251338	0.0075849463761465	0.0	0.0	4249.3769269910335
SIPG	2021-08	2021	background	unknown_bayport_class	background::unknown_bayport_class	0.0	0.0075849463761465	0.0	0.0	0.0
SIPG	2021-08	2021	service_entry_undated	unknown_bayport_class	service_entry_undated::unknown_bayport_class	4249.3769269910335	0.0075849463761465	0.0	0.0	4217.1456308677725
SIPG	2021-09	2021	background	unknown_bayport_class	background::unknown_bayport_class	0.0	0.0075849463761465	0.0	0.0	0.0
SIPG	2021-09	2021	service_entry_undated	unknown_bayport_class	service_entry_undated::unknown_bayport_class	4217.1456308677725	0.0075849463761465	133962.9	0.0	138148.05880739723
SIPG	2021-10	2021	background	unknown_bayport_class	background::unknown_bayport_class	0.0	0.0075849463761465	0.0	0.0	0.0
SIPG	2021-10	2021	service_entry_undated	unknown_bayport_class	service_entry_undated::unknown_bayport_class	138148.05880739723	0.0075849463761465	267925.8	0.0	405026.01318937435
SIPG	2021-11	2021	background	unknown_bayport_class	background::unknown_bayport_class	0.0	0.0075849463761465	0.0	0.0	0.0
SIPG	2021-11	2021	service_entry_undated	unknown_bayport_class	service_entry_undated::unknown_bayport_class	405026.01318937435	0.0075849463761465	401888.7	0.0	803842.6125983886
SIPG	2021-12	2021	background	unknown_bayport_class	background::unknown_bayport_class	0.0	0.0075849463761465	0.0	0.0	0.0
SIPG	2021-12	2021	service_entry_undated	unknown_bayport_class	service_entry_undated::unknown_bayport_class	803842.6125983886	0.0075849463761465	535851.6	0.0	1333597.1094869683
SIPG	2022-01	2022	background	unknown_bayport_class	background::unknown_bayport_class	0.0	0.0075849463761465	0.0	0.0	0.0
SIPG	2022-01	2022	service_entry_undated	unknown_bayport_class	service_entry_undated::unknown_bayport_class	1333597.1094869683	0.0075849463761465	6023.128205128205	0.0	1329504.975129254
SIPG	2022-02	2022	background	unknown_bayport_class	background::unknown_bayport_class	0.0	0.0075849463761465	0.0	0.0	0.0
SIPG	2022-02	2022	service_entry_undated	unknown_bayport_class	service_entry_undated::unknown_bayport_class	1329504.975129254	0.0075849463761465	12046.25641025641	0.0	1331467.0075963351
SIPG	2022-03	2022	background	unknown_bayport_class	background::unknown_bayport_class	0.0	0.0075849463761465	0.0	0.0	0.0
SIPG	2022-03	2022	service_entry_undated	unknown_bayport_class	service_entry_undated::unknown_bayport_class	1331467.0075963351	0.0075849463761465	18069.384615384617	0.0	1339437.2863574931
SIPG	2022-04	2022	background	unknown_bayport_class	background::unknown_bayport_class	0.0	0.0075849463761465	0.0	0.0	0.0
SIPG	2022-04	2022	service_entry_undated	unknown_bayport_class	service_entry_undated::unknown_bayport_class	1339437.2863574931	0.0075849463761465	24092.51282051282	0.0	1353370.239186773
SIPG	2022-05	2022	background	unknown_bayport_class	background::unknown_bayport_class	0.0	0.0075849463761465	0.0	0.0	0.0
SIPG	2022-05	2022	service_entry_undated	unknown_bayport_class	service_entry_undated::unknown_bayport_class	1353370.239186773	0.0075849463761465	30115.641025641024	0.0	1373220.6395211099
SIPG	2022-06	2022	background	unknown_bayport_class	background::unknown_bayport_class	0.0	0.0075849463761465	0.0	0.0	0.0
SIPG	2022-06	2022	service_entry_undated	unknown_bayport_class	service_entry_undated::unknown_bayport_class	1373220.6395211099	0.0075849463761465	36138.769230769234	0.0	1398943.6038384938
SIPG	2022-07	2022	background	unknown_bayport_class	background::unknown_bayport_class	0.0	0.0075849463761465	0.0	0.0	0.0
SIPG	2022-07	2022	service_entry_undated	unknown_bayport_class	service_entry_undated::unknown_bayport_class	1398943.6038384938	0.0075849463761465	42161.89743589744	0.0	1430494.5890560232
SIPG	2022-08	2022	background	unknown_bayport_class	background::unknown_bayport_class	0.0	0.0075849463761465	0.0	0.0	0.0
SIPG	2022-08	2022	service_entry_undated	unknown_bayport_class	service_entry_undated::unknown_bayport_class	1430494.5890560232	0.0075849463761465	48185.02564102564	0.0	1467829.3899476912
SIPG	2022-09	2022	background	unknown_bayport_class	background::unknown_bayport_class	0.0	0.0075849463761465	0.0	0.0	0.0
SIPG	2022-09	2022	service_entry_undated	unknown_bayport_class	service_entry_undated::unknown_bayport_class	1467829.3899476912	0.0075849463761465	54208.15384615385	0.0	1510904.13658176
SIPG	2022-10	2022	background	unknown_bayport_class	background::unknown_bayport_class	0.0	0.0075849463761465	0.0	0.0	0.0
SIPG	2022-10	2022	service_entry_undated	unknown_bayport_class	service_entry_undated::unknown_bayport_class	1510904.13658176	0.0075849463761465	60231.28205128205	0.0	1559675.2917775714
SIPG	2022-11	2022	background	unknown_bayport_class	background::unknown_bayport_class	0.0	0.0075849463761465	0.0	0.0	0.0
SIPG	2022-11	2022	service_entry_undated	unknown_bayport_class	service_entry_undated::unknown_bayport_class	1559675.2917775714	0.0075849463761465	66254.41025641025	0.0	1614099.6485816482
SIPG	2022-12	2022	background	unknown_bayport_class	background::unknown_bayport_class	0.0	0.0075849463761465	0.0	0.0	0.0
SIPG	2022-12	2022	service_entry_undated	unknown_bayport_class	service_entry_undated::unknown_bayport_class	1614099.6485816482	0.0075849463761465	72277.53846153847	0.0	1674134.327762938
SIPG	2023-01	2023	background	unknown_bayport_class	background::unknown_bayport_class	0.0	0.0075849463761465	0.0	0.0	0.0
SIPG	2023-01	2023	service_entry_undated	unknown_bayport_class	service_entry_undated::unknown_bayport_class	1674134.327762938	0.0075849463761465	0.0	0.0	1661436.1086603901
SIPG	2023-02	2023	background	unknown_bayport_class	background::unknown_bayport_class	0.0	0.0075849463761465	0.0	0.0	0.0
SIPG	2023-02	2023	service_entry_undated	unknown_bayport_class	service_entry_undated::unknown_bayport_class	1661436.1086603901	0.0075849463761465	0.0	0.0	1648834.2048688077
SIPG	2023-03	2023	background	unknown_bayport_class	background::unknown_bayport_class	0.0	0.0075849463761465	0.0	0.0	0.0
SIPG	2023-03	2023	service_entry_undated	unknown_bayport_class	service_entry_undated::unknown_bayport_class	1648834.2048688077	0.0075849463761465	0.0	0.0	1636327.8858417217
SIPG	2023-04	2023	background	unknown_bayport_class	background::unknown_bayport_class	0.0	0.0075849463761465	0.0	0.0	0.0
SIPG	2023-04	2023	service_entry_undated	unknown_bayport_class	service_entry_undated::unknown_bayport_class	1636327.8858417217	0.0075849463761465	0.0	0.0	1623916.426573819
SIPG	2023-05	2023	background	unknown_bayport_class	background::unknown_bayport_class	0.0	0.0075849463761465	0.0	0.0	0.0
SIPG	2023-05	2023	service_entry_undated	unknown_bayport_class	service_entry_undated::unknown_bayport_class	1623916.426573819	0.0075849463761465	0.0	0.0	1611599.107558913
SIPG	2023-06	2023	background	unknown_bayport_class	background::unknown_bayport_class	0.0	0.0075849463761465	0.0	0.0	0.0
SIPG	2023-06	2023	service_entry_undated	unknown_bayport_class	service_entry_undated::unknown_bayport_class	1611599.107558913	0.0075849463761465	0.0	0.0	1599375.214748233
SIPG	2023-07	2023	background	unknown_bayport_class	background::unknown_bayport_class	0.0	0.0075849463761465	0.0	0.0	0.0
SIPG	2023-07	2023	service_entry_undated	unknown_bayport_class	service_entry_undated::unknown_bayport_class	1599375.214748233	0.0075849463761465	0.0	0.0	1587244.03950903
SIPG	2023-08	2023	background	unknown_bayport_class	background::unknown_bayport_class	0.0	0.0075849463761465	0.0	0.0	0.0
SIPG	2023-08	2023	service_entry_undated	unknown_bayport_class	service_entry_undated::unknown_bayport_class	1587244.03950903	0.0075849463761465	0.0	0.0	1575204.878583496
SIPG	2023-09	2023	background	unknown_bayport_class	background::unknown_bayport_class	0.0	0.0075849463761465	0.0	0.0	0.0
SIPG	2023-09	2023	service_entry_undated	unknown_bayport_class	service_entry_undated::unknown_bayport_class	1575204.878583496	0.0075849463761465	0.0	0.0	1563257.034047996
SIPG	2023-10	2023	background	unknown_bayport_class	background::unknown_bayport_class	0.0	0.0075849463761465	0.0	0.0	0.0
SIPG	2023-10	2023	service_entry_undated	unknown_bayport_class	service_entry_undated::unknown_bayport_class	1563257.034047996	0.0075849463761465	0.0	0.0	1551399.813272608
SIPG	2023-11	2023	background	unknown_bayport_class	background::unknown_bayport_class	0.0	0.0075849463761465	0.0	0.0	0.0
SIPG	2023-11	2023	service_entry_undated	unknown_bayport_class	service_entry_undated::unknown_bayport_class	1551399.813272608	0.0075849463761465	0.0	0.0	1539632.5288809715
SIPG	2023-12	2023	background	unknown_bayport_class	background::unknown_bayport_class	0.0	0.0075849463761465	0.0	0.0	0.0
SIPG	2023-12	2023	service_entry_undated	unknown_bayport_class	service_entry_undated::unknown_bayport_class	1539632.5288809715	0.0075849463761465	0.0	0.0	1527954.4987104386
SIPG	2024-01	2024	background	unknown_bayport_class	background::unknown_bayport_class	0.0	0.0075849463761465	0.0	0.0	0.0
SIPG	2024-01	2024	service_entry_undated	unknown_bayport_class	service_entry_undated::unknown_bayport_class	1527954.4987104386	0.0075849463761465	0.0	0.0	1516365.045772528
SIPG	2024-02	2024	background	unknown_bayport_class	background::unknown_bayport_class	0.0	0.0075849463761465	0.0	0.0	0.0
SIPG	2024-02	2024	service_entry_undated	unknown_bayport_class	service_entry_undated::unknown_bayport_class	1516365.045772528	0.0075849463761465	0.0	0.0	1504863.4982136805
SIPG	2024-03	2024	background	unknown_bayport_class	background::unknown_bayport_class	0.0	0.0075849463761465	0.0	0.0	0.0
SIPG	2024-03	2024	service_entry_undated	unknown_bayport_class	service_entry_undated::unknown_bayport_class	1504863.4982136805	0.0075849463761465	0.0	0.0	1493449.1892763095
SIPG	2024-04	2024	background	unknown_bayport_class	background::unknown_bayport_class	0.0	0.0075849463761465	0.0	0.0	0.0
SIPG	2024-04	2024	service_entry_undated	unknown_bayport_class	service_entry_undated::unknown_bayport_class	1493449.1892763095	0.0075849463761465	0.0	0.0	1482121.4572601493
SIPG	2024-05	2024	background	unknown_bayport_class	background::unknown_bayport_class	0.0	0.0075849463761465	0.0	0.0	0.0
SIPG	2024-05	2024	service_entry_undated	unknown_bayport_class	service_entry_undated::unknown_bayport_class	1482121.4572601493	0.0075849463761465	0.0	0.0	1470879.645483895
SIPG	2024-06	2024	background	unknown_bayport_class	background::unknown_bayport_class	0.0	0.0075849463761465	0.0	0.0	0.0
SIPG	2024-06	2024	service_entry_undated	unknown_bayport_class	service_entry_undated::unknown_bayport_class	1470879.645483895	0.0075849463761465	0.0	0.0	1459723.1022471343
SIPG	2024-07	2024	background	unknown_bayport_class	background::unknown_bayport_class	0.0	0.0075849463761465	0.0	0.0	0.0
SIPG	2024-07	2024	service_entry_undated	unknown_bayport_class	service_entry_undated::unknown_bayport_class	1459723.1022471343	0.0075849463761465	0.0	0.0	1448651.1807925676
SIPG	2024-08	2024	background	unknown_bayport_class	background::unknown_bayport_class	0.0	0.0075849463761465	0.0	0.0	0.0
SIPG	2024-08	2024	service_entry_undated	unknown_bayport_class	service_entry_undated::unknown_bayport_class	1448651.1807925676	0.0075849463761465	0.0	0.0	1437663.2392685146
SIPG	2024-09	2024	background	unknown_bayport_class	background::unknown_bayport_class	0.0	0.0075849463761465	0.0	0.0	0.0
SIPG	2024-09	2024	service_entry_undated	unknown_bayport_class	service_entry_undated::unknown_bayport_class	1437663.2392685146	0.0075849463761465	0.0	0.0	1426758.6406917057
SIPG	2024-10	2024	background	unknown_bayport_class	background::unknown_bayport_class	0.0	0.0075849463761465	0.0	0.0	0.0
SIPG	2024-10	2024	service_entry_undated	unknown_bayport_class	service_entry_undated::unknown_bayport_class	1426758.6406917057	0.0075849463761465	0.0	0.0	1415936.7529103556
SIPG	2024-11	2024	background	unknown_bayport_class	background::unknown_bayport_class	0.0	0.0075849463761465	0.0	0.0	0.0
SIPG	2024-11	2024	service_entry_undated	unknown_bayport_class	service_entry_undated::unknown_bayport_class	1415936.7529103556	0.0075849463761465	0.0	0.0	1405196.9485675155
SIPG	2024-12	2024	background	unknown_bayport_class	background::unknown_bayport_class	0.0	0.0075849463761465	0.0	0.0	0.0
SIPG	2024-12	2024	service_entry_undated	unknown_bayport_class	service_entry_undated::unknown_bayport_class	1405196.9485675155	0.0075849463761465	0.0	0.0	1394538.6050647062
