entity	month	year	pool_type	asset_class_std	engine_bucket	component_source	amount_kNIS	share_used	share_rule_used	dep_rate_annual_used	dep_rate_monthly_used	notes
HPC	2018-01	2018	background	mixed	background::mixed	HPC_BG_RESIDUAL	0.0	0.01282051282051282	hpc_operator_linear_backloaded	0.09414433931694423	0.008205755847094931	Residual after mapped undated pools
HPC	2018-01	2018	mapped_undated	equipment	mapped_undated::equipment	HPC_2019_AR	196.69943849999999	0.01282051282051282	hpc_operator_linear_backloaded	0.122090909090909	0.0107923593727995	From class-level ppe rollforward | proportionally rescaled to annual authoritative total | proportionally rescaled to annual authoritative total
HPC	2018-01	2018	mapped_undated	infrastructure_buildings	mapped_undated::infrastructure_buildings	HPC_2019_AR	153.5520648205128	0.01282051282051282	hpc_operator_linear_backloaded	0.05	0.0042653187775606	From class-level ppe rollforward | proportionally rescaled to annual authoritative total | proportionally rescaled to annual authoritative total
HPC	2018-01	2018	mapped_undated	spare_parts	mapped_undated::spare_parts	HPC_2019_AR	45.85106079487179	0.01282051282051282	hpc_operator_linear_backloaded	0.122090909090909	0.0107923593727995	From class-level ppe rollforward | proportionally rescaled to annual authoritative total | proportionally rescaled to annual authoritative total
HPC	2018-02	2018	background	mixed	background::mixed	HPC_BG_RESIDUAL	0.0	0.02564102564102564	hpc_operator_linear_backloaded	0.09414433931694423	0.008205755847094931	Residual after mapped undated pools
HPC	2018-02	2018	mapped_undated	equipment	mapped_undated::equipment	HPC_2019_AR	393.39887699999997	0.02564102564102564	hpc_operator_linear_backloaded	0.122090909090909	0.0107923593727995	From class-level ppe rollforward | proportionally rescaled to annual authoritative total | proportionally rescaled to annual authoritative total
HPC	2018-02	2018	mapped_undated	infrastructure_buildings	mapped_undated::infrastructure_buildings	HPC_2019_AR	307.1041296410256	0.02564102564102564	hpc_operator_linear_backloaded	0.05	0.0042653187775606	From class-level ppe rollforward | proportionally rescaled to annual authoritative total | proportionally rescaled to annual authoritative total
HPC	2018-02	2018	mapped_undated	spare_parts	mapped_undated::spare_parts	HPC_2019_AR	91.70212158974358	0.02564102564102564	hpc_operator_linear_backloaded	0.122090909090909	0.0107923593727995	From class-level ppe rollforward | proportionally rescaled to annual authoritative total | proportionally rescaled to annual authoritative total
HPC	2018-03	2018	background	mixed	background::mixed	HPC_BG_RESIDUAL	0.0	0.038461538461538464	hpc_operator_linear_backloaded	0.09414433931694423	0.008205755847094931	Residual after mapped undated pools
HPC	2018-03	2018	mapped_undated	equipment	mapped_undated::equipment	HPC_2019_AR	590.0983155	0.038461538461538464	hpc_operator_linear_backloaded	0.122090909090909	0.0107923593727995	From class-level ppe rollforward | proportionally rescaled to annual authoritative total | proportionally rescaled to annual authoritative total
HPC	2018-03	2018	mapped_undated	infrastructure_buildings	mapped_undated::infrastructure_buildings	HPC_2019_AR	460.6561944615385	0.038461538461538464	hpc_operator_linear_backloaded	0.05	0.0042653187775606	From class-level ppe rollforward | proportionally rescaled to annual authoritative total | proportionally rescaled to annual authoritative total
HPC	2018-03	2018	mapped_undated	spare_parts	mapped_undated::spare_parts	HPC_2019_AR	137.55318238461538	0.038461538461538464	hpc_operator_linear_backloaded	0.122090909090909	0.0107923593727995	From class-level ppe rollforward | proportionally rescaled to annual authoritative total | proportionally rescaled to annual authoritative total
HPC	2018-04	2018	background	mixed	background::mixed	HPC_BG_RESIDUAL	0.0	0.05128205128205128	hpc_operator_linear_backloaded	0.09414433931694423	0.008205755847094931	Residual after mapped undated pools
HPC	2018-04	2018	mapped_undated	equipment	mapped_undated::equipment	HPC_2019_AR	786.7977539999999	0.05128205128205128	hpc_operator_linear_backloaded	0.122090909090909	0.0107923593727995	From class-level ppe rollforward | proportionally rescaled to annual authoritative total | proportionally rescaled to annual authoritative total
HPC	2018-04	2018	mapped_undated	infrastructure_buildings	mapped_undated::infrastructure_buildings	HPC_2019_AR	614.2082592820512	0.05128205128205128	hpc_operator_linear_backloaded	0.05	0.0042653187775606	From class-level ppe rollforward | proportionally rescaled to annual authoritative total | proportionally rescaled to annual authoritative total
HPC	2018-04	2018	mapped_undated	spare_parts	mapped_undated::spare_parts	HPC_2019_AR	183.40424317948717	0.05128205128205128	hpc_operator_linear_backloaded	0.122090909090909	0.0107923593727995	From class-level ppe rollforward | proportionally rescaled to annual authoritative total | proportionally rescaled to annual authoritative total
HPC	2018-05	2018	background	mixed	background::mixed	HPC_BG_RESIDUAL	0.0	0.0641025641025641	hpc_operator_linear_backloaded	0.09414433931694423	0.008205755847094931	Residual after mapped undated pools
HPC	2018-05	2018	mapped_undated	equipment	mapped_undated::equipment	HPC_2019_AR	983.4971924999999	0.0641025641025641	hpc_operator_linear_backloaded	0.122090909090909	0.0107923593727995	From class-level ppe rollforward | proportionally rescaled to annual authoritative total | proportionally rescaled to annual authoritative total
HPC	2018-05	2018	mapped_undated	infrastructure_buildings	mapped_undated::infrastructure_buildings	HPC_2019_AR	767.760324102564	0.0641025641025641	hpc_operator_linear_backloaded	0.05	0.0042653187775606	From class-level ppe rollforward | proportionally rescaled to annual authoritative total | proportionally rescaled to annual authoritative total
HPC	2018-05	2018	mapped_undated	spare_parts	mapped_undated::spare_parts	HPC_2019_AR	229.25530397435895	0.0641025641025641	hpc_operator_linear_backloaded	0.122090909090909	0.0107923593727995	From class-level ppe rollforward | proportionally rescaled to annual authoritative total | proportionally rescaled to annual authoritative total
HPC	2018-06	2018	background	mixed	background::mixed	HPC_BG_RESIDUAL	0.0	0.07692307692307693	hpc_operator_linear_backloaded	0.09414433931694423	0.008205755847094931	Residual after mapped undated pools
HPC	2018-06	2018	mapped_undated	equipment	mapped_undated::equipment	HPC_2019_AR	1180.196631	0.07692307692307693	hpc_operator_linear_backloaded	0.122090909090909	0.0107923593727995	From class-level ppe rollforward | proportionally rescaled to annual authoritative total | proportionally rescaled to annual authoritative total
HPC	2018-06	2018	mapped_undated	infrastructure_buildings	mapped_undated::infrastructure_buildings	HPC_2019_AR	921.312388923077	0.07692307692307693	hpc_operator_linear_backloaded	0.05	0.0042653187775606	From class-level ppe rollforward | proportionally rescaled to annual authoritative total | proportionally rescaled to annual authoritative total
HPC	2018-06	2018	mapped_undated	spare_parts	mapped_undated::spare_parts	HPC_2019_AR	275.10636476923077	0.07692307692307693	hpc_operator_linear_backloaded	0.122090909090909	0.0107923593727995	From class-level ppe rollforward | proportionally rescaled to annual authoritative total | proportionally rescaled to annual authoritative total
HPC	2018-07	2018	background	mixed	background::mixed	HPC_BG_RESIDUAL	0.0	0.08974358974358974	hpc_operator_linear_backloaded	0.09414433931694423	0.008205755847094931	Residual after mapped undated pools
HPC	2018-07	2018	mapped_undated	equipment	mapped_undated::equipment	HPC_2019_AR	1376.8960695	0.08974358974358974	hpc_operator_linear_backloaded	0.122090909090909	0.0107923593727995	From class-level ppe rollforward | proportionally rescaled to annual authoritative total | proportionally rescaled to annual authoritative total
HPC	2018-07	2018	mapped_undated	infrastructure_buildings	mapped_undated::infrastructure_buildings	HPC_2019_AR	1074.8644537435898	0.08974358974358974	hpc_operator_linear_backloaded	0.05	0.0042653187775606	From class-level ppe rollforward | proportionally rescaled to annual authoritative total | proportionally rescaled to annual authoritative total
HPC	2018-07	2018	mapped_undated	spare_parts	mapped_undated::spare_parts	HPC_2019_AR	320.95742556410255	0.08974358974358974	hpc_operator_linear_backloaded	0.122090909090909	0.0107923593727995	From class-level ppe rollforward | proportionally rescaled to annual authoritative total | proportionally rescaled to annual authoritative total
HPC	2018-08	2018	background	mixed	background::mixed	HPC_BG_RESIDUAL	0.0	0.10256410256410256	hpc_operator_linear_backloaded	0.09414433931694423	0.008205755847094931	Residual after mapped undated pools
HPC	2018-08	2018	mapped_undated	equipment	mapped_undated::equipment	HPC_2019_AR	1573.5955079999999	0.10256410256410256	hpc_operator_linear_backloaded	0.122090909090909	0.0107923593727995	From class-level ppe rollforward | proportionally rescaled to annual authoritative total | proportionally rescaled to annual authoritative total
HPC	2018-08	2018	mapped_undated	infrastructure_buildings	mapped_undated::infrastructure_buildings	HPC_2019_AR	1228.4165185641025	0.10256410256410256	hpc_operator_linear_backloaded	0.05	0.0042653187775606	From class-level ppe rollforward | proportionally rescaled to annual authoritative total | proportionally rescaled to annual authoritative total
HPC	2018-08	2018	mapped_undated	spare_parts	mapped_undated::spare_parts	HPC_2019_AR	366.80848635897433	0.10256410256410256	hpc_operator_linear_backloaded	0.122090909090909	0.0107923593727995	From class-level ppe rollforward | proportionally rescaled to annual authoritative total | proportionally rescaled to annual authoritative total
HPC	2018-09	2018	background	mixed	background::mixed	HPC_BG_RESIDUAL	0.0	0.11538461538461539	hpc_operator_linear_backloaded	0.09414433931694423	0.008205755847094931	Residual after mapped undated pools
HPC	2018-09	2018	mapped_undated	equipment	mapped_undated::equipment	HPC_2019_AR	1770.2949465000002	0.11538461538461539	hpc_operator_linear_backloaded	0.122090909090909	0.0107923593727995	From class-level ppe rollforward | proportionally rescaled to annual authoritative total | proportionally rescaled to annual authoritative total
HPC	2018-09	2018	mapped_undated	infrastructure_buildings	mapped_undated::infrastructure_buildings	HPC_2019_AR	1381.9685833846156	0.11538461538461539	hpc_operator_linear_backloaded	0.05	0.0042653187775606	From class-level ppe rollforward | proportionally rescaled to annual authoritative total | proportionally rescaled to annual authoritative total
HPC	2018-09	2018	mapped_undated	spare_parts	mapped_undated::spare_parts	HPC_2019_AR	412.6595471538462	0.11538461538461539	hpc_operator_linear_backloaded	0.122090909090909	0.0107923593727995	From class-level ppe rollforward | proportionally rescaled to annual authoritative total | proportionally rescaled to annual authoritative total
HPC	2018-10	2018	background	mixed	background::mixed	HPC_BG_RESIDUAL	0.0	0.1282051282051282	hpc_operator_linear_backloaded	0.09414433931694423	0.008205755847094931	Residual after mapped undated pools
HPC	2018-10	2018	mapped_undated	equipment	mapped_undated::equipment	HPC_2019_AR	1966.9943849999997	0.1282051282051282	hpc_operator_linear_backloaded	0.122090909090909	0.0107923593727995	From class-level ppe rollforward | proportionally rescaled to annual authoritative total | proportionally rescaled to annual authoritative total
HPC	2018-10	2018	mapped_undated	infrastructure_buildings	mapped_undated::infrastructure_buildings	HPC_2019_AR	1535.520648205128	0.1282051282051282	hpc_operator_linear_backloaded	0.05	0.0042653187775606	From class-level ppe rollforward | proportionally rescaled to annual authoritative total | proportionally rescaled to annual authoritative total
HPC	2018-10	2018	mapped_undated	spare_parts	mapped_undated::spare_parts	HPC_2019_AR	458.5106079487179	0.1282051282051282	hpc_operator_linear_backloaded	0.122090909090909	0.0107923593727995	From class-level ppe rollforward | proportionally rescaled to annual authoritative total | proportionally rescaled to annual authoritative total
HPC	2018-11	2018	background	mixed	background::mixed	HPC_BG_RESIDUAL	0.0	0.14102564102564102	hpc_operator_linear_backloaded	0.09414433931694423	0.008205755847094931	Residual after mapped undated pools
HPC	2018-11	2018	mapped_undated	equipment	mapped_undated::equipment	HPC_2019_AR	2163.6938235	0.14102564102564102	hpc_operator_linear_backloaded	0.122090909090909	0.0107923593727995	From class-level ppe rollforward | proportionally rescaled to annual authoritative total | proportionally rescaled to annual authoritative total
HPC	2018-11	2018	mapped_undated	infrastructure_buildings	mapped_undated::infrastructure_buildings	HPC_2019_AR	1689.0727130256412	0.14102564102564102	hpc_operator_linear_backloaded	0.05	0.0042653187775606	From class-level ppe rollforward | proportionally rescaled to annual authoritative total | proportionally rescaled to annual authoritative total
HPC	2018-11	2018	mapped_undated	spare_parts	mapped_undated::spare_parts	HPC_2019_AR	504.3616687435897	0.14102564102564102	hpc_operator_linear_backloaded	0.122090909090909	0.0107923593727995	From class-level ppe rollforward | proportionally rescaled to annual authoritative total | proportionally rescaled to annual authoritative total
HPC	2018-12	2018	background	mixed	background::mixed	HPC_BG_RESIDUAL	0.0	0.15384615384615385	hpc_operator_linear_backloaded	0.09414433931694423	0.008205755847094931	Residual after mapped undated pools
HPC	2018-12	2018	mapped_undated	equipment	mapped_undated::equipment	HPC_2019_AR	2360.393262000002	0.15384615384615385	hpc_operator_linear_backloaded	0.122090909090909	0.0107923593727995	From class-level ppe rollforward | proportionally rescaled to annual authoritative total | proportionally rescaled to annual authoritative total
HPC	2018-12	2018	mapped_undated	infrastructure_buildings	mapped_undated::infrastructure_buildings	HPC_2019_AR	1842.6247778461523	0.15384615384615385	hpc_operator_linear_backloaded	0.05	0.0042653187775606	From class-level ppe rollforward | proportionally rescaled to annual authoritative total | proportionally rescaled to annual authoritative total
HPC	2018-12	2018	mapped_undated	spare_parts	mapped_undated::spare_parts	HPC_2019_AR	550.2127295384615	0.15384615384615385	hpc_operator_linear_backloaded	0.122090909090909	0.0107923593727995	From class-level ppe rollforward | proportionally rescaled to annual authoritative total | proportionally rescaled to annual authoritative total
HPC	2019-01	2019	background	mixed	background::mixed	HPC_BG_RESIDUAL	0.0	0.01282051282051282	hpc_operator_linear_backloaded	0.09494823065440372	0.008279132077057993	Residual after mapped undated pools
HPC	2019-01	2019	mapped_undated	equipment	mapped_undated::equipment	HPC_2019_AR	135.56162378205127	0.01282051282051282	hpc_operator_linear_backloaded	0.122090909090909	0.0107923593727995	From class-level ppe rollforward | proportionally rescaled to annual authoritative total
HPC	2019-01	2019	mapped_undated	infrastructure_buildings	mapped_undated::infrastructure_buildings	HPC_2019_AR	120.79575785897435	0.01282051282051282	hpc_operator_linear_backloaded	0.05	0.0042653187775606	From class-level ppe rollforward | proportionally rescaled to annual authoritative total
HPC	2019-01	2019	mapped_undated	spare_parts	mapped_undated::spare_parts	HPC_2019_AR	64.47595169230769	0.01282051282051282	hpc_operator_linear_backloaded	0.122090909090909	0.0107923593727995	From class-level ppe rollforward | proportionally rescaled to annual authoritative total
HPC	2019-02	2019	background	mixed	background::mixed	HPC_BG_RESIDUAL	0.0	0.02564102564102564	hpc_operator_linear_backloaded	0.09494823065440372	0.008279132077057993	Residual after mapped undated pools
HPC	2019-02	2019	mapped_undated	equipment	mapped_undated::equipment	HPC_2019_AR	271.12324756410254	0.02564102564102564	hpc_operator_linear_backloaded	0.122090909090909	0.0107923593727995	From class-level ppe rollforward | proportionally rescaled to annual authoritative total
HPC	2019-02	2019	mapped_undated	infrastructure_buildings	mapped_undated::infrastructure_buildings	HPC_2019_AR	241.5915157179487	0.02564102564102564	hpc_operator_linear_backloaded	0.05	0.0042653187775606	From class-level ppe rollforward | proportionally rescaled to annual authoritative total
HPC	2019-02	2019	mapped_undated	spare_parts	mapped_undated::spare_parts	HPC_2019_AR	128.95190338461538	0.02564102564102564	hpc_operator_linear_backloaded	0.122090909090909	0.0107923593727995	From class-level ppe rollforward | proportionally rescaled to annual authoritative total
HPC	2019-03	2019	background	mixed	background::mixed	HPC_BG_RESIDUAL	0.0	0.038461538461538464	hpc_operator_linear_backloaded	0.09494823065440372	0.008279132077057993	Residual after mapped undated pools
HPC	2019-03	2019	mapped_undated	equipment	mapped_undated::equipment	HPC_2019_AR	406.6848713461539	0.038461538461538464	hpc_operator_linear_backloaded	0.122090909090909	0.0107923593727995	From class-level ppe rollforward | proportionally rescaled to annual authoritative total
HPC	2019-03	2019	mapped_undated	infrastructure_buildings	mapped_undated::infrastructure_buildings	HPC_2019_AR	362.38727357692306	0.038461538461538464	hpc_operator_linear_backloaded	0.05	0.0042653187775606	From class-level ppe rollforward | proportionally rescaled to annual authoritative total
HPC	2019-03	2019	mapped_undated	spare_parts	mapped_undated::spare_parts	HPC_2019_AR	193.4278550769231	0.038461538461538464	hpc_operator_linear_backloaded	0.122090909090909	0.0107923593727995	From class-level ppe rollforward | proportionally rescaled to annual authoritative total
HPC	2019-04	2019	background	mixed	background::mixed	HPC_BG_RESIDUAL	0.0	0.05128205128205128	hpc_operator_linear_backloaded	0.09494823065440372	0.008279132077057993	Residual after mapped undated pools
HPC	2019-04	2019	mapped_undated	equipment	mapped_undated::equipment	HPC_2019_AR	542.2464951282051	0.05128205128205128	hpc_operator_linear_backloaded	0.122090909090909	0.0107923593727995	From class-level ppe rollforward | proportionally rescaled to annual authoritative total
HPC	2019-04	2019	mapped_undated	infrastructure_buildings	mapped_undated::infrastructure_buildings	HPC_2019_AR	483.1830314358974	0.05128205128205128	hpc_operator_linear_backloaded	0.05	0.0042653187775606	From class-level ppe rollforward | proportionally rescaled to annual authoritative total
HPC	2019-04	2019	mapped_undated	spare_parts	mapped_undated::spare_parts	HPC_2019_AR	257.90380676923075	0.05128205128205128	hpc_operator_linear_backloaded	0.122090909090909	0.0107923593727995	From class-level ppe rollforward | proportionally rescaled to annual authoritative total
HPC	2019-05	2019	background	mixed	background::mixed	HPC_BG_RESIDUAL	0.0	0.0641025641025641	hpc_operator_linear_backloaded	0.09494823065440372	0.008279132077057993	Residual after mapped undated pools
HPC	2019-05	2019	mapped_undated	equipment	mapped_undated::equipment	HPC_2019_AR	677.8081189102563	0.0641025641025641	hpc_operator_linear_backloaded	0.122090909090909	0.0107923593727995	From class-level ppe rollforward | proportionally rescaled to annual authoritative total
HPC	2019-05	2019	mapped_undated	infrastructure_buildings	mapped_undated::infrastructure_buildings	HPC_2019_AR	603.9787892948717	0.0641025641025641	hpc_operator_linear_backloaded	0.05	0.0042653187775606	From class-level ppe rollforward | proportionally rescaled to annual authoritative total
HPC	2019-05	2019	mapped_undated	spare_parts	mapped_undated::spare_parts	HPC_2019_AR	322.3797584615384	0.0641025641025641	hpc_operator_linear_backloaded	0.122090909090909	0.0107923593727995	From class-level ppe rollforward | proportionally rescaled to annual authoritative total
HPC	2019-06	2019	background	mixed	background::mixed	HPC_BG_RESIDUAL	0.0	0.07692307692307693	hpc_operator_linear_backloaded	0.09494823065440372	0.008279132077057993	Residual after mapped undated pools
HPC	2019-06	2019	mapped_undated	equipment	mapped_undated::equipment	HPC_2019_AR	813.3697426923078	0.07692307692307693	hpc_operator_linear_backloaded	0.122090909090909	0.0107923593727995	From class-level ppe rollforward | proportionally rescaled to annual authoritative total
HPC	2019-06	2019	mapped_undated	infrastructure_buildings	mapped_undated::infrastructure_buildings	HPC_2019_AR	724.7745471538461	0.07692307692307693	hpc_operator_linear_backloaded	0.05	0.0042653187775606	From class-level ppe rollforward | proportionally rescaled to annual authoritative total
HPC	2019-06	2019	mapped_undated	spare_parts	mapped_undated::spare_parts	HPC_2019_AR	386.8557101538462	0.07692307692307693	hpc_operator_linear_backloaded	0.122090909090909	0.0107923593727995	From class-level ppe rollforward | proportionally rescaled to annual authoritative total
HPC	2019-07	2019	background	mixed	background::mixed	HPC_BG_RESIDUAL	0.0	0.08974358974358974	hpc_operator_linear_backloaded	0.09494823065440372	0.008279132077057993	Residual after mapped undated pools
HPC	2019-07	2019	mapped_undated	equipment	mapped_undated::equipment	HPC_2019_AR	948.931366474359	0.08974358974358974	hpc_operator_linear_backloaded	0.122090909090909	0.0107923593727995	From class-level ppe rollforward | proportionally rescaled to annual authoritative total
HPC	2019-07	2019	mapped_undated	infrastructure_buildings	mapped_undated::infrastructure_buildings	HPC_2019_AR	845.5703050128204	0.08974358974358974	hpc_operator_linear_backloaded	0.05	0.0042653187775606	From class-level ppe rollforward | proportionally rescaled to annual authoritative total
HPC	2019-07	2019	mapped_undated	spare_parts	mapped_undated::spare_parts	HPC_2019_AR	451.33166184615385	0.08974358974358974	hpc_operator_linear_backloaded	0.122090909090909	0.0107923593727995	From class-level ppe rollforward | proportionally rescaled to annual authoritative total
HPC	2019-08	2019	background	mixed	background::mixed	HPC_BG_RESIDUAL	0.0	0.10256410256410256	hpc_operator_linear_backloaded	0.09494823065440372	0.008279132077057993	Residual after mapped undated pools
HPC	2019-08	2019	mapped_undated	equipment	mapped_undated::equipment	HPC_2019_AR	1084.4929902564102	0.10256410256410256	hpc_operator_linear_backloaded	0.122090909090909	0.0107923593727995	From class-level ppe rollforward | proportionally rescaled to annual authoritative total
HPC	2019-08	2019	mapped_undated	infrastructure_buildings	mapped_undated::infrastructure_buildings	HPC_2019_AR	966.3660628717948	0.10256410256410256	hpc_operator_linear_backloaded	0.05	0.0042653187775606	From class-level ppe rollforward | proportionally rescaled to annual authoritative total
HPC	2019-08	2019	mapped_undated	spare_parts	mapped_undated::spare_parts	HPC_2019_AR	515.8076135384615	0.10256410256410256	hpc_operator_linear_backloaded	0.122090909090909	0.0107923593727995	From class-level ppe rollforward | proportionally rescaled to annual authoritative total
HPC	2019-09	2019	background	mixed	background::mixed	HPC_BG_RESIDUAL	0.0	0.11538461538461539	hpc_operator_linear_backloaded	0.09494823065440372	0.008279132077057993	Residual after mapped undated pools
HPC	2019-09	2019	mapped_undated	equipment	mapped_undated::equipment	HPC_2019_AR	1220.0546140384618	0.11538461538461539	hpc_operator_linear_backloaded	0.122090909090909	0.0107923593727995	From class-level ppe rollforward | proportionally rescaled to annual authoritative total
HPC	2019-09	2019	mapped_undated	infrastructure_buildings	mapped_undated::infrastructure_buildings	HPC_2019_AR	1087.1618207307693	0.11538461538461539	hpc_operator_linear_backloaded	0.05	0.0042653187775606	From class-level ppe rollforward | proportionally rescaled to annual authoritative total
HPC	2019-09	2019	mapped_undated	spare_parts	mapped_undated::spare_parts	HPC_2019_AR	580.2835652307692	0.11538461538461539	hpc_operator_linear_backloaded	0.122090909090909	0.0107923593727995	From class-level ppe rollforward | proportionally rescaled to annual authoritative total
HPC	2019-10	2019	background	mixed	background::mixed	HPC_BG_RESIDUAL	0.0	0.1282051282051282	hpc_operator_linear_backloaded	0.09494823065440372	0.008279132077057993	Residual after mapped undated pools
HPC	2019-10	2019	mapped_undated	equipment	mapped_undated::equipment	HPC_2019_AR	1355.6162378205127	0.1282051282051282	hpc_operator_linear_backloaded	0.122090909090909	0.0107923593727995	From class-level ppe rollforward | proportionally rescaled to annual authoritative total
HPC	2019-10	2019	mapped_undated	infrastructure_buildings	mapped_undated::infrastructure_buildings	HPC_2019_AR	1207.9575785897434	0.1282051282051282	hpc_operator_linear_backloaded	0.05	0.0042653187775606	From class-level ppe rollforward | proportionally rescaled to annual authoritative total
HPC	2019-10	2019	mapped_undated	spare_parts	mapped_undated::spare_parts	HPC_2019_AR	644.7595169230768	0.1282051282051282	hpc_operator_linear_backloaded	0.122090909090909	0.0107923593727995	From class-level ppe rollforward | proportionally rescaled to annual authoritative total
HPC	2019-11	2019	background	mixed	background::mixed	HPC_BG_RESIDUAL	0.0	0.14102564102564102	hpc_operator_linear_backloaded	0.09494823065440372	0.008279132077057993	Residual after mapped undated pools
HPC	2019-11	2019	mapped_undated	equipment	mapped_undated::equipment	HPC_2019_AR	1491.1778616025642	0.14102564102564102	hpc_operator_linear_backloaded	0.122090909090909	0.0107923593727995	From class-level ppe rollforward | proportionally rescaled to annual authoritative total
HPC	2019-11	2019	mapped_undated	infrastructure_buildings	mapped_undated::infrastructure_buildings	HPC_2019_AR	1328.7533364487178	0.14102564102564102	hpc_operator_linear_backloaded	0.05	0.0042653187775606	From class-level ppe rollforward | proportionally rescaled to annual authoritative total
HPC	2019-11	2019	mapped_undated	spare_parts	mapped_undated::spare_parts	HPC_2019_AR	709.2354686153847	0.14102564102564102	hpc_operator_linear_backloaded	0.122090909090909	0.0107923593727995	From class-level ppe rollforward | proportionally rescaled to annual authoritative total
HPC	2019-12	2019	background	mixed	background::mixed	HPC_BG_RESIDUAL	0.0	0.15384615384615385	hpc_operator_linear_backloaded	0.09494823065440372	0.008279132077057993	Residual after mapped undated pools
HPC	2019-12	2019	mapped_undated	equipment	mapped_undated::equipment	HPC_2019_AR	1626.7394853846138	0.15384615384615385	hpc_operator_linear_backloaded	0.122090909090909	0.0107923593727995	From class-level ppe rollforward | proportionally rescaled to annual authoritative total
HPC	2019-12	2019	mapped_undated	infrastructure_buildings	mapped_undated::infrastructure_buildings	HPC_2019_AR	1449.5490943076923	0.15384615384615385	hpc_operator_linear_backloaded	0.05	0.0042653187775606	From class-level ppe rollforward | proportionally rescaled to annual authoritative total
HPC	2019-12	2019	mapped_undated	spare_parts	mapped_undated::spare_parts	HPC_2019_AR	773.7114203076924	0.15384615384615385	hpc_operator_linear_backloaded	0.122090909090909	0.0107923593727995	From class-level ppe rollforward | proportionally rescaled to annual authoritative total
HPC	2020-01	2020	background	mixed	background::mixed	HPC_BG_RESIDUAL	0.0	0.01282051282051282	hpc_operator_linear_backloaded	0.10494472594464471	0.009196600517260345	Residual after mapped undated pools
HPC	2020-01	2020	mapped_undated	equipment	mapped_undated::equipment	HPC_2020_AR	431.38461538461536	0.01282051282051282	hpc_operator_linear_backloaded	0.122090909090909	0.0107923593727995	From class-level ppe rollforward
HPC	2020-01	2020	mapped_undated	infrastructure_buildings	mapped_undated::infrastructure_buildings	HPC_2020_AR	150.28205128205127	0.01282051282051282	hpc_operator_linear_backloaded	0.05	0.0042653187775606	From class-level ppe rollforward
HPC	2020-01	2020	mapped_undated	spare_parts	mapped_undated::spare_parts	HPC_2020_AR	50.19230769230769	0.01282051282051282	hpc_operator_linear_backloaded	0.122090909090909	0.0107923593727995	From class-level ppe rollforward
HPC	2020-02	2020	background	mixed	background::mixed	HPC_BG_RESIDUAL	0.0	0.02564102564102564	hpc_operator_linear_backloaded	0.10494472594464471	0.009196600517260345	Residual after mapped undated pools
HPC	2020-02	2020	mapped_undated	equipment	mapped_undated::equipment	HPC_2020_AR	862.7692307692307	0.02564102564102564	hpc_operator_linear_backloaded	0.122090909090909	0.0107923593727995	From class-level ppe rollforward
HPC	2020-02	2020	mapped_undated	infrastructure_buildings	mapped_undated::infrastructure_buildings	HPC_2020_AR	300.56410256410254	0.02564102564102564	hpc_operator_linear_backloaded	0.05	0.0042653187775606	From class-level ppe rollforward
HPC	2020-02	2020	mapped_undated	spare_parts	mapped_undated::spare_parts	HPC_2020_AR	100.38461538461539	0.02564102564102564	hpc_operator_linear_backloaded	0.122090909090909	0.0107923593727995	From class-level ppe rollforward
HPC	2020-03	2020	background	mixed	background::mixed	HPC_BG_RESIDUAL	0.0	0.038461538461538464	hpc_operator_linear_backloaded	0.10494472594464471	0.009196600517260345	Residual after mapped undated pools
HPC	2020-03	2020	mapped_undated	equipment	mapped_undated::equipment	HPC_2020_AR	1294.1538461538462	0.038461538461538464	hpc_operator_linear_backloaded	0.122090909090909	0.0107923593727995	From class-level ppe rollforward
HPC	2020-03	2020	mapped_undated	infrastructure_buildings	mapped_undated::infrastructure_buildings	HPC_2020_AR	450.84615384615387	0.038461538461538464	hpc_operator_linear_backloaded	0.05	0.0042653187775606	From class-level ppe rollforward
HPC	2020-03	2020	mapped_undated	spare_parts	mapped_undated::spare_parts	HPC_2020_AR	150.5769230769231	0.038461538461538464	hpc_operator_linear_backloaded	0.122090909090909	0.0107923593727995	From class-level ppe rollforward
HPC	2020-04	2020	background	mixed	background::mixed	HPC_BG_RESIDUAL	0.0	0.05128205128205128	hpc_operator_linear_backloaded	0.10494472594464471	0.009196600517260345	Residual after mapped undated pools
HPC	2020-04	2020	mapped_undated	equipment	mapped_undated::equipment	HPC_2020_AR	1725.5384615384614	0.05128205128205128	hpc_operator_linear_backloaded	0.122090909090909	0.0107923593727995	From class-level ppe rollforward
HPC	2020-04	2020	mapped_undated	infrastructure_buildings	mapped_undated::infrastructure_buildings	HPC_2020_AR	601.1282051282051	0.05128205128205128	hpc_operator_linear_backloaded	0.05	0.0042653187775606	From class-level ppe rollforward
HPC	2020-04	2020	mapped_undated	spare_parts	mapped_undated::spare_parts	HPC_2020_AR	200.76923076923077	0.05128205128205128	hpc_operator_linear_backloaded	0.122090909090909	0.0107923593727995	From class-level ppe rollforward
HPC	2020-05	2020	background	mixed	background::mixed	HPC_BG_RESIDUAL	0.0	0.0641025641025641	hpc_operator_linear_backloaded	0.10494472594464471	0.009196600517260345	Residual after mapped undated pools
HPC	2020-05	2020	mapped_undated	equipment	mapped_undated::equipment	HPC_2020_AR	2156.9230769230767	0.0641025641025641	hpc_operator_linear_backloaded	0.122090909090909	0.0107923593727995	From class-level ppe rollforward
HPC	2020-05	2020	mapped_undated	infrastructure_buildings	mapped_undated::infrastructure_buildings	HPC_2020_AR	751.4102564102564	0.0641025641025641	hpc_operator_linear_backloaded	0.05	0.0042653187775606	From class-level ppe rollforward
HPC	2020-05	2020	mapped_undated	spare_parts	mapped_undated::spare_parts	HPC_2020_AR	250.96153846153845	0.0641025641025641	hpc_operator_linear_backloaded	0.122090909090909	0.0107923593727995	From class-level ppe rollforward
HPC	2020-06	2020	background	mixed	background::mixed	HPC_BG_RESIDUAL	0.0	0.07692307692307693	hpc_operator_linear_backloaded	0.10494472594464471	0.009196600517260345	Residual after mapped undated pools
HPC	2020-06	2020	mapped_undated	equipment	mapped_undated::equipment	HPC_2020_AR	2588.3076923076924	0.07692307692307693	hpc_operator_linear_backloaded	0.122090909090909	0.0107923593727995	From class-level ppe rollforward
HPC	2020-06	2020	mapped_undated	infrastructure_buildings	mapped_undated::infrastructure_buildings	HPC_2020_AR	901.6923076923077	0.07692307692307693	hpc_operator_linear_backloaded	0.05	0.0042653187775606	From class-level ppe rollforward
HPC	2020-06	2020	mapped_undated	spare_parts	mapped_undated::spare_parts	HPC_2020_AR	301.1538461538462	0.07692307692307693	hpc_operator_linear_backloaded	0.122090909090909	0.0107923593727995	From class-level ppe rollforward
HPC	2020-07	2020	background	mixed	background::mixed	HPC_BG_RESIDUAL	0.0	0.08974358974358974	hpc_operator_linear_backloaded	0.10494472594464471	0.009196600517260345	Residual after mapped undated pools
HPC	2020-07	2020	mapped_undated	equipment	mapped_undated::equipment	HPC_2020_AR	3019.6923076923076	0.08974358974358974	hpc_operator_linear_backloaded	0.122090909090909	0.0107923593727995	From class-level ppe rollforward
HPC	2020-07	2020	mapped_undated	infrastructure_buildings	mapped_undated::infrastructure_buildings	HPC_2020_AR	1051.974358974359	0.08974358974358974	hpc_operator_linear_backloaded	0.05	0.0042653187775606	From class-level ppe rollforward
HPC	2020-07	2020	mapped_undated	spare_parts	mapped_undated::spare_parts	HPC_2020_AR	351.34615384615387	0.08974358974358974	hpc_operator_linear_backloaded	0.122090909090909	0.0107923593727995	From class-level ppe rollforward
HPC	2020-08	2020	background	mixed	background::mixed	HPC_BG_RESIDUAL	0.0	0.10256410256410256	hpc_operator_linear_backloaded	0.10494472594464471	0.009196600517260345	Residual after mapped undated pools
HPC	2020-08	2020	mapped_undated	equipment	mapped_undated::equipment	HPC_2020_AR	3451.076923076923	0.10256410256410256	hpc_operator_linear_backloaded	0.122090909090909	0.0107923593727995	From class-level ppe rollforward
HPC	2020-08	2020	mapped_undated	infrastructure_buildings	mapped_undated::infrastructure_buildings	HPC_2020_AR	1202.2564102564102	0.10256410256410256	hpc_operator_linear_backloaded	0.05	0.0042653187775606	From class-level ppe rollforward
HPC	2020-08	2020	mapped_undated	spare_parts	mapped_undated::spare_parts	HPC_2020_AR	401.53846153846155	0.10256410256410256	hpc_operator_linear_backloaded	0.122090909090909	0.0107923593727995	From class-level ppe rollforward
HPC	2020-09	2020	background	mixed	background::mixed	HPC_BG_RESIDUAL	0.0	0.11538461538461539	hpc_operator_linear_backloaded	0.10494472594464471	0.009196600517260345	Residual after mapped undated pools
HPC	2020-09	2020	mapped_undated	equipment	mapped_undated::equipment	HPC_2020_AR	3882.4615384615386	0.11538461538461539	hpc_operator_linear_backloaded	0.122090909090909	0.0107923593727995	From class-level ppe rollforward
HPC	2020-09	2020	mapped_undated	infrastructure_buildings	mapped_undated::infrastructure_buildings	HPC_2020_AR	1352.5384615384617	0.11538461538461539	hpc_operator_linear_backloaded	0.05	0.0042653187775606	From class-level ppe rollforward
HPC	2020-09	2020	mapped_undated	spare_parts	mapped_undated::spare_parts	HPC_2020_AR	451.7307692307693	0.11538461538461539	hpc_operator_linear_backloaded	0.122090909090909	0.0107923593727995	From class-level ppe rollforward
HPC	2020-10	2020	background	mixed	background::mixed	HPC_BG_RESIDUAL	0.0	0.1282051282051282	hpc_operator_linear_backloaded	0.10494472594464471	0.009196600517260345	Residual after mapped undated pools
HPC	2020-10	2020	mapped_undated	equipment	mapped_undated::equipment	HPC_2020_AR	4313.846153846153	0.1282051282051282	hpc_operator_linear_backloaded	0.122090909090909	0.0107923593727995	From class-level ppe rollforward
HPC	2020-10	2020	mapped_undated	infrastructure_buildings	mapped_undated::infrastructure_buildings	HPC_2020_AR	1502.8205128205127	0.1282051282051282	hpc_operator_linear_backloaded	0.05	0.0042653187775606	From class-level ppe rollforward
HPC	2020-10	2020	mapped_undated	spare_parts	mapped_undated::spare_parts	HPC_2020_AR	501.9230769230769	0.1282051282051282	hpc_operator_linear_backloaded	0.122090909090909	0.0107923593727995	From class-level ppe rollforward
HPC	2020-11	2020	background	mixed	background::mixed	HPC_BG_RESIDUAL	0.0	0.14102564102564102	hpc_operator_linear_backloaded	0.10494472594464471	0.009196600517260345	Residual after mapped undated pools
HPC	2020-11	2020	mapped_undated	equipment	mapped_undated::equipment	HPC_2020_AR	4745.2307692307695	0.14102564102564102	hpc_operator_linear_backloaded	0.122090909090909	0.0107923593727995	From class-level ppe rollforward
HPC	2020-11	2020	mapped_undated	infrastructure_buildings	mapped_undated::infrastructure_buildings	HPC_2020_AR	1653.102564102564	0.14102564102564102	hpc_operator_linear_backloaded	0.05	0.0042653187775606	From class-level ppe rollforward
HPC	2020-11	2020	mapped_undated	spare_parts	mapped_undated::spare_parts	HPC_2020_AR	552.1153846153846	0.14102564102564102	hpc_operator_linear_backloaded	0.122090909090909	0.0107923593727995	From class-level ppe rollforward
HPC	2020-12	2020	background	mixed	background::mixed	HPC_BG_RESIDUAL	0.0	0.15384615384615385	hpc_operator_linear_backloaded	0.10494472594464471	0.009196600517260345	Residual after mapped undated pools
HPC	2020-12	2020	mapped_undated	equipment	mapped_undated::equipment	HPC_2020_AR	5176.615384615385	0.15384615384615385	hpc_operator_linear_backloaded	0.122090909090909	0.0107923593727995	From class-level ppe rollforward
HPC	2020-12	2020	mapped_undated	infrastructure_buildings	mapped_undated::infrastructure_buildings	HPC_2020_AR	1803.3846153846155	0.15384615384615385	hpc_operator_linear_backloaded	0.05	0.0042653187775606	From class-level ppe rollforward
HPC	2020-12	2020	mapped_undated	spare_parts	mapped_undated::spare_parts	HPC_2020_AR	602.3076923076924	0.15384615384615385	hpc_operator_linear_backloaded	0.122090909090909	0.0107923593727995	From class-level ppe rollforward
HPC	2021-01	2021	background	mixed	background::mixed	HPC_BG_RESIDUAL	0.0	0.01282051282051282	hpc_operator_linear_backloaded	0.11282054452082761	0.00992607472839413	Residual after mapped undated pools
HPC	2021-01	2021	mapped_undated	equipment	mapped_undated::equipment	HPC_2021_AR	181.12601810256407	0.01282051282051282	hpc_operator_linear_backloaded	0.122090909090909	0.0107923593727995	From class-level ppe rollforward | proportionally rescaled to annual authoritative total
HPC	2021-01	2021	mapped_undated	infrastructure_buildings	mapped_undated::infrastructure_buildings	HPC_2021_AR	27.60235644871795	0.01282051282051282	hpc_operator_linear_backloaded	0.05	0.0042653187775606	From class-level ppe rollforward | proportionally rescaled to annual authoritative total
HPC	2021-01	2021	mapped_undated	spare_parts	mapped_undated::spare_parts	HPC_2021_AR	5.921109230769231	0.01282051282051282	hpc_operator_linear_backloaded	0.122090909090909	0.0107923593727995	From class-level ppe rollforward | proportionally rescaled to annual authoritative total
HPC	2021-02	2021	background	mixed	background::mixed	HPC_BG_RESIDUAL	0.0	0.02564102564102564	hpc_operator_linear_backloaded	0.11282054452082761	0.00992607472839413	Residual after mapped undated pools
HPC	2021-02	2021	mapped_undated	equipment	mapped_undated::equipment	HPC_2021_AR	362.25203620512815	0.02564102564102564	hpc_operator_linear_backloaded	0.122090909090909	0.0107923593727995	From class-level ppe rollforward | proportionally rescaled to annual authoritative total
HPC	2021-02	2021	mapped_undated	infrastructure_buildings	mapped_undated::infrastructure_buildings	HPC_2021_AR	55.2047128974359	0.02564102564102564	hpc_operator_linear_backloaded	0.05	0.0042653187775606	From class-level ppe rollforward | proportionally rescaled to annual authoritative total
HPC	2021-02	2021	mapped_undated	spare_parts	mapped_undated::spare_parts	HPC_2021_AR	11.842218461538462	0.02564102564102564	hpc_operator_linear_backloaded	0.122090909090909	0.0107923593727995	From class-level ppe rollforward | proportionally rescaled to annual authoritative total
HPC	2021-03	2021	background	mixed	background::mixed	HPC_BG_RESIDUAL	0.0	0.038461538461538464	hpc_operator_linear_backloaded	0.11282054452082761	0.00992607472839413	Residual after mapped undated pools
HPC	2021-03	2021	mapped_undated	equipment	mapped_undated::equipment	HPC_2021_AR	543.3780543076923	0.038461538461538464	hpc_operator_linear_backloaded	0.122090909090909	0.0107923593727995	From class-level ppe rollforward | proportionally rescaled to annual authoritative total
HPC	2021-03	2021	mapped_undated	infrastructure_buildings	mapped_undated::infrastructure_buildings	HPC_2021_AR	82.80706934615385	0.038461538461538464	hpc_operator_linear_backloaded	0.05	0.0042653187775606	From class-level ppe rollforward | proportionally rescaled to annual authoritative total
HPC	2021-03	2021	mapped_undated	spare_parts	mapped_undated::spare_parts	HPC_2021_AR	17.763327692307694	0.038461538461538464	hpc_operator_linear_backloaded	0.122090909090909	0.0107923593727995	From class-level ppe rollforward | proportionally rescaled to annual authoritative total
HPC	2021-04	2021	background	mixed	background::mixed	HPC_BG_RESIDUAL	0.0	0.05128205128205128	hpc_operator_linear_backloaded	0.11282054452082761	0.00992607472839413	Residual after mapped undated pools
HPC	2021-04	2021	mapped_undated	equipment	mapped_undated::equipment	HPC_2021_AR	724.5040724102563	0.05128205128205128	hpc_operator_linear_backloaded	0.122090909090909	0.0107923593727995	From class-level ppe rollforward | proportionally rescaled to annual authoritative total
HPC	2021-04	2021	mapped_undated	infrastructure_buildings	mapped_undated::infrastructure_buildings	HPC_2021_AR	110.4094257948718	0.05128205128205128	hpc_operator_linear_backloaded	0.05	0.0042653187775606	From class-level ppe rollforward | proportionally rescaled to annual authoritative total
HPC	2021-04	2021	mapped_undated	spare_parts	mapped_undated::spare_parts	HPC_2021_AR	23.684436923076923	0.05128205128205128	hpc_operator_linear_backloaded	0.122090909090909	0.0107923593727995	From class-level ppe rollforward | proportionally rescaled to annual authoritative total
HPC	2021-05	2021	background	mixed	background::mixed	HPC_BG_RESIDUAL	0.0	0.0641025641025641	hpc_operator_linear_backloaded	0.11282054452082761	0.00992607472839413	Residual after mapped undated pools
HPC	2021-05	2021	mapped_undated	equipment	mapped_undated::equipment	HPC_2021_AR	905.6300905128204	0.0641025641025641	hpc_operator_linear_backloaded	0.122090909090909	0.0107923593727995	From class-level ppe rollforward | proportionally rescaled to annual authoritative total
HPC	2021-05	2021	mapped_undated	infrastructure_buildings	mapped_undated::infrastructure_buildings	HPC_2021_AR	138.01178224358975	0.0641025641025641	hpc_operator_linear_backloaded	0.05	0.0042653187775606	From class-level ppe rollforward | proportionally rescaled to annual authoritative total
HPC	2021-05	2021	mapped_undated	spare_parts	mapped_undated::spare_parts	HPC_2021_AR	29.605546153846152	0.0641025641025641	hpc_operator_linear_backloaded	0.122090909090909	0.0107923593727995	From class-level ppe rollforward | proportionally rescaled to annual authoritative total
HPC	2021-06	2021	background	mixed	background::mixed	HPC_BG_RESIDUAL	0.0	0.07692307692307693	hpc_operator_linear_backloaded	0.11282054452082761	0.00992607472839413	Residual after mapped undated pools
HPC	2021-06	2021	mapped_undated	equipment	mapped_undated::equipment	HPC_2021_AR	1086.7561086153846	0.07692307692307693	hpc_operator_linear_backloaded	0.122090909090909	0.0107923593727995	From class-level ppe rollforward | proportionally rescaled to annual authoritative total
HPC	2021-06	2021	mapped_undated	infrastructure_buildings	mapped_undated::infrastructure_buildings	HPC_2021_AR	165.6141386923077	0.07692307692307693	hpc_operator_linear_backloaded	0.05	0.0042653187775606	From class-level ppe rollforward | proportionally rescaled to annual authoritative total
HPC	2021-06	2021	mapped_undated	spare_parts	mapped_undated::spare_parts	HPC_2021_AR	35.52665538461539	0.07692307692307693	hpc_operator_linear_backloaded	0.122090909090909	0.0107923593727995	From class-level ppe rollforward | proportionally rescaled to annual authoritative total
HPC	2021-07	2021	background	mixed	background::mixed	HPC_BG_RESIDUAL	0.0	0.08974358974358974	hpc_operator_linear_backloaded	0.11282054452082761	0.00992607472839413	Residual after mapped undated pools
HPC	2021-07	2021	mapped_undated	equipment	mapped_undated::equipment	HPC_2021_AR	1267.8821267179487	0.08974358974358974	hpc_operator_linear_backloaded	0.122090909090909	0.0107923593727995	From class-level ppe rollforward | proportionally rescaled to annual authoritative total
HPC	2021-07	2021	mapped_undated	infrastructure_buildings	mapped_undated::infrastructure_buildings	HPC_2021_AR	193.21649514102566	0.08974358974358974	hpc_operator_linear_backloaded	0.05	0.0042653187775606	From class-level ppe rollforward | proportionally rescaled to annual authoritative total
HPC	2021-07	2021	mapped_undated	spare_parts	mapped_undated::spare_parts	HPC_2021_AR	41.447764615384614	0.08974358974358974	hpc_operator_linear_backloaded	0.122090909090909	0.0107923593727995	From class-level ppe rollforward | proportionally rescaled to annual authoritative total
HPC	2021-08	2021	background	mixed	background::mixed	HPC_BG_RESIDUAL	0.0	0.10256410256410256	hpc_operator_linear_backloaded	0.11282054452082761	0.00992607472839413	Residual after mapped undated pools
HPC	2021-08	2021	mapped_undated	equipment	mapped_undated::equipment	HPC_2021_AR	1449.0081448205126	0.10256410256410256	hpc_operator_linear_backloaded	0.122090909090909	0.0107923593727995	From class-level ppe rollforward | proportionally rescaled to annual authoritative total
HPC	2021-08	2021	mapped_undated	infrastructure_buildings	mapped_undated::infrastructure_buildings	HPC_2021_AR	220.8188515897436	0.10256410256410256	hpc_operator_linear_backloaded	0.05	0.0042653187775606	From class-level ppe rollforward | proportionally rescaled to annual authoritative total
HPC	2021-08	2021	mapped_undated	spare_parts	mapped_undated::spare_parts	HPC_2021_AR	47.368873846153846	0.10256410256410256	hpc_operator_linear_backloaded	0.122090909090909	0.0107923593727995	From class-level ppe rollforward | proportionally rescaled to annual authoritative total
HPC	2021-09	2021	background	mixed	background::mixed	HPC_BG_RESIDUAL	0.0	0.11538461538461539	hpc_operator_linear_backloaded	0.11282054452082761	0.00992607472839413	Residual after mapped undated pools
HPC	2021-09	2021	mapped_undated	equipment	mapped_undated::equipment	HPC_2021_AR	1630.134162923077	0.11538461538461539	hpc_operator_linear_backloaded	0.122090909090909	0.0107923593727995	From class-level ppe rollforward | proportionally rescaled to annual authoritative total
HPC	2021-09	2021	mapped_undated	infrastructure_buildings	mapped_undated::infrastructure_buildings	HPC_2021_AR	248.42120803846157	0.11538461538461539	hpc_operator_linear_backloaded	0.05	0.0042653187775606	From class-level ppe rollforward | proportionally rescaled to annual authoritative total
HPC	2021-09	2021	mapped_undated	spare_parts	mapped_undated::spare_parts	HPC_2021_AR	53.28998307692308	0.11538461538461539	hpc_operator_linear_backloaded	0.122090909090909	0.0107923593727995	From class-level ppe rollforward | proportionally rescaled to annual authoritative total
HPC	2021-10	2021	background	mixed	background::mixed	HPC_BG_RESIDUAL	0.0	0.1282051282051282	hpc_operator_linear_backloaded	0.11282054452082761	0.00992607472839413	Residual after mapped undated pools
HPC	2021-10	2021	mapped_undated	equipment	mapped_undated::equipment	HPC_2021_AR	1811.2601810256408	0.1282051282051282	hpc_operator_linear_backloaded	0.122090909090909	0.0107923593727995	From class-level ppe rollforward | proportionally rescaled to annual authoritative total
HPC	2021-10	2021	mapped_undated	infrastructure_buildings	mapped_undated::infrastructure_buildings	HPC_2021_AR	276.0235644871795	0.1282051282051282	hpc_operator_linear_backloaded	0.05	0.0042653187775606	From class-level ppe rollforward | proportionally rescaled to annual authoritative total
HPC	2021-10	2021	mapped_undated	spare_parts	mapped_undated::spare_parts	HPC_2021_AR	59.211092307692304	0.1282051282051282	hpc_operator_linear_backloaded	0.122090909090909	0.0107923593727995	From class-level ppe rollforward | proportionally rescaled to annual authoritative total
HPC	2021-11	2021	background	mixed	background::mixed	HPC_BG_RESIDUAL	0.0	0.14102564102564102	hpc_operator_linear_backloaded	0.11282054452082761	0.00992607472839413	Residual after mapped undated pools
HPC	2021-11	2021	mapped_undated	equipment	mapped_undated::equipment	HPC_2021_AR	1992.386199128205	0.14102564102564102	hpc_operator_linear_backloaded	0.122090909090909	0.0107923593727995	From class-level ppe rollforward | proportionally rescaled to annual authoritative total
HPC	2021-11	2021	mapped_undated	infrastructure_buildings	mapped_undated::infrastructure_buildings	HPC_2021_AR	303.62592093589745	0.14102564102564102	hpc_operator_linear_backloaded	0.05	0.0042653187775606	From class-level ppe rollforward | proportionally rescaled to annual authoritative total
HPC	2021-11	2021	mapped_undated	spare_parts	mapped_undated::spare_parts	HPC_2021_AR	65.13220153846154	0.14102564102564102	hpc_operator_linear_backloaded	0.122090909090909	0.0107923593727995	From class-level ppe rollforward | proportionally rescaled to annual authoritative total
HPC	2021-12	2021	background	mixed	background::mixed	HPC_BG_RESIDUAL	0.0	0.15384615384615385	hpc_operator_linear_backloaded	0.11282054452082761	0.00992607472839413	Residual after mapped undated pools
HPC	2021-12	2021	mapped_undated	equipment	mapped_undated::equipment	HPC_2021_AR	2173.512217230771	0.15384615384615385	hpc_operator_linear_backloaded	0.122090909090909	0.0107923593727995	From class-level ppe rollforward | proportionally rescaled to annual authoritative total
HPC	2021-12	2021	mapped_undated	infrastructure_buildings	mapped_undated::infrastructure_buildings	HPC_2021_AR	331.2282773846154	0.15384615384615385	hpc_operator_linear_backloaded	0.05	0.0042653187775606	From class-level ppe rollforward | proportionally rescaled to annual authoritative total
HPC	2021-12	2021	mapped_undated	spare_parts	mapped_undated::spare_parts	HPC_2021_AR	71.05331076923078	0.15384615384615385	hpc_operator_linear_backloaded	0.122090909090909	0.0107923593727995	From class-level ppe rollforward | proportionally rescaled to annual authoritative total
HPC	2023-01	2023	background	mixed	background::mixed	HPC_BG_RESIDUAL	0.0	0.01282051282051282	hpc_operator_linear_backloaded	0.04989088721123066	0.0042557888066017124	Residual after mapped undated pools
HPC	2023-01	2023	mapped_undated	cranes	mapped_undated::cranes	HPC_2024_AR	698.2693248333334	0.01282051282051282	hpc_operator_linear_backloaded	0.03	0.0025350486138366	From class-level ppe rollforward | proportionally rescaled to annual authoritative total
HPC	2023-01	2023	mapped_undated	infrastructure_buildings	mapped_undated::infrastructure_buildings	HPC_2024_AR	256.2321583846154	0.01282051282051282	hpc_operator_linear_backloaded	0.05	0.0042653187775606	From class-level ppe rollforward | proportionally rescaled to annual authoritative total
HPC	2023-01	2023	mapped_undated	other_operational_equipment	mapped_undated::other_operational_equipment	HPC_2024_AR	152.16655724358972	0.01282051282051282	hpc_operator_linear_backloaded	0.125	0.0110659331391372	From class-level ppe rollforward | proportionally rescaled to annual authoritative total
HPC	2023-01	2023	mapped_undated	spare_parts	mapped_undated::spare_parts	HPC_2024_AR	33.68618185897436	0.01282051282051282	hpc_operator_linear_backloaded	0.122090909090909	0.0107923593727995	From class-level ppe rollforward | proportionally rescaled to annual authoritative total
HPC	2023-02	2023	background	mixed	background::mixed	HPC_BG_RESIDUAL	0.0	0.02564102564102564	hpc_operator_linear_backloaded	0.04989088721123066	0.0042557888066017124	Residual after mapped undated pools
HPC	2023-02	2023	mapped_undated	cranes	mapped_undated::cranes	HPC_2024_AR	1396.5386496666667	0.02564102564102564	hpc_operator_linear_backloaded	0.03	0.0025350486138366	From class-level ppe rollforward | proportionally rescaled to annual authoritative total
HPC	2023-02	2023	mapped_undated	infrastructure_buildings	mapped_undated::infrastructure_buildings	HPC_2024_AR	512.4643167692308	0.02564102564102564	hpc_operator_linear_backloaded	0.05	0.0042653187775606	From class-level ppe rollforward | proportionally rescaled to annual authoritative total
HPC	2023-02	2023	mapped_undated	other_operational_equipment	mapped_undated::other_operational_equipment	HPC_2024_AR	304.33311448717944	0.02564102564102564	hpc_operator_linear_backloaded	0.125	0.0110659331391372	From class-level ppe rollforward | proportionally rescaled to annual authoritative total
HPC	2023-02	2023	mapped_undated	spare_parts	mapped_undated::spare_parts	HPC_2024_AR	67.37236371794872	0.02564102564102564	hpc_operator_linear_backloaded	0.122090909090909	0.0107923593727995	From class-level ppe rollforward | proportionally rescaled to annual authoritative total
HPC	2023-03	2023	background	mixed	background::mixed	HPC_BG_RESIDUAL	0.0	0.038461538461538464	hpc_operator_linear_backloaded	0.04989088721123066	0.0042557888066017124	Residual after mapped undated pools
HPC	2023-03	2023	mapped_undated	cranes	mapped_undated::cranes	HPC_2024_AR	2094.8079745	0.038461538461538464	hpc_operator_linear_backloaded	0.03	0.0025350486138366	From class-level ppe rollforward | proportionally rescaled to annual authoritative total
HPC	2023-03	2023	mapped_undated	infrastructure_buildings	mapped_undated::infrastructure_buildings	HPC_2024_AR	768.6964751538462	0.038461538461538464	hpc_operator_linear_backloaded	0.05	0.0042653187775606	From class-level ppe rollforward | proportionally rescaled to annual authoritative total
HPC	2023-03	2023	mapped_undated	other_operational_equipment	mapped_undated::other_operational_equipment	HPC_2024_AR	456.49967173076925	0.038461538461538464	hpc_operator_linear_backloaded	0.125	0.0110659331391372	From class-level ppe rollforward | proportionally rescaled to annual authoritative total
HPC	2023-03	2023	mapped_undated	spare_parts	mapped_undated::spare_parts	HPC_2024_AR	101.05854557692308	0.038461538461538464	hpc_operator_linear_backloaded	0.122090909090909	0.0107923593727995	From class-level ppe rollforward | proportionally rescaled to annual authoritative total
HPC	2023-04	2023	background	mixed	background::mixed	HPC_BG_RESIDUAL	0.0	0.05128205128205128	hpc_operator_linear_backloaded	0.04989088721123066	0.0042557888066017124	Residual after mapped undated pools
HPC	2023-04	2023	mapped_undated	cranes	mapped_undated::cranes	HPC_2024_AR	2793.0772993333335	0.05128205128205128	hpc_operator_linear_backloaded	0.03	0.0025350486138366	From class-level ppe rollforward | proportionally rescaled to annual authoritative total
HPC	2023-04	2023	mapped_undated	infrastructure_buildings	mapped_undated::infrastructure_buildings	HPC_2024_AR	1024.9286335384616	0.05128205128205128	hpc_operator_linear_backloaded	0.05	0.0042653187775606	From class-level ppe rollforward | proportionally rescaled to annual authoritative total
HPC	2023-04	2023	mapped_undated	other_operational_equipment	mapped_undated::other_operational_equipment	HPC_2024_AR	608.6662289743589	0.05128205128205128	hpc_operator_linear_backloaded	0.125	0.0110659331391372	From class-level ppe rollforward | proportionally rescaled to annual authoritative total
HPC	2023-04	2023	mapped_undated	spare_parts	mapped_undated::spare_parts	HPC_2024_AR	134.74472743589743	0.05128205128205128	hpc_operator_linear_backloaded	0.122090909090909	0.0107923593727995	From class-level ppe rollforward | proportionally rescaled to annual authoritative total
HPC	2023-05	2023	background	mixed	background::mixed	HPC_BG_RESIDUAL	0.0	0.0641025641025641	hpc_operator_linear_backloaded	0.04989088721123066	0.0042557888066017124	Residual after mapped undated pools
HPC	2023-05	2023	mapped_undated	cranes	mapped_undated::cranes	HPC_2024_AR	3491.3466241666665	0.0641025641025641	hpc_operator_linear_backloaded	0.03	0.0025350486138366	From class-level ppe rollforward | proportionally rescaled to annual authoritative total
HPC	2023-05	2023	mapped_undated	infrastructure_buildings	mapped_undated::infrastructure_buildings	HPC_2024_AR	1281.1607919230769	0.0641025641025641	hpc_operator_linear_backloaded	0.05	0.0042653187775606	From class-level ppe rollforward | proportionally rescaled to annual authoritative total
HPC	2023-05	2023	mapped_undated	other_operational_equipment	mapped_undated::other_operational_equipment	HPC_2024_AR	760.8327862179486	0.0641025641025641	hpc_operator_linear_backloaded	0.125	0.0110659331391372	From class-level ppe rollforward | proportionally rescaled to annual authoritative total
HPC	2023-05	2023	mapped_undated	spare_parts	mapped_undated::spare_parts	HPC_2024_AR	168.43090929487175	0.0641025641025641	hpc_operator_linear_backloaded	0.122090909090909	0.0107923593727995	From class-level ppe rollforward | proportionally rescaled to annual authoritative total
HPC	2023-06	2023	background	mixed	background::mixed	HPC_BG_RESIDUAL	0.0	0.07692307692307693	hpc_operator_linear_backloaded	0.04989088721123066	0.0042557888066017124	Residual after mapped undated pools
HPC	2023-06	2023	mapped_undated	cranes	mapped_undated::cranes	HPC_2024_AR	4189.615949	0.07692307692307693	hpc_operator_linear_backloaded	0.03	0.0025350486138366	From class-level ppe rollforward | proportionally rescaled to annual authoritative total
HPC	2023-06	2023	mapped_undated	infrastructure_buildings	mapped_undated::infrastructure_buildings	HPC_2024_AR	1537.3929503076924	0.07692307692307693	hpc_operator_linear_backloaded	0.05	0.0042653187775606	From class-level ppe rollforward | proportionally rescaled to annual authoritative total
HPC	2023-06	2023	mapped_undated	other_operational_equipment	mapped_undated::other_operational_equipment	HPC_2024_AR	912.9993434615385	0.07692307692307693	hpc_operator_linear_backloaded	0.125	0.0110659331391372	From class-level ppe rollforward | proportionally rescaled to annual authoritative total
HPC	2023-06	2023	mapped_undated	spare_parts	mapped_undated::spare_parts	HPC_2024_AR	202.11709115384616	0.07692307692307693	hpc_operator_linear_backloaded	0.122090909090909	0.0107923593727995	From class-level ppe rollforward | proportionally rescaled to annual authoritative total
HPC	2023-07	2023	background	mixed	background::mixed	HPC_BG_RESIDUAL	0.0	0.08974358974358974	hpc_operator_linear_backloaded	0.04989088721123066	0.0042557888066017124	Residual after mapped undated pools
HPC	2023-07	2023	mapped_undated	cranes	mapped_undated::cranes	HPC_2024_AR	4887.8852738333335	0.08974358974358974	hpc_operator_linear_backloaded	0.03	0.0025350486138366	From class-level ppe rollforward | proportionally rescaled to annual authoritative total
HPC	2023-07	2023	mapped_undated	infrastructure_buildings	mapped_undated::infrastructure_buildings	HPC_2024_AR	1793.6251086923078	0.08974358974358974	hpc_operator_linear_backloaded	0.05	0.0042653187775606	From class-level ppe rollforward | proportionally rescaled to annual authoritative total
HPC	2023-07	2023	mapped_undated	other_operational_equipment	mapped_undated::other_operational_equipment	HPC_2024_AR	1065.165900705128	0.08974358974358974	hpc_operator_linear_backloaded	0.125	0.0110659331391372	From class-level ppe rollforward | proportionally rescaled to annual authoritative total
HPC	2023-07	2023	mapped_undated	spare_parts	mapped_undated::spare_parts	HPC_2024_AR	235.80327301282048	0.08974358974358974	hpc_operator_linear_backloaded	0.122090909090909	0.0107923593727995	From class-level ppe rollforward | proportionally rescaled to annual authoritative total
HPC	2023-08	2023	background	mixed	background::mixed	HPC_BG_RESIDUAL	0.0	0.10256410256410256	hpc_operator_linear_backloaded	0.04989088721123066	0.0042557888066017124	Residual after mapped undated pools
HPC	2023-08	2023	mapped_undated	cranes	mapped_undated::cranes	HPC_2024_AR	5586.154598666667	0.10256410256410256	hpc_operator_linear_backloaded	0.03	0.0025350486138366	From class-level ppe rollforward | proportionally rescaled to annual authoritative total
HPC	2023-08	2023	mapped_undated	infrastructure_buildings	mapped_undated::infrastructure_buildings	HPC_2024_AR	2049.857267076923	0.10256410256410256	hpc_operator_linear_backloaded	0.05	0.0042653187775606	From class-level ppe rollforward | proportionally rescaled to annual authoritative total
HPC	2023-08	2023	mapped_undated	other_operational_equipment	mapped_undated::other_operational_equipment	HPC_2024_AR	1217.3324579487178	0.10256410256410256	hpc_operator_linear_backloaded	0.125	0.0110659331391372	From class-level ppe rollforward | proportionally rescaled to annual authoritative total
HPC	2023-08	2023	mapped_undated	spare_parts	mapped_undated::spare_parts	HPC_2024_AR	269.48945487179486	0.10256410256410256	hpc_operator_linear_backloaded	0.122090909090909	0.0107923593727995	From class-level ppe rollforward | proportionally rescaled to annual authoritative total
HPC	2023-09	2023	background	mixed	background::mixed	HPC_BG_RESIDUAL	0.0	0.11538461538461539	hpc_operator_linear_backloaded	0.04989088721123066	0.0042557888066017124	Residual after mapped undated pools
HPC	2023-09	2023	mapped_undated	cranes	mapped_undated::cranes	HPC_2024_AR	6284.4239235000005	0.11538461538461539	hpc_operator_linear_backloaded	0.03	0.0025350486138366	From class-level ppe rollforward | proportionally rescaled to annual authoritative total
HPC	2023-09	2023	mapped_undated	infrastructure_buildings	mapped_undated::infrastructure_buildings	HPC_2024_AR	2306.0894254615387	0.11538461538461539	hpc_operator_linear_backloaded	0.05	0.0042653187775606	From class-level ppe rollforward | proportionally rescaled to annual authoritative total
HPC	2023-09	2023	mapped_undated	other_operational_equipment	mapped_undated::other_operational_equipment	HPC_2024_AR	1369.4990151923078	0.11538461538461539	hpc_operator_linear_backloaded	0.125	0.0110659331391372	From class-level ppe rollforward | proportionally rescaled to annual authoritative total
HPC	2023-09	2023	mapped_undated	spare_parts	mapped_undated::spare_parts	HPC_2024_AR	303.1756367307692	0.11538461538461539	hpc_operator_linear_backloaded	0.122090909090909	0.0107923593727995	From class-level ppe rollforward | proportionally rescaled to annual authoritative total
HPC	2023-10	2023	background	mixed	background::mixed	HPC_BG_RESIDUAL	0.0	0.1282051282051282	hpc_operator_linear_backloaded	0.04989088721123066	0.0042557888066017124	Residual after mapped undated pools
HPC	2023-10	2023	mapped_undated	cranes	mapped_undated::cranes	HPC_2024_AR	6982.693248333333	0.1282051282051282	hpc_operator_linear_backloaded	0.03	0.0025350486138366	From class-level ppe rollforward | proportionally rescaled to annual authoritative total
HPC	2023-10	2023	mapped_undated	infrastructure_buildings	mapped_undated::infrastructure_buildings	HPC_2024_AR	2562.3215838461538	0.1282051282051282	hpc_operator_linear_backloaded	0.05	0.0042653187775606	From class-level ppe rollforward | proportionally rescaled to annual authoritative total
HPC	2023-10	2023	mapped_undated	other_operational_equipment	mapped_undated::other_operational_equipment	HPC_2024_AR	1521.6655724358973	0.1282051282051282	hpc_operator_linear_backloaded	0.125	0.0110659331391372	From class-level ppe rollforward | proportionally rescaled to annual authoritative total
HPC	2023-10	2023	mapped_undated	spare_parts	mapped_undated::spare_parts	HPC_2024_AR	336.8618185897435	0.1282051282051282	hpc_operator_linear_backloaded	0.122090909090909	0.0107923593727995	From class-level ppe rollforward | proportionally rescaled to annual authoritative total
HPC	2023-11	2023	background	mixed	background::mixed	HPC_BG_RESIDUAL	0.0	0.14102564102564102	hpc_operator_linear_backloaded	0.04989088721123066	0.0042557888066017124	Residual after mapped undated pools
HPC	2023-11	2023	mapped_undated	cranes	mapped_undated::cranes	HPC_2024_AR	7680.962573166667	0.14102564102564102	hpc_operator_linear_backloaded	0.03	0.0025350486138366	From class-level ppe rollforward | proportionally rescaled to annual authoritative total
HPC	2023-11	2023	mapped_undated	infrastructure_buildings	mapped_undated::infrastructure_buildings	HPC_2024_AR	2818.5537422307693	0.14102564102564102	hpc_operator_linear_backloaded	0.05	0.0042653187775606	From class-level ppe rollforward | proportionally rescaled to annual authoritative total
HPC	2023-11	2023	mapped_undated	other_operational_equipment	mapped_undated::other_operational_equipment	HPC_2024_AR	1673.832129679487	0.14102564102564102	hpc_operator_linear_backloaded	0.125	0.0110659331391372	From class-level ppe rollforward | proportionally rescaled to annual authoritative total
HPC	2023-11	2023	mapped_undated	spare_parts	mapped_undated::spare_parts	HPC_2024_AR	370.5480004487179	0.14102564102564102	hpc_operator_linear_backloaded	0.122090909090909	0.0107923593727995	From class-level ppe rollforward | proportionally rescaled to annual authoritative total
HPC	2023-12	2023	background	mixed	background::mixed	HPC_BG_RESIDUAL	0.0	0.15384615384615385	hpc_operator_linear_backloaded	0.04989088721123066	0.0042557888066017124	Residual after mapped undated pools
HPC	2023-12	2023	mapped_undated	cranes	mapped_undated::cranes	HPC_2024_AR	8379.231898000007	0.15384615384615385	hpc_operator_linear_backloaded	0.03	0.0025350486138366	From class-level ppe rollforward | proportionally rescaled to annual authoritative total
HPC	2023-12	2023	mapped_undated	infrastructure_buildings	mapped_undated::infrastructure_buildings	HPC_2024_AR	3074.785900615385	0.15384615384615385	hpc_operator_linear_backloaded	0.05	0.0042653187775606	From class-level ppe rollforward | proportionally rescaled to annual authoritative total
HPC	2023-12	2023	mapped_undated	other_operational_equipment	mapped_undated::other_operational_equipment	HPC_2024_AR	1825.998686923077	0.15384615384615385	hpc_operator_linear_backloaded	0.125	0.0110659331391372	From class-level ppe rollforward | proportionally rescaled to annual authoritative total
HPC	2023-12	2023	mapped_undated	spare_parts	mapped_undated::spare_parts	HPC_2024_AR	404.2341823076923	0.15384615384615385	hpc_operator_linear_backloaded	0.122090909090909	0.0107923593727995	From class-level ppe rollforward | proportionally rescaled to annual authoritative total
HPC	2024-01	2024	background	mixed	background::mixed	HPC_BG_RESIDUAL	43.47435897435897	0.01282051282051282	hpc_operator_linear_backloaded	0.07243710436350158	0.006246631068297037	Residual after mapped undated pools
HPC	2024-01	2024	mapped_undated	cranes	mapped_undated::cranes	HPC_2024_AR	186.31276487179485	0.01282051282051282	hpc_operator_linear_backloaded	0.03	0.0025350486138366	From class-level ppe rollforward | proportionally rescaled to annual authoritative total
HPC	2024-01	2024	mapped_undated	infrastructure_buildings	mapped_undated::infrastructure_buildings	HPC_2024_AR	248.63341096153846	0.01282051282051282	hpc_operator_linear_backloaded	0.05	0.0042653187775606	From class-level ppe rollforward | proportionally rescaled to annual authoritative total
HPC	2024-01	2024	mapped_undated	other_operational_equipment	mapped_undated::other_operational_equipment	HPC_2024_AR	213.21739565384613	0.01282051282051282	hpc_operator_linear_backloaded	0.125	0.0110659331391372	From class-level ppe rollforward | proportionally rescaled to annual authoritative total
HPC	2024-01	2024	mapped_undated	spare_parts	mapped_undated::spare_parts	HPC_2024_AR	45.87492003846154	0.01282051282051282	hpc_operator_linear_backloaded	0.122090909090909	0.0107923593727995	From class-level ppe rollforward | proportionally rescaled to annual authoritative total
HPC	2024-02	2024	background	mixed	background::mixed	HPC_BG_RESIDUAL	86.94871794871794	0.02564102564102564	hpc_operator_linear_backloaded	0.07243710436350158	0.006246631068297037	Residual after mapped undated pools
HPC	2024-02	2024	mapped_undated	cranes	mapped_undated::cranes	HPC_2024_AR	372.6255297435897	0.02564102564102564	hpc_operator_linear_backloaded	0.03	0.0025350486138366	From class-level ppe rollforward | proportionally rescaled to annual authoritative total
HPC	2024-02	2024	mapped_undated	infrastructure_buildings	mapped_undated::infrastructure_buildings	HPC_2024_AR	497.2668219230769	0.02564102564102564	hpc_operator_linear_backloaded	0.05	0.0042653187775606	From class-level ppe rollforward | proportionally rescaled to annual authoritative total
HPC	2024-02	2024	mapped_undated	other_operational_equipment	mapped_undated::other_operational_equipment	HPC_2024_AR	426.43479130769225	0.02564102564102564	hpc_operator_linear_backloaded	0.125	0.0110659331391372	From class-level ppe rollforward | proportionally rescaled to annual authoritative total
HPC	2024-02	2024	mapped_undated	spare_parts	mapped_undated::spare_parts	HPC_2024_AR	91.74984007692308	0.02564102564102564	hpc_operator_linear_backloaded	0.122090909090909	0.0107923593727995	From class-level ppe rollforward | proportionally rescaled to annual authoritative total
HPC	2024-03	2024	background	mixed	background::mixed	HPC_BG_RESIDUAL	130.42307692307693	0.038461538461538464	hpc_operator_linear_backloaded	0.07243710436350158	0.006246631068297037	Residual after mapped undated pools
HPC	2024-03	2024	mapped_undated	cranes	mapped_undated::cranes	HPC_2024_AR	558.9382946153846	0.038461538461538464	hpc_operator_linear_backloaded	0.03	0.0025350486138366	From class-level ppe rollforward | proportionally rescaled to annual authoritative total
HPC	2024-03	2024	mapped_undated	infrastructure_buildings	mapped_undated::infrastructure_buildings	HPC_2024_AR	745.9002328846154	0.038461538461538464	hpc_operator_linear_backloaded	0.05	0.0042653187775606	From class-level ppe rollforward | proportionally rescaled to annual authoritative total
HPC	2024-03	2024	mapped_undated	other_operational_equipment	mapped_undated::other_operational_equipment	HPC_2024_AR	639.6521869615384	0.038461538461538464	hpc_operator_linear_backloaded	0.125	0.0110659331391372	From class-level ppe rollforward | proportionally rescaled to annual authoritative total
HPC	2024-03	2024	mapped_undated	spare_parts	mapped_undated::spare_parts	HPC_2024_AR	137.62476011538462	0.038461538461538464	hpc_operator_linear_backloaded	0.122090909090909	0.0107923593727995	From class-level ppe rollforward | proportionally rescaled to annual authoritative total
HPC	2024-04	2024	background	mixed	background::mixed	HPC_BG_RESIDUAL	173.89743589743588	0.05128205128205128	hpc_operator_linear_backloaded	0.07243710436350158	0.006246631068297037	Residual after mapped undated pools
HPC	2024-04	2024	mapped_undated	cranes	mapped_undated::cranes	HPC_2024_AR	745.2510594871794	0.05128205128205128	hpc_operator_linear_backloaded	0.03	0.0025350486138366	From class-level ppe rollforward | proportionally rescaled to annual authoritative total
HPC	2024-04	2024	mapped_undated	infrastructure_buildings	mapped_undated::infrastructure_buildings	HPC_2024_AR	994.5336438461538	0.05128205128205128	hpc_operator_linear_backloaded	0.05	0.0042653187775606	From class-level ppe rollforward | proportionally rescaled to annual authoritative total
HPC	2024-04	2024	mapped_undated	other_operational_equipment	mapped_undated::other_operational_equipment	HPC_2024_AR	852.8695826153845	0.05128205128205128	hpc_operator_linear_backloaded	0.125	0.0110659331391372	From class-level ppe rollforward | proportionally rescaled to annual authoritative total
HPC	2024-04	2024	mapped_undated	spare_parts	mapped_undated::spare_parts	HPC_2024_AR	183.49968015384616	0.05128205128205128	hpc_operator_linear_backloaded	0.122090909090909	0.0107923593727995	From class-level ppe rollforward | proportionally rescaled to annual authoritative total
HPC	2024-05	2024	background	mixed	background::mixed	HPC_BG_RESIDUAL	217.37179487179486	0.0641025641025641	hpc_operator_linear_backloaded	0.07243710436350158	0.006246631068297037	Residual after mapped undated pools
HPC	2024-05	2024	mapped_undated	cranes	mapped_undated::cranes	HPC_2024_AR	931.5638243589743	0.0641025641025641	hpc_operator_linear_backloaded	0.03	0.0025350486138366	From class-level ppe rollforward | proportionally rescaled to annual authoritative total
HPC	2024-05	2024	mapped_undated	infrastructure_buildings	mapped_undated::infrastructure_buildings	HPC_2024_AR	1243.1670548076922	0.0641025641025641	hpc_operator_linear_backloaded	0.05	0.0042653187775606	From class-level ppe rollforward | proportionally rescaled to annual authoritative total
HPC	2024-05	2024	mapped_undated	other_operational_equipment	mapped_undated::other_operational_equipment	HPC_2024_AR	1066.0869782692305	0.0641025641025641	hpc_operator_linear_backloaded	0.125	0.0110659331391372	From class-level ppe rollforward | proportionally rescaled to annual authoritative total
HPC	2024-05	2024	mapped_undated	spare_parts	mapped_undated::spare_parts	HPC_2024_AR	229.37460019230767	0.0641025641025641	hpc_operator_linear_backloaded	0.122090909090909	0.0107923593727995	From class-level ppe rollforward | proportionally rescaled to annual authoritative total
HPC	2024-06	2024	background	mixed	background::mixed	HPC_BG_RESIDUAL	260.84615384615387	0.07692307692307693	hpc_operator_linear_backloaded	0.07243710436350158	0.006246631068297037	Residual after mapped undated pools
HPC	2024-06	2024	mapped_undated	cranes	mapped_undated::cranes	HPC_2024_AR	1117.8765892307692	0.07692307692307693	hpc_operator_linear_backloaded	0.03	0.0025350486138366	From class-level ppe rollforward | proportionally rescaled to annual authoritative total
HPC	2024-06	2024	mapped_undated	infrastructure_buildings	mapped_undated::infrastructure_buildings	HPC_2024_AR	1491.8004657692309	0.07692307692307693	hpc_operator_linear_backloaded	0.05	0.0042653187775606	From class-level ppe rollforward | proportionally rescaled to annual authoritative total
HPC	2024-06	2024	mapped_undated	other_operational_equipment	mapped_undated::other_operational_equipment	HPC_2024_AR	1279.3043739230768	0.07692307692307693	hpc_operator_linear_backloaded	0.125	0.0110659331391372	From class-level ppe rollforward | proportionally rescaled to annual authoritative total
HPC	2024-06	2024	mapped_undated	spare_parts	mapped_undated::spare_parts	HPC_2024_AR	275.24952023076924	0.07692307692307693	hpc_operator_linear_backloaded	0.122090909090909	0.0107923593727995	From class-level ppe rollforward | proportionally rescaled to annual authoritative total
HPC	2024-07	2024	background	mixed	background::mixed	HPC_BG_RESIDUAL	304.3205128205128	0.08974358974358974	hpc_operator_linear_backloaded	0.07243710436350158	0.006246631068297037	Residual after mapped undated pools
HPC	2024-07	2024	mapped_undated	cranes	mapped_undated::cranes	HPC_2024_AR	1304.189354102564	0.08974358974358974	hpc_operator_linear_backloaded	0.03	0.0025350486138366	From class-level ppe rollforward | proportionally rescaled to annual authoritative total
HPC	2024-07	2024	mapped_undated	infrastructure_buildings	mapped_undated::infrastructure_buildings	HPC_2024_AR	1740.4338767307693	0.08974358974358974	hpc_operator_linear_backloaded	0.05	0.0042653187775606	From class-level ppe rollforward | proportionally rescaled to annual authoritative total
HPC	2024-07	2024	mapped_undated	other_operational_equipment	mapped_undated::other_operational_equipment	HPC_2024_AR	1492.521769576923	0.08974358974358974	hpc_operator_linear_backloaded	0.125	0.0110659331391372	From class-level ppe rollforward | proportionally rescaled to annual authoritative total
HPC	2024-07	2024	mapped_undated	spare_parts	mapped_undated::spare_parts	HPC_2024_AR	321.1244402692308	0.08974358974358974	hpc_operator_linear_backloaded	0.122090909090909	0.0107923593727995	From class-level ppe rollforward | proportionally rescaled to annual authoritative total
HPC	2024-08	2024	background	mixed	background::mixed	HPC_BG_RESIDUAL	347.79487179487177	0.10256410256410256	hpc_operator_linear_backloaded	0.07243710436350158	0.006246631068297037	Residual after mapped undated pools
HPC	2024-08	2024	mapped_undated	cranes	mapped_undated::cranes	HPC_2024_AR	1490.5021189743588	0.10256410256410256	hpc_operator_linear_backloaded	0.03	0.0025350486138366	From class-level ppe rollforward | proportionally rescaled to annual authoritative total
HPC	2024-08	2024	mapped_undated	infrastructure_buildings	mapped_undated::infrastructure_buildings	HPC_2024_AR	1989.0672876923077	0.10256410256410256	hpc_operator_linear_backloaded	0.05	0.0042653187775606	From class-level ppe rollforward | proportionally rescaled to annual authoritative total
HPC	2024-08	2024	mapped_undated	other_operational_equipment	mapped_undated::other_operational_equipment	HPC_2024_AR	1705.739165230769	0.10256410256410256	hpc_operator_linear_backloaded	0.125	0.0110659331391372	From class-level ppe rollforward | proportionally rescaled to annual authoritative total
HPC	2024-08	2024	mapped_undated	spare_parts	mapped_undated::spare_parts	HPC_2024_AR	366.9993603076923	0.10256410256410256	hpc_operator_linear_backloaded	0.122090909090909	0.0107923593727995	From class-level ppe rollforward | proportionally rescaled to annual authoritative total
HPC	2024-09	2024	background	mixed	background::mixed	HPC_BG_RESIDUAL	391.2692307692308	0.11538461538461539	hpc_operator_linear_backloaded	0.07243710436350158	0.006246631068297037	Residual after mapped undated pools
HPC	2024-09	2024	mapped_undated	cranes	mapped_undated::cranes	HPC_2024_AR	1676.8148838461539	0.11538461538461539	hpc_operator_linear_backloaded	0.03	0.0025350486138366	From class-level ppe rollforward | proportionally rescaled to annual authoritative total
HPC	2024-09	2024	mapped_undated	infrastructure_buildings	mapped_undated::infrastructure_buildings	HPC_2024_AR	2237.7006986538463	0.11538461538461539	hpc_operator_linear_backloaded	0.05	0.0042653187775606	From class-level ppe rollforward | proportionally rescaled to annual authoritative total
HPC	2024-09	2024	mapped_undated	other_operational_equipment	mapped_undated::other_operational_equipment	HPC_2024_AR	1918.9565608846153	0.11538461538461539	hpc_operator_linear_backloaded	0.125	0.0110659331391372	From class-level ppe rollforward | proportionally rescaled to annual authoritative total
HPC	2024-09	2024	mapped_undated	spare_parts	mapped_undated::spare_parts	HPC_2024_AR	412.87428034615385	0.11538461538461539	hpc_operator_linear_backloaded	0.122090909090909	0.0107923593727995	From class-level ppe rollforward | proportionally rescaled to annual authoritative total
HPC	2024-10	2024	background	mixed	background::mixed	HPC_BG_RESIDUAL	434.7435897435897	0.1282051282051282	hpc_operator_linear_backloaded	0.07243710436350158	0.006246631068297037	Residual after mapped undated pools
HPC	2024-10	2024	mapped_undated	cranes	mapped_undated::cranes	HPC_2024_AR	1863.1276487179487	0.1282051282051282	hpc_operator_linear_backloaded	0.03	0.0025350486138366	From class-level ppe rollforward | proportionally rescaled to annual authoritative total
HPC	2024-10	2024	mapped_undated	infrastructure_buildings	mapped_undated::infrastructure_buildings	HPC_2024_AR	2486.3341096153845	0.1282051282051282	hpc_operator_linear_backloaded	0.05	0.0042653187775606	From class-level ppe rollforward | proportionally rescaled to annual authoritative total
HPC	2024-10	2024	mapped_undated	other_operational_equipment	mapped_undated::other_operational_equipment	HPC_2024_AR	2132.173956538461	0.1282051282051282	hpc_operator_linear_backloaded	0.125	0.0110659331391372	From class-level ppe rollforward | proportionally rescaled to annual authoritative total
HPC	2024-10	2024	mapped_undated	spare_parts	mapped_undated::spare_parts	HPC_2024_AR	458.74920038461534	0.1282051282051282	hpc_operator_linear_backloaded	0.122090909090909	0.0107923593727995	From class-level ppe rollforward | proportionally rescaled to annual authoritative total
HPC	2024-11	2024	background	mixed	background::mixed	HPC_BG_RESIDUAL	478.21794871794873	0.14102564102564102	hpc_operator_linear_backloaded	0.07243710436350158	0.006246631068297037	Residual after mapped undated pools
HPC	2024-11	2024	mapped_undated	cranes	mapped_undated::cranes	HPC_2024_AR	2049.4404135897435	0.14102564102564102	hpc_operator_linear_backloaded	0.03	0.0025350486138366	From class-level ppe rollforward | proportionally rescaled to annual authoritative total
HPC	2024-11	2024	mapped_undated	infrastructure_buildings	mapped_undated::infrastructure_buildings	HPC_2024_AR	2734.967520576923	0.14102564102564102	hpc_operator_linear_backloaded	0.05	0.0042653187775606	From class-level ppe rollforward | proportionally rescaled to annual authoritative total
HPC	2024-11	2024	mapped_undated	other_operational_equipment	mapped_undated::other_operational_equipment	HPC_2024_AR	2345.3913521923073	0.14102564102564102	hpc_operator_linear_backloaded	0.125	0.0110659331391372	From class-level ppe rollforward | proportionally rescaled to annual authoritative total
HPC	2024-11	2024	mapped_undated	spare_parts	mapped_undated::spare_parts	HPC_2024_AR	504.62412042307693	0.14102564102564102	hpc_operator_linear_backloaded	0.122090909090909	0.0107923593727995	From class-level ppe rollforward | proportionally rescaled to annual authoritative total
HPC	2024-12	2024	background	mixed	background::mixed	HPC_BG_RESIDUAL	521.6923076923082	0.15384615384615385	hpc_operator_linear_backloaded	0.07243710436350158	0.006246631068297037	Residual after mapped undated pools
HPC	2024-12	2024	mapped_undated	cranes	mapped_undated::cranes	HPC_2024_AR	2235.7531784615385	0.15384615384615385	hpc_operator_linear_backloaded	0.03	0.0025350486138366	From class-level ppe rollforward | proportionally rescaled to annual authoritative total
HPC	2024-12	2024	mapped_undated	infrastructure_buildings	mapped_undated::infrastructure_buildings	HPC_2024_AR	2983.600931538458	0.15384615384615385	hpc_operator_linear_backloaded	0.05	0.0042653187775606	From class-level ppe rollforward | proportionally rescaled to annual authoritative total
HPC	2024-12	2024	mapped_undated	other_operational_equipment	mapped_undated::other_operational_equipment	HPC_2024_AR	2558.6087478461536	0.15384615384615385	hpc_operator_linear_backloaded	0.125	0.0110659331391372	From class-level ppe rollforward | proportionally rescaled to annual authoritative total
HPC	2024-12	2024	mapped_undated	spare_parts	mapped_undated::spare_parts	HPC_2024_AR	550.4990404615389	0.15384615384615385	hpc_operator_linear_backloaded	0.122090909090909	0.0107923593727995	From class-level ppe rollforward | proportionally rescaled to annual authoritative total
IPC	2018-01	2018	background	mixed	background::mixed	IPC_BG_RESIDUAL	19453.461538461506	0.0128205128205128	exact	0.0273972602739726	0.002312286213654202	Residual after class-observed pools
IPC	2018-01	2018	mapped_undated	land	mapped_undated::land	IPC_RAW_TABLE1	1730.769230769228	0.0128205128205128	exact	0.0273972602739726	0.0023122862136542	From class additions + capitalized interest
IPC	2018-02	2018	background	mixed	background::mixed	IPC_BG_RESIDUAL	38906.92307692301	0.0256410256410256	exact	0.0273972602739726	0.002312286213654202	Residual after class-observed pools
IPC	2018-02	2018	mapped_undated	land	mapped_undated::land	IPC_RAW_TABLE1	3461.538461538456	0.0256410256410256	exact	0.0273972602739726	0.0023122862136542	From class additions + capitalized interest
IPC	2018-03	2018	background	mixed	background::mixed	IPC_BG_RESIDUAL	58360.38461538452	0.0384615384615384	exact	0.0273972602739726	0.002312286213654202	Residual after class-observed pools
IPC	2018-03	2018	mapped_undated	land	mapped_undated::land	IPC_RAW_TABLE1	5192.307692307684	0.0384615384615384	exact	0.0273972602739726	0.0023122862136542	From class additions + capitalized interest
IPC	2018-04	2018	background	mixed	background::mixed	IPC_BG_RESIDUAL	77813.84615384603	0.0512820512820512	exact	0.0273972602739726	0.002312286213654202	Residual after class-observed pools
IPC	2018-04	2018	mapped_undated	land	mapped_undated::land	IPC_RAW_TABLE1	6923.076923076912	0.0512820512820512	exact	0.0273972602739726	0.0023122862136542	From class additions + capitalized interest
IPC	2018-05	2018	background	mixed	background::mixed	IPC_BG_RESIDUAL	97267.30769230769	0.0641025641025641	exact	0.0273972602739726	0.002312286213654202	Residual after class-observed pools
IPC	2018-05	2018	mapped_undated	land	mapped_undated::land	IPC_RAW_TABLE1	8653.846153846152	0.0641025641025641	exact	0.0273972602739726	0.0023122862136542	From class additions + capitalized interest
IPC	2018-06	2018	background	mixed	background::mixed	IPC_BG_RESIDUAL	116720.76923076919	0.0769230769230769	exact	0.0273972602739726	0.002312286213654202	Residual after class-observed pools
IPC	2018-06	2018	mapped_undated	land	mapped_undated::land	IPC_RAW_TABLE1	10384.615384615381	0.0769230769230769	exact	0.0273972602739726	0.0023122862136542	From class additions + capitalized interest
IPC	2018-07	2018	background	mixed	background::mixed	IPC_BG_RESIDUAL	136174.2307692307	0.0897435897435897	exact	0.0273972602739726	0.002312286213654202	Residual after class-observed pools
IPC	2018-07	2018	mapped_undated	land	mapped_undated::land	IPC_RAW_TABLE1	12115.38461538461	0.0897435897435897	exact	0.0273972602739726	0.0023122862136542	From class additions + capitalized interest
IPC	2018-08	2018	background	mixed	background::mixed	IPC_BG_RESIDUAL	155627.69230769222	0.1025641025641025	exact	0.0273972602739726	0.002312286213654202	Residual after class-observed pools
IPC	2018-08	2018	mapped_undated	land	mapped_undated::land	IPC_RAW_TABLE1	13846.153846153838	0.1025641025641025	exact	0.0273972602739726	0.0023122862136542	From class additions + capitalized interest
IPC	2018-09	2018	background	mixed	background::mixed	IPC_BG_RESIDUAL	175081.1538461537	0.1153846153846153	exact	0.0273972602739726	0.002312286213654202	Residual after class-observed pools
IPC	2018-09	2018	mapped_undated	land	mapped_undated::land	IPC_RAW_TABLE1	15576.923076923065	0.1153846153846153	exact	0.0273972602739726	0.0023122862136542	From class additions + capitalized interest
IPC	2018-10	2018	background	mixed	background::mixed	IPC_BG_RESIDUAL	194534.61538461538	0.1282051282051282	exact	0.0273972602739726	0.002312286213654202	Residual after class-observed pools
IPC	2018-10	2018	mapped_undated	land	mapped_undated::land	IPC_RAW_TABLE1	17307.692307692305	0.1282051282051282	exact	0.0273972602739726	0.0023122862136542	From class additions + capitalized interest
IPC	2018-11	2018	background	mixed	background::mixed	IPC_BG_RESIDUAL	213988.07692307688	0.141025641025641	exact	0.0273972602739726	0.002312286213654202	Residual after class-observed pools
IPC	2018-11	2018	mapped_undated	land	mapped_undated::land	IPC_RAW_TABLE1	19038.461538461535	0.141025641025641	exact	0.0273972602739726	0.0023122862136542	From class additions + capitalized interest
IPC	2018-12	2018	background	mixed	background::mixed	IPC_BG_RESIDUAL	233441.53846153885	0.1538461538461538	exact	0.0273972602739726	0.002312286213654202	Residual after class-observed pools
IPC	2018-12	2018	mapped_undated	land	mapped_undated::land	IPC_RAW_TABLE1	20769.23076923085	0.1538461538461538	exact	0.0273972602739726	0.0023122862136542	From class additions + capitalized interest
IPC	2019-01	2019	background	mixed	background::mixed	IPC_BG_RESIDUAL	13536.03846153844	0.0128205128205128	exact	0.061074275050403456	0.00523780984113309	Residual after class-observed pools
IPC	2019-01	2019	mapped_undated	buildings_landside	mapped_undated::buildings_landside	IPC_RAW_TABLE1	11.435897435897417	0.0128205128205128	exact	0.0571428571428571	0.0048913730833552	From class additions + capitalized interest
IPC	2019-01	2019	mapped_undated	vessels_equipment_it	mapped_undated::vessels_equipment_it	IPC_RAW_TABLE1	7.089743589743578	0.0128205128205128	exact	0.0674157303370786	0.0057994314894973	From class additions + capitalized interest
IPC	2019-02	2019	background	mixed	background::mixed	IPC_BG_RESIDUAL	27072.07692307688	0.0256410256410256	exact	0.061074275050403456	0.00523780984113309	Residual after class-observed pools
IPC	2019-02	2019	mapped_undated	buildings_landside	mapped_undated::buildings_landside	IPC_RAW_TABLE1	22.871794871794833	0.0256410256410256	exact	0.0571428571428571	0.0048913730833552	From class additions + capitalized interest
IPC	2019-02	2019	mapped_undated	vessels_equipment_it	mapped_undated::vessels_equipment_it	IPC_RAW_TABLE1	14.179487179487156	0.0256410256410256	exact	0.0674157303370786	0.0057994314894973	From class additions + capitalized interest
IPC	2019-03	2019	background	mixed	background::mixed	IPC_BG_RESIDUAL	40608.11538461532	0.0384615384615384	exact	0.061074275050403456	0.00523780984113309	Residual after class-observed pools
IPC	2019-03	2019	mapped_undated	buildings_landside	mapped_undated::buildings_landside	IPC_RAW_TABLE1	34.30769230769226	0.0384615384615384	exact	0.0571428571428571	0.0048913730833552	From class additions + capitalized interest
IPC	2019-03	2019	mapped_undated	vessels_equipment_it	mapped_undated::vessels_equipment_it	IPC_RAW_TABLE1	21.269230769230735	0.0384615384615384	exact	0.0674157303370786	0.0057994314894973	From class additions + capitalized interest
IPC	2019-04	2019	background	mixed	background::mixed	IPC_BG_RESIDUAL	54144.15384615376	0.0512820512820512	exact	0.061074275050403456	0.00523780984113309	Residual after class-observed pools
IPC	2019-04	2019	mapped_undated	buildings_landside	mapped_undated::buildings_landside	IPC_RAW_TABLE1	45.743589743589666	0.0512820512820512	exact	0.0571428571428571	0.0048913730833552	From class additions + capitalized interest
IPC	2019-04	2019	mapped_undated	vessels_equipment_it	mapped_undated::vessels_equipment_it	IPC_RAW_TABLE1	28.35897435897431	0.0512820512820512	exact	0.0674157303370786	0.0057994314894973	From class additions + capitalized interest
IPC	2019-05	2019	background	mixed	background::mixed	IPC_BG_RESIDUAL	67680.1923076923	0.0641025641025641	exact	0.061074275050403456	0.00523780984113309	Residual after class-observed pools
IPC	2019-05	2019	mapped_undated	buildings_landside	mapped_undated::buildings_landside	IPC_RAW_TABLE1	57.179487179487175	0.0641025641025641	exact	0.0571428571428571	0.0048913730833552	From class additions + capitalized interest
IPC	2019-05	2019	mapped_undated	vessels_equipment_it	mapped_undated::vessels_equipment_it	IPC_RAW_TABLE1	35.44871794871795	0.0641025641025641	exact	0.0674157303370786	0.0057994314894973	From class additions + capitalized interest
IPC	2019-06	2019	background	mixed	background::mixed	IPC_BG_RESIDUAL	81216.23076923075	0.0769230769230769	exact	0.061074275050403456	0.00523780984113309	Residual after class-observed pools
IPC	2019-06	2019	mapped_undated	buildings_landside	mapped_undated::buildings_landside	IPC_RAW_TABLE1	68.6153846153846	0.0769230769230769	exact	0.0571428571428571	0.0048913730833552	From class additions + capitalized interest
IPC	2019-06	2019	mapped_undated	vessels_equipment_it	mapped_undated::vessels_equipment_it	IPC_RAW_TABLE1	42.538461538461526	0.0769230769230769	exact	0.0674157303370786	0.0057994314894973	From class additions + capitalized interest
IPC	2019-07	2019	background	mixed	background::mixed	IPC_BG_RESIDUAL	94752.26923076919	0.0897435897435897	exact	0.061074275050403456	0.00523780984113309	Residual after class-observed pools
IPC	2019-07	2019	mapped_undated	buildings_landside	mapped_undated::buildings_landside	IPC_RAW_TABLE1	80.05128205128202	0.0897435897435897	exact	0.0571428571428571	0.0048913730833552	From class additions + capitalized interest
IPC	2019-07	2019	mapped_undated	vessels_equipment_it	mapped_undated::vessels_equipment_it	IPC_RAW_TABLE1	49.6282051282051	0.0897435897435897	exact	0.0674157303370786	0.0057994314894973	From class additions + capitalized interest
IPC	2019-08	2019	background	mixed	background::mixed	IPC_BG_RESIDUAL	108288.30769230763	0.1025641025641025	exact	0.061074275050403456	0.00523780984113309	Residual after class-observed pools
IPC	2019-08	2019	mapped_undated	buildings_landside	mapped_undated::buildings_landside	IPC_RAW_TABLE1	91.48717948717943	0.1025641025641025	exact	0.0571428571428571	0.0048913730833552	From class additions + capitalized interest
IPC	2019-08	2019	mapped_undated	vessels_equipment_it	mapped_undated::vessels_equipment_it	IPC_RAW_TABLE1	56.71794871794869	0.1025641025641025	exact	0.0674157303370786	0.0057994314894973	From class additions + capitalized interest
IPC	2019-09	2019	background	mixed	background::mixed	IPC_BG_RESIDUAL	121824.34615384605	0.1153846153846153	exact	0.061074275050403456	0.00523780984113309	Residual after class-observed pools
IPC	2019-09	2019	mapped_undated	buildings_landside	mapped_undated::buildings_landside	IPC_RAW_TABLE1	102.92307692307685	0.1153846153846153	exact	0.0571428571428571	0.0048913730833552	From class additions + capitalized interest
IPC	2019-09	2019	mapped_undated	vessels_equipment_it	mapped_undated::vessels_equipment_it	IPC_RAW_TABLE1	63.80769230769226	0.1153846153846153	exact	0.0674157303370786	0.0057994314894973	From class additions + capitalized interest
IPC	2019-10	2019	background	mixed	background::mixed	IPC_BG_RESIDUAL	135360.3846153846	0.1282051282051282	exact	0.061074275050403456	0.00523780984113309	Residual after class-observed pools
IPC	2019-10	2019	mapped_undated	buildings_landside	mapped_undated::buildings_landside	IPC_RAW_TABLE1	114.35897435897435	0.1282051282051282	exact	0.0571428571428571	0.0048913730833552	From class additions + capitalized interest
IPC	2019-10	2019	mapped_undated	vessels_equipment_it	mapped_undated::vessels_equipment_it	IPC_RAW_TABLE1	70.8974358974359	0.1282051282051282	exact	0.0674157303370786	0.0057994314894973	From class additions + capitalized interest
IPC	2019-11	2019	background	mixed	background::mixed	IPC_BG_RESIDUAL	148896.42307692303	0.141025641025641	exact	0.061074275050403456	0.00523780984113309	Residual after class-observed pools
IPC	2019-11	2019	mapped_undated	buildings_landside	mapped_undated::buildings_landside	IPC_RAW_TABLE1	125.79487179487177	0.141025641025641	exact	0.0571428571428571	0.0048913730833552	From class additions + capitalized interest
IPC	2019-11	2019	mapped_undated	vessels_equipment_it	mapped_undated::vessels_equipment_it	IPC_RAW_TABLE1	77.98717948717947	0.141025641025641	exact	0.0674157303370786	0.0057994314894973	From class additions + capitalized interest
IPC	2019-12	2019	background	mixed	background::mixed	IPC_BG_RESIDUAL	162432.46153846197	0.1538461538461538	exact	0.061074275050403456	0.00523780984113309	Residual after class-observed pools
IPC	2019-12	2019	mapped_undated	buildings_landside	mapped_undated::buildings_landside	IPC_RAW_TABLE1	137.23076923076954	0.1538461538461538	exact	0.0571428571428571	0.0048913730833552	From class additions + capitalized interest
IPC	2019-12	2019	mapped_undated	vessels_equipment_it	mapped_undated::vessels_equipment_it	IPC_RAW_TABLE1	85.07692307692328	0.1538461538461538	exact	0.0674157303370786	0.0057994314894973	From class additions + capitalized interest
IPC	2020-01	2020	background	mixed	background::mixed	IPC_BG_RESIDUAL	4994.551282051274	0.0128205128205128	exact	0.02763790651815093	0.0023328596213619823	Residual after class-observed pools
IPC	2020-01	2020	mapped_undated	buildings_landside	mapped_undated::buildings_landside	IPC_RAW_TABLE1	0.2435897435897432	0.0128205128205128	exact	0.0571428571428571	0.0048913730833552	From class additions + capitalized interest
IPC	2020-01	2020	mapped_undated	land	mapped_undated::land	IPC_RAW_TABLE1	2189.3076923076887	0.0128205128205128	exact	0.0273972602739726	0.0023122862136542	From class additions + capitalized interest
IPC	2020-01	2020	mapped_undated	vessels_equipment_it	mapped_undated::vessels_equipment_it	IPC_RAW_TABLE1	13.064102564102543	0.0128205128205128	exact	0.0674157303370786	0.0057994314894973	From class additions + capitalized interest
IPC	2020-02	2020	background	mixed	background::mixed	IPC_BG_RESIDUAL	9989.102564102548	0.0256410256410256	exact	0.02763790651815093	0.0023328596213619823	Residual after class-observed pools
IPC	2020-02	2020	mapped_undated	buildings_landside	mapped_undated::buildings_landside	IPC_RAW_TABLE1	0.4871794871794864	0.0256410256410256	exact	0.0571428571428571	0.0048913730833552	From class additions + capitalized interest
IPC	2020-02	2020	mapped_undated	land	mapped_undated::land	IPC_RAW_TABLE1	4378.6153846153775	0.0256410256410256	exact	0.0273972602739726	0.0023122862136542	From class additions + capitalized interest
IPC	2020-02	2020	mapped_undated	vessels_equipment_it	mapped_undated::vessels_equipment_it	IPC_RAW_TABLE1	26.128205128205085	0.0256410256410256	exact	0.0674157303370786	0.0057994314894973	From class additions + capitalized interest
IPC	2020-03	2020	background	mixed	background::mixed	IPC_BG_RESIDUAL	14983.653846153822	0.0384615384615384	exact	0.02763790651815093	0.0023328596213619823	Residual after class-observed pools
IPC	2020-03	2020	mapped_undated	buildings_landside	mapped_undated::buildings_landside	IPC_RAW_TABLE1	0.7307692307692296	0.0384615384615384	exact	0.0571428571428571	0.0048913730833552	From class additions + capitalized interest
IPC	2020-03	2020	mapped_undated	land	mapped_undated::land	IPC_RAW_TABLE1	6567.923076923066	0.0384615384615384	exact	0.0273972602739726	0.0023122862136542	From class additions + capitalized interest
IPC	2020-03	2020	mapped_undated	vessels_equipment_it	mapped_undated::vessels_equipment_it	IPC_RAW_TABLE1	39.19230769230763	0.0384615384615384	exact	0.0674157303370786	0.0057994314894973	From class additions + capitalized interest
IPC	2020-04	2020	background	mixed	background::mixed	IPC_BG_RESIDUAL	19978.205128205096	0.0512820512820512	exact	0.02763790651815093	0.0023328596213619823	Residual after class-observed pools
IPC	2020-04	2020	mapped_undated	buildings_landside	mapped_undated::buildings_landside	IPC_RAW_TABLE1	0.9743589743589728	0.0512820512820512	exact	0.0571428571428571	0.0048913730833552	From class additions + capitalized interest
IPC	2020-04	2020	mapped_undated	land	mapped_undated::land	IPC_RAW_TABLE1	8757.230769230755	0.0512820512820512	exact	0.0273972602739726	0.0023122862136542	From class additions + capitalized interest
IPC	2020-04	2020	mapped_undated	vessels_equipment_it	mapped_undated::vessels_equipment_it	IPC_RAW_TABLE1	52.25641025641017	0.0512820512820512	exact	0.0674157303370786	0.0057994314894973	From class additions + capitalized interest
IPC	2020-05	2020	background	mixed	background::mixed	IPC_BG_RESIDUAL	24972.756410256407	0.0641025641025641	exact	0.02763790651815093	0.0023328596213619823	Residual after class-observed pools
IPC	2020-05	2020	mapped_undated	buildings_landside	mapped_undated::buildings_landside	IPC_RAW_TABLE1	1.2179487179487178	0.0641025641025641	exact	0.0571428571428571	0.0048913730833552	From class additions + capitalized interest
IPC	2020-05	2020	mapped_undated	land	mapped_undated::land	IPC_RAW_TABLE1	10946.538461538461	0.0641025641025641	exact	0.0273972602739726	0.0023122862136542	From class additions + capitalized interest
IPC	2020-05	2020	mapped_undated	vessels_equipment_it	mapped_undated::vessels_equipment_it	IPC_RAW_TABLE1	65.32051282051282	0.0641025641025641	exact	0.0674157303370786	0.0057994314894973	From class additions + capitalized interest
IPC	2020-06	2020	background	mixed	background::mixed	IPC_BG_RESIDUAL	29967.307692307684	0.0769230769230769	exact	0.02763790651815093	0.0023328596213619823	Residual after class-observed pools
IPC	2020-06	2020	mapped_undated	buildings_landside	mapped_undated::buildings_landside	IPC_RAW_TABLE1	1.461538461538461	0.0769230769230769	exact	0.0571428571428571	0.0048913730833552	From class additions + capitalized interest
IPC	2020-06	2020	mapped_undated	land	mapped_undated::land	IPC_RAW_TABLE1	13135.84615384615	0.0769230769230769	exact	0.0273972602739726	0.0023122862136542	From class additions + capitalized interest
IPC	2020-06	2020	mapped_undated	vessels_equipment_it	mapped_undated::vessels_equipment_it	IPC_RAW_TABLE1	78.38461538461536	0.0769230769230769	exact	0.0674157303370786	0.0057994314894973	From class additions + capitalized interest
IPC	2020-07	2020	background	mixed	background::mixed	IPC_BG_RESIDUAL	34961.85897435896	0.0897435897435897	exact	0.02763790651815093	0.0023328596213619823	Residual after class-observed pools
IPC	2020-07	2020	mapped_undated	buildings_landside	mapped_undated::buildings_landside	IPC_RAW_TABLE1	1.7051282051282044	0.0897435897435897	exact	0.0571428571428571	0.0048913730833552	From class additions + capitalized interest
IPC	2020-07	2020	mapped_undated	land	mapped_undated::land	IPC_RAW_TABLE1	15325.153846153838	0.0897435897435897	exact	0.0273972602739726	0.0023122862136542	From class additions + capitalized interest
IPC	2020-07	2020	mapped_undated	vessels_equipment_it	mapped_undated::vessels_equipment_it	IPC_RAW_TABLE1	91.44871794871791	0.0897435897435897	exact	0.0674157303370786	0.0057994314894973	From class additions + capitalized interest
IPC	2020-08	2020	background	mixed	background::mixed	IPC_BG_RESIDUAL	39956.410256410236	0.1025641025641025	exact	0.02763790651815093	0.0023328596213619823	Residual after class-observed pools
IPC	2020-08	2020	mapped_undated	buildings_landside	mapped_undated::buildings_landside	IPC_RAW_TABLE1	1.9487179487179476	0.1025641025641025	exact	0.0571428571428571	0.0048913730833552	From class additions + capitalized interest
IPC	2020-08	2020	mapped_undated	land	mapped_undated::land	IPC_RAW_TABLE1	17514.461538461528	0.1025641025641025	exact	0.0273972602739726	0.0023122862136542	From class additions + capitalized interest
IPC	2020-08	2020	mapped_undated	vessels_equipment_it	mapped_undated::vessels_equipment_it	IPC_RAW_TABLE1	104.51282051282045	0.1025641025641025	exact	0.0674157303370786	0.0057994314894973	From class additions + capitalized interest
IPC	2020-09	2020	background	mixed	background::mixed	IPC_BG_RESIDUAL	44950.9615384615	0.1153846153846153	exact	0.02763790651815093	0.0023328596213619823	Residual after class-observed pools
IPC	2020-09	2020	mapped_undated	buildings_landside	mapped_undated::buildings_landside	IPC_RAW_TABLE1	2.1923076923076907	0.1153846153846153	exact	0.0571428571428571	0.0048913730833552	From class additions + capitalized interest
IPC	2020-09	2020	mapped_undated	land	mapped_undated::land	IPC_RAW_TABLE1	19703.769230769216	0.1153846153846153	exact	0.0273972602739726	0.0023122862136542	From class additions + capitalized interest
IPC	2020-09	2020	mapped_undated	vessels_equipment_it	mapped_undated::vessels_equipment_it	IPC_RAW_TABLE1	117.57692307692298	0.1153846153846153	exact	0.0674157303370786	0.0057994314894973	From class additions + capitalized interest
IPC	2020-10	2020	background	mixed	background::mixed	IPC_BG_RESIDUAL	49945.51282051281	0.1282051282051282	exact	0.02763790651815093	0.0023328596213619823	Residual after class-observed pools
IPC	2020-10	2020	mapped_undated	buildings_landside	mapped_undated::buildings_landside	IPC_RAW_TABLE1	2.4358974358974357	0.1282051282051282	exact	0.0571428571428571	0.0048913730833552	From class additions + capitalized interest
IPC	2020-10	2020	mapped_undated	land	mapped_undated::land	IPC_RAW_TABLE1	21893.076923076922	0.1282051282051282	exact	0.0273972602739726	0.0023122862136542	From class additions + capitalized interest
IPC	2020-10	2020	mapped_undated	vessels_equipment_it	mapped_undated::vessels_equipment_it	IPC_RAW_TABLE1	130.64102564102564	0.1282051282051282	exact	0.0674157303370786	0.0057994314894973	From class additions + capitalized interest
IPC	2020-11	2020	background	mixed	background::mixed	IPC_BG_RESIDUAL	54940.064102564094	0.141025641025641	exact	0.02763790651815093	0.0023328596213619823	Residual after class-observed pools
IPC	2020-11	2020	mapped_undated	buildings_landside	mapped_undated::buildings_landside	IPC_RAW_TABLE1	2.679487179487179	0.141025641025641	exact	0.0571428571428571	0.0048913730833552	From class additions + capitalized interest
IPC	2020-11	2020	mapped_undated	land	mapped_undated::land	IPC_RAW_TABLE1	24082.38461538461	0.141025641025641	exact	0.0273972602739726	0.0023122862136542	From class additions + capitalized interest
IPC	2020-11	2020	mapped_undated	vessels_equipment_it	mapped_undated::vessels_equipment_it	IPC_RAW_TABLE1	143.70512820512818	0.141025641025641	exact	0.0674157303370786	0.0057994314894973	From class additions + capitalized interest
IPC	2020-12	2020	background	mixed	background::mixed	IPC_BG_RESIDUAL	59934.6153846156	0.1538461538461538	exact	0.02763790651815093	0.0023328596213619823	Residual after class-observed pools
IPC	2020-12	2020	mapped_undated	buildings_landside	mapped_undated::buildings_landside	IPC_RAW_TABLE1	2.9230769230769327	0.1538461538461538	exact	0.0571428571428571	0.0048913730833552	From class additions + capitalized interest
IPC	2020-12	2020	mapped_undated	land	mapped_undated::land	IPC_RAW_TABLE1	26271.69230769236	0.1538461538461538	exact	0.0273972602739726	0.0023122862136542	From class additions + capitalized interest
IPC	2020-12	2020	mapped_undated	vessels_equipment_it	mapped_undated::vessels_equipment_it	IPC_RAW_TABLE1	156.76923076923129	0.1538461538461538	exact	0.0674157303370786	0.0057994314894973	From class additions + capitalized interest
IPC	2021-01	2021	background	mixed	background::mixed	IPC_BACKGROUND_GENERATED_V2	7405.141025641014	0.0128205128205128	nearest_year_fallback:2020	0.03391914522752629	0.00287151493148452	Generated background residual row to reconcile known annual total
IPC	2021-02	2021	background	mixed	background::mixed	IPC_BACKGROUND_GENERATED_V2	14810.282051282027	0.0256410256410256	nearest_year_fallback:2020	0.03391914522752629	0.00287151493148452	Generated background residual row to reconcile known annual total
IPC	2021-03	2021	background	mixed	background::mixed	IPC_BACKGROUND_GENERATED_V2	22215.42307692304	0.0384615384615384	nearest_year_fallback:2020	0.03391914522752629	0.00287151493148452	Generated background residual row to reconcile known annual total
IPC	2021-04	2021	background	mixed	background::mixed	IPC_BACKGROUND_GENERATED_V2	29620.564102564054	0.0512820512820512	nearest_year_fallback:2020	0.03391914522752629	0.00287151493148452	Generated background residual row to reconcile known annual total
IPC	2021-05	2021	background	mixed	background::mixed	IPC_BACKGROUND_GENERATED_V2	37025.705128205125	0.0641025641025641	nearest_year_fallback:2020	0.03391914522752629	0.00287151493148452	Generated background residual row to reconcile known annual total
IPC	2021-06	2021	background	mixed	background::mixed	IPC_BACKGROUND_GENERATED_V2	44430.84615384614	0.0769230769230769	nearest_year_fallback:2020	0.03391914522752629	0.00287151493148452	Generated background residual row to reconcile known annual total
IPC	2021-07	2021	background	mixed	background::mixed	IPC_BACKGROUND_GENERATED_V2	51835.98717948716	0.0897435897435897	nearest_year_fallback:2020	0.03391914522752629	0.00287151493148452	Generated background residual row to reconcile known annual total
IPC	2021-08	2021	background	mixed	background::mixed	IPC_BACKGROUND_GENERATED_V2	59241.128205128174	0.1025641025641025	nearest_year_fallback:2020	0.03391914522752629	0.00287151493148452	Generated background residual row to reconcile known annual total
IPC	2021-09	2021	background	mixed	background::mixed	IPC_BACKGROUND_GENERATED_V2	66646.26923076918	0.1153846153846153	nearest_year_fallback:2020	0.03391914522752629	0.00287151493148452	Generated background residual row to reconcile known annual total
IPC	2021-10	2021	background	mixed	background::mixed	IPC_BACKGROUND_GENERATED_V2	74051.41025641025	0.1282051282051282	nearest_year_fallback:2020	0.03391914522752629	0.00287151493148452	Generated background residual row to reconcile known annual total
IPC	2021-11	2021	background	mixed	background::mixed	IPC_BACKGROUND_GENERATED_V2	81456.55128205127	0.141025641025641	nearest_year_fallback:2020	0.03391914522752629	0.00287151493148452	Generated background residual row to reconcile known annual total
IPC	2021-12	2021	background	mixed	background::mixed	IPC_BACKGROUND_GENERATED_V2	88861.69230769252	0.1538461538461538	nearest_year_fallback:2020	0.03391914522752629	0.00287151493148452	Generated background residual row to reconcile known annual total
IPC	2022-01	2022	background	mixed	background::mixed	IPC_BG_RESIDUAL	2094.0256410256375	0.0128205128205128	exact	0.03099102095561609	0.0026200118317576404	Residual after class-observed pools
IPC	2022-01	2022	mapped_undated	buildings_landside	mapped_undated::buildings_landside	IPC_RAW_TABLE1	14.269230769230745	0.0128205128205128	exact	0.0571428571428571	0.0048913730833552	From class additions + capitalized interest
IPC	2022-01	2022	mapped_undated	land	mapped_undated::land	IPC_RAW_TABLE1	2886.4871794871747	0.0128205128205128	exact	0.0273972602739726	0.0023122862136542	From class additions + capitalized interest
IPC	2022-01	2022	mapped_undated	maritime_infrastructure	mapped_undated::maritime_infrastructure	IPC_RAW_TABLE1	814.8205128205115	0.0128205128205128	exact	0.0373831775700934	0.0031699522442416	From class additions + capitalized interest
IPC	2022-01	2022	mapped_undated	vessels_equipment_it	mapped_undated::vessels_equipment_it	IPC_RAW_TABLE1	131.55128205128185	0.0128205128205128	exact	0.0674157303370786	0.0057994314894973	From class additions + capitalized interest
IPC	2022-02	2022	background	mixed	background::mixed	IPC_BG_RESIDUAL	4188.051282051275	0.0256410256410256	exact	0.03099102095561609	0.0026200118317576404	Residual after class-observed pools
IPC	2022-02	2022	mapped_undated	buildings_landside	mapped_undated::buildings_landside	IPC_RAW_TABLE1	28.53846153846149	0.0256410256410256	exact	0.0571428571428571	0.0048913730833552	From class additions + capitalized interest
IPC	2022-02	2022	mapped_undated	land	mapped_undated::land	IPC_RAW_TABLE1	5772.974358974349	0.0256410256410256	exact	0.0273972602739726	0.0023122862136542	From class additions + capitalized interest
IPC	2022-02	2022	mapped_undated	maritime_infrastructure	mapped_undated::maritime_infrastructure	IPC_RAW_TABLE1	1629.641025641023	0.0256410256410256	exact	0.0373831775700934	0.0031699522442416	From class additions + capitalized interest
IPC	2022-02	2022	mapped_undated	vessels_equipment_it	mapped_undated::vessels_equipment_it	IPC_RAW_TABLE1	263.1025641025637	0.0256410256410256	exact	0.0674157303370786	0.0057994314894973	From class additions + capitalized interest
IPC	2022-03	2022	background	mixed	background::mixed	IPC_BG_RESIDUAL	6282.076923076913	0.0384615384615384	exact	0.03099102095561609	0.0026200118317576404	Residual after class-observed pools
IPC	2022-03	2022	mapped_undated	buildings_landside	mapped_undated::buildings_landside	IPC_RAW_TABLE1	42.80769230769224	0.0384615384615384	exact	0.0571428571428571	0.0048913730833552	From class additions + capitalized interest
IPC	2022-03	2022	mapped_undated	land	mapped_undated::land	IPC_RAW_TABLE1	8659.461538461524	0.0384615384615384	exact	0.0273972602739726	0.0023122862136542	From class additions + capitalized interest
IPC	2022-03	2022	mapped_undated	maritime_infrastructure	mapped_undated::maritime_infrastructure	IPC_RAW_TABLE1	2444.4615384615345	0.0384615384615384	exact	0.0373831775700934	0.0031699522442416	From class additions + capitalized interest
IPC	2022-03	2022	mapped_undated	vessels_equipment_it	mapped_undated::vessels_equipment_it	IPC_RAW_TABLE1	394.6538461538455	0.0384615384615384	exact	0.0674157303370786	0.0057994314894973	From class additions + capitalized interest
IPC	2022-04	2022	background	mixed	background::mixed	IPC_BG_RESIDUAL	8376.10256410255	0.0512820512820512	exact	0.03099102095561609	0.0026200118317576404	Residual after class-observed pools
IPC	2022-04	2022	mapped_undated	buildings_landside	mapped_undated::buildings_landside	IPC_RAW_TABLE1	57.07692307692298	0.0512820512820512	exact	0.0571428571428571	0.0048913730833552	From class additions + capitalized interest
IPC	2022-04	2022	mapped_undated	land	mapped_undated::land	IPC_RAW_TABLE1	11545.948717948699	0.0512820512820512	exact	0.0273972602739726	0.0023122862136542	From class additions + capitalized interest
IPC	2022-04	2022	mapped_undated	maritime_infrastructure	mapped_undated::maritime_infrastructure	IPC_RAW_TABLE1	3259.282051282046	0.0512820512820512	exact	0.0373831775700934	0.0031699522442416	From class additions + capitalized interest
IPC	2022-04	2022	mapped_undated	vessels_equipment_it	mapped_undated::vessels_equipment_it	IPC_RAW_TABLE1	526.2051282051274	0.0512820512820512	exact	0.0674157303370786	0.0057994314894973	From class additions + capitalized interest
IPC	2022-05	2022	background	mixed	background::mixed	IPC_BG_RESIDUAL	10470.128205128205	0.0641025641025641	exact	0.03099102095561609	0.0026200118317576404	Residual after class-observed pools
IPC	2022-05	2022	mapped_undated	buildings_landside	mapped_undated::buildings_landside	IPC_RAW_TABLE1	71.34615384615384	0.0641025641025641	exact	0.0571428571428571	0.0048913730833552	From class additions + capitalized interest
IPC	2022-05	2022	mapped_undated	land	mapped_undated::land	IPC_RAW_TABLE1	14432.435897435897	0.0641025641025641	exact	0.0273972602739726	0.0023122862136542	From class additions + capitalized interest
IPC	2022-05	2022	mapped_undated	maritime_infrastructure	mapped_undated::maritime_infrastructure	IPC_RAW_TABLE1	4074.1025641025635	0.0641025641025641	exact	0.0373831775700934	0.0031699522442416	From class additions + capitalized interest
IPC	2022-05	2022	mapped_undated	vessels_equipment_it	mapped_undated::vessels_equipment_it	IPC_RAW_TABLE1	657.7564102564102	0.0641025641025641	exact	0.0674157303370786	0.0057994314894973	From class additions + capitalized interest
IPC	2022-06	2022	background	mixed	background::mixed	IPC_BG_RESIDUAL	12564.153846153842	0.0769230769230769	exact	0.03099102095561609	0.0026200118317576404	Residual after class-observed pools
IPC	2022-06	2022	mapped_undated	buildings_landside	mapped_undated::buildings_landside	IPC_RAW_TABLE1	85.61538461538458	0.0769230769230769	exact	0.0571428571428571	0.0048913730833552	From class additions + capitalized interest
IPC	2022-06	2022	mapped_undated	land	mapped_undated::land	IPC_RAW_TABLE1	17318.92307692307	0.0769230769230769	exact	0.0273972602739726	0.0023122862136542	From class additions + capitalized interest
IPC	2022-06	2022	mapped_undated	maritime_infrastructure	mapped_undated::maritime_infrastructure	IPC_RAW_TABLE1	4888.923076923075	0.0769230769230769	exact	0.0373831775700934	0.0031699522442416	From class additions + capitalized interest
IPC	2022-06	2022	mapped_undated	vessels_equipment_it	mapped_undated::vessels_equipment_it	IPC_RAW_TABLE1	789.307692307692	0.0769230769230769	exact	0.0674157303370786	0.0057994314894973	From class additions + capitalized interest
IPC	2022-07	2022	background	mixed	background::mixed	IPC_BG_RESIDUAL	14658.179487179481	0.0897435897435897	exact	0.03099102095561609	0.0026200118317576404	Residual after class-observed pools
IPC	2022-07	2022	mapped_undated	buildings_landside	mapped_undated::buildings_landside	IPC_RAW_TABLE1	99.88461538461534	0.0897435897435897	exact	0.0571428571428571	0.0048913730833552	From class additions + capitalized interest
IPC	2022-07	2022	mapped_undated	land	mapped_undated::land	IPC_RAW_TABLE1	20205.410256410247	0.0897435897435897	exact	0.0273972602739726	0.0023122862136542	From class additions + capitalized interest
IPC	2022-07	2022	mapped_undated	maritime_infrastructure	mapped_undated::maritime_infrastructure	IPC_RAW_TABLE1	5703.743589743587	0.0897435897435897	exact	0.0373831775700934	0.0031699522442416	From class additions + capitalized interest
IPC	2022-07	2022	mapped_undated	vessels_equipment_it	mapped_undated::vessels_equipment_it	IPC_RAW_TABLE1	920.8589743589739	0.0897435897435897	exact	0.0674157303370786	0.0057994314894973	From class additions + capitalized interest
IPC	2022-08	2022	background	mixed	background::mixed	IPC_BG_RESIDUAL	16752.205128205118	0.1025641025641025	exact	0.03099102095561609	0.0026200118317576404	Residual after class-observed pools
IPC	2022-08	2022	mapped_undated	buildings_landside	mapped_undated::buildings_landside	IPC_RAW_TABLE1	114.15384615384609	0.1025641025641025	exact	0.0571428571428571	0.0048913730833552	From class additions + capitalized interest
IPC	2022-08	2022	mapped_undated	land	mapped_undated::land	IPC_RAW_TABLE1	23091.897435897423	0.1025641025641025	exact	0.0273972602739726	0.0023122862136542	From class additions + capitalized interest
IPC	2022-08	2022	mapped_undated	maritime_infrastructure	mapped_undated::maritime_infrastructure	IPC_RAW_TABLE1	6518.564102564099	0.1025641025641025	exact	0.0373831775700934	0.0031699522442416	From class additions + capitalized interest
IPC	2022-08	2022	mapped_undated	vessels_equipment_it	mapped_undated::vessels_equipment_it	IPC_RAW_TABLE1	1052.410256410256	0.1025641025641025	exact	0.0674157303370786	0.0057994314894973	From class additions + capitalized interest
IPC	2022-09	2022	background	mixed	background::mixed	IPC_BG_RESIDUAL	18846.230769230755	0.1153846153846153	exact	0.03099102095561609	0.0026200118317576404	Residual after class-observed pools
IPC	2022-09	2022	mapped_undated	buildings_landside	mapped_undated::buildings_landside	IPC_RAW_TABLE1	128.42307692307682	0.1153846153846153	exact	0.0571428571428571	0.0048913730833552	From class additions + capitalized interest
IPC	2022-09	2022	mapped_undated	land	mapped_undated::land	IPC_RAW_TABLE1	25978.384615384595	0.1153846153846153	exact	0.0273972602739726	0.0023122862136542	From class additions + capitalized interest
IPC	2022-09	2022	mapped_undated	maritime_infrastructure	mapped_undated::maritime_infrastructure	IPC_RAW_TABLE1	7333.38461538461	0.1153846153846153	exact	0.0373831775700934	0.0031699522442416	From class additions + capitalized interest
IPC	2022-09	2022	mapped_undated	vessels_equipment_it	mapped_undated::vessels_equipment_it	IPC_RAW_TABLE1	1183.9615384615374	0.1153846153846153	exact	0.0674157303370786	0.0057994314894973	From class additions + capitalized interest
IPC	2022-10	2022	background	mixed	background::mixed	IPC_BG_RESIDUAL	20940.25641025641	0.1282051282051282	exact	0.03099102095561609	0.0026200118317576404	Residual after class-observed pools
IPC	2022-10	2022	mapped_undated	buildings_landside	mapped_undated::buildings_landside	IPC_RAW_TABLE1	142.69230769230768	0.1282051282051282	exact	0.0571428571428571	0.0048913730833552	From class additions + capitalized interest
IPC	2022-10	2022	mapped_undated	land	mapped_undated::land	IPC_RAW_TABLE1	28864.871794871793	0.1282051282051282	exact	0.0273972602739726	0.0023122862136542	From class additions + capitalized interest
IPC	2022-10	2022	mapped_undated	maritime_infrastructure	mapped_undated::maritime_infrastructure	IPC_RAW_TABLE1	8148.205128205127	0.1282051282051282	exact	0.0373831775700934	0.0031699522442416	From class additions + capitalized interest
IPC	2022-10	2022	mapped_undated	vessels_equipment_it	mapped_undated::vessels_equipment_it	IPC_RAW_TABLE1	1315.5128205128203	0.1282051282051282	exact	0.0674157303370786	0.0057994314894973	From class additions + capitalized interest
IPC	2022-11	2022	background	mixed	background::mixed	IPC_BG_RESIDUAL	23034.282051282047	0.141025641025641	exact	0.03099102095561609	0.0026200118317576404	Residual after class-observed pools
IPC	2022-11	2022	mapped_undated	buildings_landside	mapped_undated::buildings_landside	IPC_RAW_TABLE1	156.96153846153842	0.141025641025641	exact	0.0571428571428571	0.0048913730833552	From class additions + capitalized interest
IPC	2022-11	2022	mapped_undated	land	mapped_undated::land	IPC_RAW_TABLE1	31751.35897435897	0.141025641025641	exact	0.0273972602739726	0.0023122862136542	From class additions + capitalized interest
IPC	2022-11	2022	mapped_undated	maritime_infrastructure	mapped_undated::maritime_infrastructure	IPC_RAW_TABLE1	8963.025641025639	0.141025641025641	exact	0.0373831775700934	0.0031699522442416	From class additions + capitalized interest
IPC	2022-11	2022	mapped_undated	vessels_equipment_it	mapped_undated::vessels_equipment_it	IPC_RAW_TABLE1	1447.0641025641023	0.141025641025641	exact	0.0674157303370786	0.0057994314894973	From class additions + capitalized interest
IPC	2022-12	2022	background	mixed	background::mixed	IPC_BG_RESIDUAL	25128.30769230777	0.1538461538461538	exact	0.03099102095561609	0.0026200118317576404	Residual after class-observed pools
IPC	2022-12	2022	mapped_undated	buildings_landside	mapped_undated::buildings_landside	IPC_RAW_TABLE1	171.23076923076962	0.1538461538461538	exact	0.0571428571428571	0.0048913730833552	From class additions + capitalized interest
IPC	2022-12	2022	mapped_undated	land	mapped_undated::land	IPC_RAW_TABLE1	34637.84615384626	0.1538461538461538	exact	0.0273972602739726	0.0023122862136542	From class additions + capitalized interest
IPC	2022-12	2022	mapped_undated	maritime_infrastructure	mapped_undated::maritime_infrastructure	IPC_RAW_TABLE1	9777.846153846187	0.1538461538461538	exact	0.0373831775700934	0.0031699522442416	From class additions + capitalized interest
IPC	2022-12	2022	mapped_undated	vessels_equipment_it	mapped_undated::vessels_equipment_it	IPC_RAW_TABLE1	1578.6153846153895	0.1538461538461538	exact	0.0674157303370786	0.0057994314894973	From class additions + capitalized interest
IPC	2023-01	2023	background	mixed	background::mixed	IPC_BG_RESIDUAL	5045.064102564094	0.0128205128205128	exact	0.06014220916459764	0.005155556058063837	Residual after class-observed pools
IPC	2023-01	2023	mapped_undated	buildings_landside	mapped_undated::buildings_landside	IPC_RAW_TABLE1	30.551282051282	0.0128205128205128	exact	0.0571428571428571	0.0048913730833552	From class additions + capitalized interest
IPC	2023-01	2023	mapped_undated	land	mapped_undated::land	IPC_RAW_TABLE1	2.871794871794867	0.0128205128205128	exact	0.0273972602739726	0.0023122862136542	From class additions + capitalized interest
IPC	2023-01	2023	mapped_undated	maritime_infrastructure	mapped_undated::maritime_infrastructure	IPC_RAW_TABLE1	306.2307692307687	0.0128205128205128	exact	0.0373831775700934	0.0031699522442416	From class additions + capitalized interest
IPC	2023-01	2023	mapped_undated	vessels_equipment_it	mapped_undated::vessels_equipment_it	IPC_RAW_TABLE1	983.7307692307676	0.0128205128205128	exact	0.0674157303370786	0.0057994314894973	From class additions + capitalized interest
IPC	2023-02	2023	background	mixed	background::mixed	IPC_BG_RESIDUAL	10090.128205128189	0.0256410256410256	exact	0.06014220916459764	0.005155556058063837	Residual after class-observed pools
IPC	2023-02	2023	mapped_undated	buildings_landside	mapped_undated::buildings_landside	IPC_RAW_TABLE1	61.102564102564	0.0256410256410256	exact	0.0571428571428571	0.0048913730833552	From class additions + capitalized interest
IPC	2023-02	2023	mapped_undated	land	mapped_undated::land	IPC_RAW_TABLE1	5.743589743589734	0.0256410256410256	exact	0.0273972602739726	0.0023122862136542	From class additions + capitalized interest
IPC	2023-02	2023	mapped_undated	maritime_infrastructure	mapped_undated::maritime_infrastructure	IPC_RAW_TABLE1	612.4615384615374	0.0256410256410256	exact	0.0373831775700934	0.0031699522442416	From class additions + capitalized interest
IPC	2023-02	2023	mapped_undated	vessels_equipment_it	mapped_undated::vessels_equipment_it	IPC_RAW_TABLE1	1967.4615384615352	0.0256410256410256	exact	0.0674157303370786	0.0057994314894973	From class additions + capitalized interest
IPC	2023-03	2023	background	mixed	background::mixed	IPC_BG_RESIDUAL	15135.192307692283	0.0384615384615384	exact	0.06014220916459764	0.005155556058063837	Residual after class-observed pools
IPC	2023-03	2023	mapped_undated	buildings_landside	mapped_undated::buildings_landside	IPC_RAW_TABLE1	91.653846153846	0.0384615384615384	exact	0.0571428571428571	0.0048913730833552	From class additions + capitalized interest
IPC	2023-03	2023	mapped_undated	land	mapped_undated::land	IPC_RAW_TABLE1	8.615384615384603	0.0384615384615384	exact	0.0273972602739726	0.0023122862136542	From class additions + capitalized interest
IPC	2023-03	2023	mapped_undated	maritime_infrastructure	mapped_undated::maritime_infrastructure	IPC_RAW_TABLE1	918.6923076923063	0.0384615384615384	exact	0.0373831775700934	0.0031699522442416	From class additions + capitalized interest
IPC	2023-03	2023	mapped_undated	vessels_equipment_it	mapped_undated::vessels_equipment_it	IPC_RAW_TABLE1	2951.192307692303	0.0384615384615384	exact	0.0674157303370786	0.0057994314894973	From class additions + capitalized interest
IPC	2023-04	2023	background	mixed	background::mixed	IPC_BG_RESIDUAL	20180.256410256377	0.0512820512820512	exact	0.06014220916459764	0.005155556058063837	Residual after class-observed pools
IPC	2023-04	2023	mapped_undated	buildings_landside	mapped_undated::buildings_landside	IPC_RAW_TABLE1	122.205128205128	0.0512820512820512	exact	0.0571428571428571	0.0048913730833552	From class additions + capitalized interest
IPC	2023-04	2023	mapped_undated	land	mapped_undated::land	IPC_RAW_TABLE1	11.487179487179468	0.0512820512820512	exact	0.0273972602739726	0.0023122862136542	From class additions + capitalized interest
IPC	2023-04	2023	mapped_undated	maritime_infrastructure	mapped_undated::maritime_infrastructure	IPC_RAW_TABLE1	1224.9230769230749	0.0512820512820512	exact	0.0373831775700934	0.0031699522442416	From class additions + capitalized interest
IPC	2023-04	2023	mapped_undated	vessels_equipment_it	mapped_undated::vessels_equipment_it	IPC_RAW_TABLE1	3934.9230769230703	0.0512820512820512	exact	0.0674157303370786	0.0057994314894973	From class additions + capitalized interest
IPC	2023-05	2023	background	mixed	background::mixed	IPC_BG_RESIDUAL	25225.32051282051	0.0641025641025641	exact	0.06014220916459764	0.005155556058063837	Residual after class-observed pools
IPC	2023-05	2023	mapped_undated	buildings_landside	mapped_undated::buildings_landside	IPC_RAW_TABLE1	152.75641025641025	0.0641025641025641	exact	0.0571428571428571	0.0048913730833552	From class additions + capitalized interest
IPC	2023-05	2023	mapped_undated	land	mapped_undated::land	IPC_RAW_TABLE1	14.358974358974358	0.0641025641025641	exact	0.0273972602739726	0.0023122862136542	From class additions + capitalized interest
IPC	2023-05	2023	mapped_undated	maritime_infrastructure	mapped_undated::maritime_infrastructure	IPC_RAW_TABLE1	1531.153846153846	0.0641025641025641	exact	0.0373831775700934	0.0031699522442416	From class additions + capitalized interest
IPC	2023-05	2023	mapped_undated	vessels_equipment_it	mapped_undated::vessels_equipment_it	IPC_RAW_TABLE1	4918.653846153846	0.0641025641025641	exact	0.0674157303370786	0.0057994314894973	From class additions + capitalized interest
IPC	2023-06	2023	background	mixed	background::mixed	IPC_BG_RESIDUAL	30270.384615384606	0.0769230769230769	exact	0.06014220916459764	0.005155556058063837	Residual after class-observed pools
IPC	2023-06	2023	mapped_undated	buildings_landside	mapped_undated::buildings_landside	IPC_RAW_TABLE1	183.30769230769226	0.0769230769230769	exact	0.0571428571428571	0.0048913730833552	From class additions + capitalized interest
IPC	2023-06	2023	mapped_undated	land	mapped_undated::land	IPC_RAW_TABLE1	17.230769230769226	0.0769230769230769	exact	0.0273972602739726	0.0023122862136542	From class additions + capitalized interest
IPC	2023-06	2023	mapped_undated	maritime_infrastructure	mapped_undated::maritime_infrastructure	IPC_RAW_TABLE1	1837.3846153846148	0.0769230769230769	exact	0.0373831775700934	0.0031699522442416	From class additions + capitalized interest
IPC	2023-06	2023	mapped_undated	vessels_equipment_it	mapped_undated::vessels_equipment_it	IPC_RAW_TABLE1	5902.384615384613	0.0769230769230769	exact	0.0674157303370786	0.0057994314894973	From class additions + capitalized interest
IPC	2023-07	2023	background	mixed	background::mixed	IPC_BG_RESIDUAL	35315.448717948704	0.0897435897435897	exact	0.06014220916459764	0.005155556058063837	Residual after class-observed pools
IPC	2023-07	2023	mapped_undated	buildings_landside	mapped_undated::buildings_landside	IPC_RAW_TABLE1	213.85897435897425	0.0897435897435897	exact	0.0571428571428571	0.0048913730833552	From class additions + capitalized interest
IPC	2023-07	2023	mapped_undated	land	mapped_undated::land	IPC_RAW_TABLE1	20.102564102564095	0.0897435897435897	exact	0.0273972602739726	0.0023122862136542	From class additions + capitalized interest
IPC	2023-07	2023	mapped_undated	maritime_infrastructure	mapped_undated::maritime_infrastructure	IPC_RAW_TABLE1	2143.615384615384	0.0897435897435897	exact	0.0373831775700934	0.0031699522442416	From class additions + capitalized interest
IPC	2023-07	2023	mapped_undated	vessels_equipment_it	mapped_undated::vessels_equipment_it	IPC_RAW_TABLE1	6886.115384615381	0.0897435897435897	exact	0.0674157303370786	0.0057994314894973	From class additions + capitalized interest
IPC	2023-08	2023	background	mixed	background::mixed	IPC_BG_RESIDUAL	40360.5128205128	0.1025641025641025	exact	0.06014220916459764	0.005155556058063837	Residual after class-observed pools
IPC	2023-08	2023	mapped_undated	buildings_landside	mapped_undated::buildings_landside	IPC_RAW_TABLE1	244.41025641025627	0.1025641025641025	exact	0.0571428571428571	0.0048913730833552	From class additions + capitalized interest
IPC	2023-08	2023	mapped_undated	land	mapped_undated::land	IPC_RAW_TABLE1	22.97435897435896	0.1025641025641025	exact	0.0273972602739726	0.0023122862136542	From class additions + capitalized interest
IPC	2023-08	2023	mapped_undated	maritime_infrastructure	mapped_undated::maritime_infrastructure	IPC_RAW_TABLE1	2449.8461538461524	0.1025641025641025	exact	0.0373831775700934	0.0031699522442416	From class additions + capitalized interest
IPC	2023-08	2023	mapped_undated	vessels_equipment_it	mapped_undated::vessels_equipment_it	IPC_RAW_TABLE1	7869.84615384615	0.1025641025641025	exact	0.0674157303370786	0.0057994314894973	From class additions + capitalized interest
IPC	2023-09	2023	background	mixed	background::mixed	IPC_BG_RESIDUAL	45405.576923076886	0.1153846153846153	exact	0.06014220916459764	0.005155556058063837	Residual after class-observed pools
IPC	2023-09	2023	mapped_undated	buildings_landside	mapped_undated::buildings_landside	IPC_RAW_TABLE1	274.9615384615382	0.1153846153846153	exact	0.0571428571428571	0.0048913730833552	From class additions + capitalized interest
IPC	2023-09	2023	mapped_undated	land	mapped_undated::land	IPC_RAW_TABLE1	25.846153846153825	0.1153846153846153	exact	0.0273972602739726	0.0023122862136542	From class additions + capitalized interest
IPC	2023-09	2023	mapped_undated	maritime_infrastructure	mapped_undated::maritime_infrastructure	IPC_RAW_TABLE1	2756.076923076921	0.1153846153846153	exact	0.0373831775700934	0.0031699522442416	From class additions + capitalized interest
IPC	2023-09	2023	mapped_undated	vessels_equipment_it	mapped_undated::vessels_equipment_it	IPC_RAW_TABLE1	8853.576923076917	0.1153846153846153	exact	0.0674157303370786	0.0057994314894973	From class additions + capitalized interest
IPC	2023-10	2023	background	mixed	background::mixed	IPC_BG_RESIDUAL	50450.64102564102	0.1282051282051282	exact	0.06014220916459764	0.005155556058063837	Residual after class-observed pools
IPC	2023-10	2023	mapped_undated	buildings_landside	mapped_undated::buildings_landside	IPC_RAW_TABLE1	305.5128205128205	0.1282051282051282	exact	0.0571428571428571	0.0048913730833552	From class additions + capitalized interest
IPC	2023-10	2023	mapped_undated	land	mapped_undated::land	IPC_RAW_TABLE1	28.717948717948715	0.1282051282051282	exact	0.0273972602739726	0.0023122862136542	From class additions + capitalized interest
IPC	2023-10	2023	mapped_undated	maritime_infrastructure	mapped_undated::maritime_infrastructure	IPC_RAW_TABLE1	3062.307692307692	0.1282051282051282	exact	0.0373831775700934	0.0031699522442416	From class additions + capitalized interest
IPC	2023-10	2023	mapped_undated	vessels_equipment_it	mapped_undated::vessels_equipment_it	IPC_RAW_TABLE1	9837.307692307691	0.1282051282051282	exact	0.0674157303370786	0.0057994314894973	From class additions + capitalized interest
IPC	2023-11	2023	background	mixed	background::mixed	IPC_BG_RESIDUAL	55495.70512820512	0.141025641025641	exact	0.06014220916459764	0.005155556058063837	Residual after class-observed pools
IPC	2023-11	2023	mapped_undated	buildings_landside	mapped_undated::buildings_landside	IPC_RAW_TABLE1	336.0641025641025	0.141025641025641	exact	0.0571428571428571	0.0048913730833552	From class additions + capitalized interest
IPC	2023-11	2023	mapped_undated	land	mapped_undated::land	IPC_RAW_TABLE1	31.589743589743584	0.141025641025641	exact	0.0273972602739726	0.0023122862136542	From class additions + capitalized interest
IPC	2023-11	2023	mapped_undated	maritime_infrastructure	mapped_undated::maritime_infrastructure	IPC_RAW_TABLE1	3368.538461538461	0.141025641025641	exact	0.0373831775700934	0.0031699522442416	From class additions + capitalized interest
IPC	2023-11	2023	mapped_undated	vessels_equipment_it	mapped_undated::vessels_equipment_it	IPC_RAW_TABLE1	10821.03846153846	0.141025641025641	exact	0.0674157303370786	0.0057994314894973	From class additions + capitalized interest
IPC	2023-12	2023	background	mixed	background::mixed	IPC_BG_RESIDUAL	60540.769230769445	0.1538461538461538	exact	0.06014220916459764	0.005155556058063837	Residual after class-observed pools
IPC	2023-12	2023	mapped_undated	buildings_landside	mapped_undated::buildings_landside	IPC_RAW_TABLE1	366.61538461538544	0.1538461538461538	exact	0.0571428571428571	0.0048913730833552	From class additions + capitalized interest
IPC	2023-12	2023	mapped_undated	land	mapped_undated::land	IPC_RAW_TABLE1	34.46153846153857	0.1538461538461538	exact	0.0273972602739726	0.0023122862136542	From class additions + capitalized interest
IPC	2023-12	2023	mapped_undated	maritime_infrastructure	mapped_undated::maritime_infrastructure	IPC_RAW_TABLE1	3674.7692307692405	0.1538461538461538	exact	0.0373831775700934	0.0031699522442416	From class additions + capitalized interest
IPC	2023-12	2023	mapped_undated	vessels_equipment_it	mapped_undated::vessels_equipment_it	IPC_RAW_TABLE1	11804.769230769256	0.1538461538461538	exact	0.0674157303370786	0.0057994314894973	From class additions + capitalized interest
IPC	2024-01	2024	background	mixed	background::mixed	IPC_BG_RESIDUAL	3046.448717948713	0.0128205128205128	exact	0.0373831775700934	0.0031699522442415473	Residual after class-observed pools
IPC	2024-01	2024	mapped_undated	maritime_infrastructure	mapped_undated::maritime_infrastructure	IPC_RAW_TABLE1	341.1153846153841	0.0128205128205128	exact	0.0373831775700934	0.0031699522442416	From class additions + capitalized interest
IPC	2024-02	2024	background	mixed	background::mixed	IPC_BG_RESIDUAL	6092.897435897426	0.0256410256410256	exact	0.0373831775700934	0.0031699522442415473	Residual after class-observed pools
IPC	2024-02	2024	mapped_undated	maritime_infrastructure	mapped_undated::maritime_infrastructure	IPC_RAW_TABLE1	682.2307692307681	0.0256410256410256	exact	0.0373831775700934	0.0031699522442416	From class additions + capitalized interest
IPC	2024-03	2024	background	mixed	background::mixed	IPC_BG_RESIDUAL	9139.34615384614	0.0384615384615384	exact	0.0373831775700934	0.0031699522442415473	Residual after class-observed pools
IPC	2024-03	2024	mapped_undated	maritime_infrastructure	mapped_undated::maritime_infrastructure	IPC_RAW_TABLE1	1023.3461538461522	0.0384615384615384	exact	0.0373831775700934	0.0031699522442416	From class additions + capitalized interest
IPC	2024-04	2024	background	mixed	background::mixed	IPC_BG_RESIDUAL	12185.794871794851	0.0512820512820512	exact	0.0373831775700934	0.0031699522442415473	Residual after class-observed pools
IPC	2024-04	2024	mapped_undated	maritime_infrastructure	mapped_undated::maritime_infrastructure	IPC_RAW_TABLE1	1364.4615384615363	0.0512820512820512	exact	0.0373831775700934	0.0031699522442416	From class additions + capitalized interest
IPC	2024-05	2024	background	mixed	background::mixed	IPC_BG_RESIDUAL	15232.243589743588	0.0641025641025641	exact	0.0373831775700934	0.0031699522442415473	Residual after class-observed pools
IPC	2024-05	2024	mapped_undated	maritime_infrastructure	mapped_undated::maritime_infrastructure	IPC_RAW_TABLE1	1705.5769230769229	0.0641025641025641	exact	0.0373831775700934	0.0031699522442416	From class additions + capitalized interest
IPC	2024-06	2024	background	mixed	background::mixed	IPC_BG_RESIDUAL	18278.6923076923	0.0769230769230769	exact	0.0373831775700934	0.0031699522442415473	Residual after class-observed pools
IPC	2024-06	2024	mapped_undated	maritime_infrastructure	mapped_undated::maritime_infrastructure	IPC_RAW_TABLE1	2046.6923076923072	0.0769230769230769	exact	0.0373831775700934	0.0031699522442416	From class additions + capitalized interest
IPC	2024-07	2024	background	mixed	background::mixed	IPC_BG_RESIDUAL	21325.141025641016	0.0897435897435897	exact	0.0373831775700934	0.0031699522442415473	Residual after class-observed pools
IPC	2024-07	2024	mapped_undated	maritime_infrastructure	mapped_undated::maritime_infrastructure	IPC_RAW_TABLE1	2387.807692307691	0.0897435897435897	exact	0.0373831775700934	0.0031699522442416	From class additions + capitalized interest
IPC	2024-08	2024	background	mixed	background::mixed	IPC_BG_RESIDUAL	24371.58974358973	0.1025641025641025	exact	0.0373831775700934	0.0031699522442415473	Residual after class-observed pools
IPC	2024-08	2024	mapped_undated	maritime_infrastructure	mapped_undated::maritime_infrastructure	IPC_RAW_TABLE1	2728.9230769230753	0.1025641025641025	exact	0.0373831775700934	0.0031699522442416	From class additions + capitalized interest
IPC	2024-09	2024	background	mixed	background::mixed	IPC_BG_RESIDUAL	27418.03846153844	0.1153846153846153	exact	0.0373831775700934	0.0031699522442415473	Residual after class-observed pools
IPC	2024-09	2024	mapped_undated	maritime_infrastructure	mapped_undated::maritime_infrastructure	IPC_RAW_TABLE1	3070.038461538459	0.1153846153846153	exact	0.0373831775700934	0.0031699522442416	From class additions + capitalized interest
IPC	2024-10	2024	background	mixed	background::mixed	IPC_BG_RESIDUAL	30464.487179487176	0.1282051282051282	exact	0.0373831775700934	0.0031699522442415473	Residual after class-observed pools
IPC	2024-10	2024	mapped_undated	maritime_infrastructure	mapped_undated::maritime_infrastructure	IPC_RAW_TABLE1	3411.1538461538457	0.1282051282051282	exact	0.0373831775700934	0.0031699522442416	From class additions + capitalized interest
IPC	2024-11	2024	background	mixed	background::mixed	IPC_BG_RESIDUAL	33510.93589743589	0.141025641025641	exact	0.0373831775700934	0.0031699522442415473	Residual after class-observed pools
IPC	2024-11	2024	mapped_undated	maritime_infrastructure	mapped_undated::maritime_infrastructure	IPC_RAW_TABLE1	3752.26923076923	0.141025641025641	exact	0.0373831775700934	0.0031699522442416	From class additions + capitalized interest
IPC	2024-12	2024	background	mixed	background::mixed	IPC_BG_RESIDUAL	36557.38461538475	0.1538461538461538	exact	0.0373831775700934	0.0031699522442415473	Residual after class-observed pools
IPC	2024-12	2024	mapped_undated	maritime_infrastructure	mapped_undated::maritime_infrastructure	IPC_RAW_TABLE1	4093.384615384629	0.1538461538461538	exact	0.0373831775700934	0.0031699522442416	From class additions + capitalized interest
SIPG	2018-01	2018	background	unknown_bayport_class	background::unknown_bayport_class	SIPG_DERIVED_BACKGROUND_V5	0.0	0.0	nearest_year_fallback:2021	0.0873166666666666	0.0075849463761465	Residual SIPG background after derived service-entry split (expected to be zero in preferred productive SIPG build unless annual total exceeds service-entry)
SIPG	2018-01	2018	service_entry_undated	unknown_bayport_class	service_entry_undated::unknown_bayport_class	SIPG_DERIVED_SERVICE_ENTRY_V5	0.0	0.0	service_entry_post_opening_empty	0.0873166666666666	0.0075849463761465	Derived from SIPG transfer-to-PPE / service-entry anchor information; productive annual total is defined by transfers to PPE in v5
SIPG	2018-02	2018	background	unknown_bayport_class	background::unknown_bayport_class	SIPG_DERIVED_BACKGROUND_V5	0.0	0.0	nearest_year_fallback:2021	0.0873166666666666	0.0075849463761465	Residual SIPG background after derived service-entry split (expected to be zero in preferred productive SIPG build unless annual total exceeds service-entry)
SIPG	2018-02	2018	service_entry_undated	unknown_bayport_class	service_entry_undated::unknown_bayport_class	SIPG_DERIVED_SERVICE_ENTRY_V5	0.0	0.0	service_entry_post_opening_empty	0.0873166666666666	0.0075849463761465	Derived from SIPG transfer-to-PPE / service-entry anchor information; productive annual total is defined by transfers to PPE in v5
SIPG	2018-03	2018	background	unknown_bayport_class	background::unknown_bayport_class	SIPG_DERIVED_BACKGROUND_V5	0.0	0.0	nearest_year_fallback:2021	0.0873166666666666	0.0075849463761465	Residual SIPG background after derived service-entry split (expected to be zero in preferred productive SIPG build unless annual total exceeds service-entry)
SIPG	2018-03	2018	service_entry_undated	unknown_bayport_class	service_entry_undated::unknown_bayport_class	SIPG_DERIVED_SERVICE_ENTRY_V5	0.0	0.0	service_entry_post_opening_empty	0.0873166666666666	0.0075849463761465	Derived from SIPG transfer-to-PPE / service-entry anchor information; productive annual total is defined by transfers to PPE in v5
SIPG	2018-04	2018	background	unknown_bayport_class	background::unknown_bayport_class	SIPG_DERIVED_BACKGROUND_V5	0.0	0.0	nearest_year_fallback:2021	0.0873166666666666	0.0075849463761465	Residual SIPG background after derived service-entry split (expected to be zero in preferred productive SIPG build unless annual total exceeds service-entry)
SIPG	2018-04	2018	service_entry_undated	unknown_bayport_class	service_entry_undated::unknown_bayport_class	SIPG_DERIVED_SERVICE_ENTRY_V5	0.0	0.0	service_entry_post_opening_empty	0.0873166666666666	0.0075849463761465	Derived from SIPG transfer-to-PPE / service-entry anchor information; productive annual total is defined by transfers to PPE in v5
SIPG	2018-05	2018	background	unknown_bayport_class	background::unknown_bayport_class	SIPG_DERIVED_BACKGROUND_V5	0.0	0.0	nearest_year_fallback:2021	0.0873166666666666	0.0075849463761465	Residual SIPG background after derived service-entry split (expected to be zero in preferred productive SIPG build unless annual total exceeds service-entry)
SIPG	2018-05	2018	service_entry_undated	unknown_bayport_class	service_entry_undated::unknown_bayport_class	SIPG_DERIVED_SERVICE_ENTRY_V5	0.0	0.0	service_entry_post_opening_empty	0.0873166666666666	0.0075849463761465	Derived from SIPG transfer-to-PPE / service-entry anchor information; productive annual total is defined by transfers to PPE in v5
SIPG	2018-06	2018	background	unknown_bayport_class	background::unknown_bayport_class	SIPG_DERIVED_BACKGROUND_V5	0.0	0.0	nearest_year_fallback:2021	0.0873166666666666	0.0075849463761465	Residual SIPG background after derived service-entry split (expected to be zero in preferred productive SIPG build unless annual total exceeds service-entry)
SIPG	2018-06	2018	service_entry_undated	unknown_bayport_class	service_entry_undated::unknown_bayport_class	SIPG_DERIVED_SERVICE_ENTRY_V5	0.0	0.0	service_entry_post_opening_empty	0.0873166666666666	0.0075849463761465	Derived from SIPG transfer-to-PPE / service-entry anchor information; productive annual total is defined by transfers to PPE in v5
SIPG	2018-07	2018	background	unknown_bayport_class	background::unknown_bayport_class	SIPG_DERIVED_BACKGROUND_V5	0.0	0.0	nearest_year_fallback:2021	0.0873166666666666	0.0075849463761465	Residual SIPG background after derived service-entry split (expected to be zero in preferred productive SIPG build unless annual total exceeds service-entry)
SIPG	2018-07	2018	service_entry_undated	unknown_bayport_class	service_entry_undated::unknown_bayport_class	SIPG_DERIVED_SERVICE_ENTRY_V5	0.0	0.0	service_entry_post_opening_empty	0.0873166666666666	0.0075849463761465	Derived from SIPG transfer-to-PPE / service-entry anchor information; productive annual total is defined by transfers to PPE in v5
SIPG	2018-08	2018	background	unknown_bayport_class	background::unknown_bayport_class	SIPG_DERIVED_BACKGROUND_V5	0.0	0.0	nearest_year_fallback:2021	0.0873166666666666	0.0075849463761465	Residual SIPG background after derived service-entry split (expected to be zero in preferred productive SIPG build unless annual total exceeds service-entry)
SIPG	2018-08	2018	service_entry_undated	unknown_bayport_class	service_entry_undated::unknown_bayport_class	SIPG_DERIVED_SERVICE_ENTRY_V5	0.0	0.0	service_entry_post_opening_empty	0.0873166666666666	0.0075849463761465	Derived from SIPG transfer-to-PPE / service-entry anchor information; productive annual total is defined by transfers to PPE in v5
SIPG	2018-09	2018	background	unknown_bayport_class	background::unknown_bayport_class	SIPG_DERIVED_BACKGROUND_V5	0.0	0.25	nearest_year_fallback:2021	0.0873166666666666	0.0075849463761465	Residual SIPG background after derived service-entry split (expected to be zero in preferred productive SIPG build unless annual total exceeds service-entry)
SIPG	2018-09	2018	service_entry_undated	unknown_bayport_class	service_entry_undated::unknown_bayport_class	SIPG_DERIVED_SERVICE_ENTRY_V5	0.0	0.0	service_entry_post_opening_empty	0.0873166666666666	0.0075849463761465	Derived from SIPG transfer-to-PPE / service-entry anchor information; productive annual total is defined by transfers to PPE in v5
SIPG	2018-10	2018	background	unknown_bayport_class	background::unknown_bayport_class	SIPG_DERIVED_BACKGROUND_V5	0.0	0.25	nearest_year_fallback:2021	0.0873166666666666	0.0075849463761465	Residual SIPG background after derived service-entry split (expected to be zero in preferred productive SIPG build unless annual total exceeds service-entry)
SIPG	2018-10	2018	service_entry_undated	unknown_bayport_class	service_entry_undated::unknown_bayport_class	SIPG_DERIVED_SERVICE_ENTRY_V5	0.0	0.0	service_entry_post_opening_empty	0.0873166666666666	0.0075849463761465	Derived from SIPG transfer-to-PPE / service-entry anchor information; productive annual total is defined by transfers to PPE in v5
SIPG	2018-11	2018	background	unknown_bayport_class	background::unknown_bayport_class	SIPG_DERIVED_BACKGROUND_V5	0.0	0.25	nearest_year_fallback:2021	0.0873166666666666	0.0075849463761465	Residual SIPG background after derived service-entry split (expected to be zero in preferred productive SIPG build unless annual total exceeds service-entry)
SIPG	2018-11	2018	service_entry_undated	unknown_bayport_class	service_entry_undated::unknown_bayport_class	SIPG_DERIVED_SERVICE_ENTRY_V5	0.0	0.0	service_entry_post_opening_empty	0.0873166666666666	0.0075849463761465	Derived from SIPG transfer-to-PPE / service-entry anchor information; productive annual total is defined by transfers to PPE in v5
SIPG	2018-12	2018	background	unknown_bayport_class	background::unknown_bayport_class	SIPG_DERIVED_BACKGROUND_V5	0.0	0.25	nearest_year_fallback:2021	0.0873166666666666	0.0075849463761465	Residual SIPG background after derived service-entry split (expected to be zero in preferred productive SIPG build unless annual total exceeds service-entry)
SIPG	2018-12	2018	service_entry_undated	unknown_bayport_class	service_entry_undated::unknown_bayport_class	SIPG_DERIVED_SERVICE_ENTRY_V5	0.0	0.0	service_entry_post_opening_empty	0.0873166666666666	0.0075849463761465	Derived from SIPG transfer-to-PPE / service-entry anchor information; productive annual total is defined by transfers to PPE in v5
SIPG	2019-01	2019	background	unknown_bayport_class	background::unknown_bayport_class	SIPG_DERIVED_BACKGROUND_V5	0.0	0.0	nearest_year_fallback:2021	0.0873166666666666	0.0075849463761465	Residual SIPG background after derived service-entry split (expected to be zero in preferred productive SIPG build unless annual total exceeds service-entry)
SIPG	2019-01	2019	service_entry_undated	unknown_bayport_class	service_entry_undated::unknown_bayport_class	SIPG_DERIVED_SERVICE_ENTRY_V5	0.0	0.0	service_entry_post_opening_empty	0.0873166666666666	0.0075849463761465	Derived from SIPG transfer-to-PPE / service-entry anchor information; productive annual total is defined by transfers to PPE in v5
SIPG	2019-02	2019	background	unknown_bayport_class	background::unknown_bayport_class	SIPG_DERIVED_BACKGROUND_V5	0.0	0.0	nearest_year_fallback:2021	0.0873166666666666	0.0075849463761465	Residual SIPG background after derived service-entry split (expected to be zero in preferred productive SIPG build unless annual total exceeds service-entry)
SIPG	2019-02	2019	service_entry_undated	unknown_bayport_class	service_entry_undated::unknown_bayport_class	SIPG_DERIVED_SERVICE_ENTRY_V5	0.0	0.0	service_entry_post_opening_empty	0.0873166666666666	0.0075849463761465	Derived from SIPG transfer-to-PPE / service-entry anchor information; productive annual total is defined by transfers to PPE in v5
SIPG	2019-03	2019	background	unknown_bayport_class	background::unknown_bayport_class	SIPG_DERIVED_BACKGROUND_V5	0.0	0.0	nearest_year_fallback:2021	0.0873166666666666	0.0075849463761465	Residual SIPG background after derived service-entry split (expected to be zero in preferred productive SIPG build unless annual total exceeds service-entry)
SIPG	2019-03	2019	service_entry_undated	unknown_bayport_class	service_entry_undated::unknown_bayport_class	SIPG_DERIVED_SERVICE_ENTRY_V5	0.0	0.0	service_entry_post_opening_empty	0.0873166666666666	0.0075849463761465	Derived from SIPG transfer-to-PPE / service-entry anchor information; productive annual total is defined by transfers to PPE in v5
SIPG	2019-04	2019	background	unknown_bayport_class	background::unknown_bayport_class	SIPG_DERIVED_BACKGROUND_V5	0.0	0.0	nearest_year_fallback:2021	0.0873166666666666	0.0075849463761465	Residual SIPG background after derived service-entry split (expected to be zero in preferred productive SIPG build unless annual total exceeds service-entry)
SIPG	2019-04	2019	service_entry_undated	unknown_bayport_class	service_entry_undated::unknown_bayport_class	SIPG_DERIVED_SERVICE_ENTRY_V5	0.0	0.0	service_entry_post_opening_empty	0.0873166666666666	0.0075849463761465	Derived from SIPG transfer-to-PPE / service-entry anchor information; productive annual total is defined by transfers to PPE in v5
SIPG	2019-05	2019	background	unknown_bayport_class	background::unknown_bayport_class	SIPG_DERIVED_BACKGROUND_V5	0.0	0.0	nearest_year_fallback:2021	0.0873166666666666	0.0075849463761465	Residual SIPG background after derived service-entry split (expected to be zero in preferred productive SIPG build unless annual total exceeds service-entry)
SIPG	2019-05	2019	service_entry_undated	unknown_bayport_class	service_entry_undated::unknown_bayport_class	SIPG_DERIVED_SERVICE_ENTRY_V5	0.0	0.0	service_entry_post_opening_empty	0.0873166666666666	0.0075849463761465	Derived from SIPG transfer-to-PPE / service-entry anchor information; productive annual total is defined by transfers to PPE in v5
SIPG	2019-06	2019	background	unknown_bayport_class	background::unknown_bayport_class	SIPG_DERIVED_BACKGROUND_V5	0.0	0.0	nearest_year_fallback:2021	0.0873166666666666	0.0075849463761465	Residual SIPG background after derived service-entry split (expected to be zero in preferred productive SIPG build unless annual total exceeds service-entry)
SIPG	2019-06	2019	service_entry_undated	unknown_bayport_class	service_entry_undated::unknown_bayport_class	SIPG_DERIVED_SERVICE_ENTRY_V5	0.0	0.0	service_entry_post_opening_empty	0.0873166666666666	0.0075849463761465	Derived from SIPG transfer-to-PPE / service-entry anchor information; productive annual total is defined by transfers to PPE in v5
SIPG	2019-07	2019	background	unknown_bayport_class	background::unknown_bayport_class	SIPG_DERIVED_BACKGROUND_V5	0.0	0.0	nearest_year_fallback:2021	0.0873166666666666	0.0075849463761465	Residual SIPG background after derived service-entry split (expected to be zero in preferred productive SIPG build unless annual total exceeds service-entry)
SIPG	2019-07	2019	service_entry_undated	unknown_bayport_class	service_entry_undated::unknown_bayport_class	SIPG_DERIVED_SERVICE_ENTRY_V5	0.0	0.0	service_entry_post_opening_empty	0.0873166666666666	0.0075849463761465	Derived from SIPG transfer-to-PPE / service-entry anchor information; productive annual total is defined by transfers to PPE in v5
SIPG	2019-08	2019	background	unknown_bayport_class	background::unknown_bayport_class	SIPG_DERIVED_BACKGROUND_V5	0.0	0.0	nearest_year_fallback:2021	0.0873166666666666	0.0075849463761465	Residual SIPG background after derived service-entry split (expected to be zero in preferred productive SIPG build unless annual total exceeds service-entry)
SIPG	2019-08	2019	service_entry_undated	unknown_bayport_class	service_entry_undated::unknown_bayport_class	SIPG_DERIVED_SERVICE_ENTRY_V5	0.0	0.0	service_entry_post_opening_empty	0.0873166666666666	0.0075849463761465	Derived from SIPG transfer-to-PPE / service-entry anchor information; productive annual total is defined by transfers to PPE in v5
SIPG	2019-09	2019	background	unknown_bayport_class	background::unknown_bayport_class	SIPG_DERIVED_BACKGROUND_V5	0.0	0.25	nearest_year_fallback:2021	0.0873166666666666	0.0075849463761465	Residual SIPG background after derived service-entry split (expected to be zero in preferred productive SIPG build unless annual total exceeds service-entry)
SIPG	2019-09	2019	service_entry_undated	unknown_bayport_class	service_entry_undated::unknown_bayport_class	SIPG_DERIVED_SERVICE_ENTRY_V5	0.0	0.0	service_entry_post_opening_empty	0.0873166666666666	0.0075849463761465	Derived from SIPG transfer-to-PPE / service-entry anchor information; productive annual total is defined by transfers to PPE in v5
SIPG	2019-10	2019	background	unknown_bayport_class	background::unknown_bayport_class	SIPG_DERIVED_BACKGROUND_V5	0.0	0.25	nearest_year_fallback:2021	0.0873166666666666	0.0075849463761465	Residual SIPG background after derived service-entry split (expected to be zero in preferred productive SIPG build unless annual total exceeds service-entry)
SIPG	2019-10	2019	service_entry_undated	unknown_bayport_class	service_entry_undated::unknown_bayport_class	SIPG_DERIVED_SERVICE_ENTRY_V5	0.0	0.0	service_entry_post_opening_empty	0.0873166666666666	0.0075849463761465	Derived from SIPG transfer-to-PPE / service-entry anchor information; productive annual total is defined by transfers to PPE in v5
SIPG	2019-11	2019	background	unknown_bayport_class	background::unknown_bayport_class	SIPG_DERIVED_BACKGROUND_V5	0.0	0.25	nearest_year_fallback:2021	0.0873166666666666	0.0075849463761465	Residual SIPG background after derived service-entry split (expected to be zero in preferred productive SIPG build unless annual total exceeds service-entry)
SIPG	2019-11	2019	service_entry_undated	unknown_bayport_class	service_entry_undated::unknown_bayport_class	SIPG_DERIVED_SERVICE_ENTRY_V5	0.0	0.0	service_entry_post_opening_empty	0.0873166666666666	0.0075849463761465	Derived from SIPG transfer-to-PPE / service-entry anchor information; productive annual total is defined by transfers to PPE in v5
SIPG	2019-12	2019	background	unknown_bayport_class	background::unknown_bayport_class	SIPG_DERIVED_BACKGROUND_V5	0.0	0.25	nearest_year_fallback:2021	0.0873166666666666	0.0075849463761465	Residual SIPG background after derived service-entry split (expected to be zero in preferred productive SIPG build unless annual total exceeds service-entry)
SIPG	2019-12	2019	service_entry_undated	unknown_bayport_class	service_entry_undated::unknown_bayport_class	SIPG_DERIVED_SERVICE_ENTRY_V5	0.0	0.0	service_entry_post_opening_empty	0.0873166666666666	0.0075849463761465	Derived from SIPG transfer-to-PPE / service-entry anchor information; productive annual total is defined by transfers to PPE in v5
SIPG	2020-01	2020	background	unknown_bayport_class	background::unknown_bayport_class	SIPG_DERIVED_BACKGROUND_V5	0.0	0.0	nearest_year_fallback:2021	0.0873166666666666	0.0075849463761465	Residual SIPG background after derived service-entry split (expected to be zero in preferred productive SIPG build unless annual total exceeds service-entry)
SIPG	2020-01	2020	service_entry_undated	unknown_bayport_class	service_entry_undated::unknown_bayport_class	SIPG_DERIVED_SERVICE_ENTRY_V5	0.0	0.0	service_entry_post_opening_empty	0.0873166666666666	0.0075849463761465	Derived from SIPG transfer-to-PPE / service-entry anchor information; productive annual total is defined by transfers to PPE in v5
SIPG	2020-02	2020	background	unknown_bayport_class	background::unknown_bayport_class	SIPG_DERIVED_BACKGROUND_V5	0.0	0.0	nearest_year_fallback:2021	0.0873166666666666	0.0075849463761465	Residual SIPG background after derived service-entry split (expected to be zero in preferred productive SIPG build unless annual total exceeds service-entry)
SIPG	2020-02	2020	service_entry_undated	unknown_bayport_class	service_entry_undated::unknown_bayport_class	SIPG_DERIVED_SERVICE_ENTRY_V5	0.0	0.0	service_entry_post_opening_empty	0.0873166666666666	0.0075849463761465	Derived from SIPG transfer-to-PPE / service-entry anchor information; productive annual total is defined by transfers to PPE in v5
SIPG	2020-03	2020	background	unknown_bayport_class	background::unknown_bayport_class	SIPG_DERIVED_BACKGROUND_V5	0.0	0.0	nearest_year_fallback:2021	0.0873166666666666	0.0075849463761465	Residual SIPG background after derived service-entry split (expected to be zero in preferred productive SIPG build unless annual total exceeds service-entry)
SIPG	2020-03	2020	service_entry_undated	unknown_bayport_class	service_entry_undated::unknown_bayport_class	SIPG_DERIVED_SERVICE_ENTRY_V5	0.0	0.0	service_entry_post_opening_empty	0.0873166666666666	0.0075849463761465	Derived from SIPG transfer-to-PPE / service-entry anchor information; productive annual total is defined by transfers to PPE in v5
SIPG	2020-04	2020	background	unknown_bayport_class	background::unknown_bayport_class	SIPG_DERIVED_BACKGROUND_V5	0.0	0.0	nearest_year_fallback:2021	0.0873166666666666	0.0075849463761465	Residual SIPG background after derived service-entry split (expected to be zero in preferred productive SIPG build unless annual total exceeds service-entry)
SIPG	2020-04	2020	service_entry_undated	unknown_bayport_class	service_entry_undated::unknown_bayport_class	SIPG_DERIVED_SERVICE_ENTRY_V5	0.0	0.0	service_entry_post_opening_empty	0.0873166666666666	0.0075849463761465	Derived from SIPG transfer-to-PPE / service-entry anchor information; productive annual total is defined by transfers to PPE in v5
SIPG	2020-05	2020	background	unknown_bayport_class	background::unknown_bayport_class	SIPG_DERIVED_BACKGROUND_V5	0.0	0.0	nearest_year_fallback:2021	0.0873166666666666	0.0075849463761465	Residual SIPG background after derived service-entry split (expected to be zero in preferred productive SIPG build unless annual total exceeds service-entry)
SIPG	2020-05	2020	service_entry_undated	unknown_bayport_class	service_entry_undated::unknown_bayport_class	SIPG_DERIVED_SERVICE_ENTRY_V5	0.0	0.0	service_entry_post_opening_empty	0.0873166666666666	0.0075849463761465	Derived from SIPG transfer-to-PPE / service-entry anchor information; productive annual total is defined by transfers to PPE in v5
SIPG	2020-06	2020	background	unknown_bayport_class	background::unknown_bayport_class	SIPG_DERIVED_BACKGROUND_V5	0.0	0.0	nearest_year_fallback:2021	0.0873166666666666	0.0075849463761465	Residual SIPG background after derived service-entry split (expected to be zero in preferred productive SIPG build unless annual total exceeds service-entry)
SIPG	2020-06	2020	service_entry_undated	unknown_bayport_class	service_entry_undated::unknown_bayport_class	SIPG_DERIVED_SERVICE_ENTRY_V5	0.0	0.0	service_entry_post_opening_empty	0.0873166666666666	0.0075849463761465	Derived from SIPG transfer-to-PPE / service-entry anchor information; productive annual total is defined by transfers to PPE in v5
SIPG	2020-07	2020	background	unknown_bayport_class	background::unknown_bayport_class	SIPG_DERIVED_BACKGROUND_V5	0.0	0.0	nearest_year_fallback:2021	0.0873166666666666	0.0075849463761465	Residual SIPG background after derived service-entry split (expected to be zero in preferred productive SIPG build unless annual total exceeds service-entry)
SIPG	2020-07	2020	service_entry_undated	unknown_bayport_class	service_entry_undated::unknown_bayport_class	SIPG_DERIVED_SERVICE_ENTRY_V5	0.0	0.0	service_entry_post_opening_empty	0.0873166666666666	0.0075849463761465	Derived from SIPG transfer-to-PPE / service-entry anchor information; productive annual total is defined by transfers to PPE in v5
SIPG	2020-08	2020	background	unknown_bayport_class	background::unknown_bayport_class	SIPG_DERIVED_BACKGROUND_V5	0.0	0.0	nearest_year_fallback:2021	0.0873166666666666	0.0075849463761465	Residual SIPG background after derived service-entry split (expected to be zero in preferred productive SIPG build unless annual total exceeds service-entry)
SIPG	2020-08	2020	service_entry_undated	unknown_bayport_class	service_entry_undated::unknown_bayport_class	SIPG_DERIVED_SERVICE_ENTRY_V5	0.0	0.0	service_entry_post_opening_empty	0.0873166666666666	0.0075849463761465	Derived from SIPG transfer-to-PPE / service-entry anchor information; productive annual total is defined by transfers to PPE in v5
SIPG	2020-09	2020	background	unknown_bayport_class	background::unknown_bayport_class	SIPG_DERIVED_BACKGROUND_V5	0.0	0.25	nearest_year_fallback:2021	0.0873166666666666	0.0075849463761465	Residual SIPG background after derived service-entry split (expected to be zero in preferred productive SIPG build unless annual total exceeds service-entry)
SIPG	2020-09	2020	service_entry_undated	unknown_bayport_class	service_entry_undated::unknown_bayport_class	SIPG_DERIVED_SERVICE_ENTRY_V5	0.0	0.0	service_entry_post_opening_empty	0.0873166666666666	0.0075849463761465	Derived from SIPG transfer-to-PPE / service-entry anchor information; productive annual total is defined by transfers to PPE in v5
SIPG	2020-10	2020	background	unknown_bayport_class	background::unknown_bayport_class	SIPG_DERIVED_BACKGROUND_V5	0.0	0.25	nearest_year_fallback:2021	0.0873166666666666	0.0075849463761465	Residual SIPG background after derived service-entry split (expected to be zero in preferred productive SIPG build unless annual total exceeds service-entry)
SIPG	2020-10	2020	service_entry_undated	unknown_bayport_class	service_entry_undated::unknown_bayport_class	SIPG_DERIVED_SERVICE_ENTRY_V5	0.0	0.0	service_entry_post_opening_empty	0.0873166666666666	0.0075849463761465	Derived from SIPG transfer-to-PPE / service-entry anchor information; productive annual total is defined by transfers to PPE in v5
SIPG	2020-11	2020	background	unknown_bayport_class	background::unknown_bayport_class	SIPG_DERIVED_BACKGROUND_V5	0.0	0.25	nearest_year_fallback:2021	0.0873166666666666	0.0075849463761465	Residual SIPG background after derived service-entry split (expected to be zero in preferred productive SIPG build unless annual total exceeds service-entry)
SIPG	2020-11	2020	service_entry_undated	unknown_bayport_class	service_entry_undated::unknown_bayport_class	SIPG_DERIVED_SERVICE_ENTRY_V5	0.0	0.0	service_entry_post_opening_empty	0.0873166666666666	0.0075849463761465	Derived from SIPG transfer-to-PPE / service-entry anchor information; productive annual total is defined by transfers to PPE in v5
SIPG	2020-12	2020	background	unknown_bayport_class	background::unknown_bayport_class	SIPG_DERIVED_BACKGROUND_V5	0.0	0.25	nearest_year_fallback:2021	0.0873166666666666	0.0075849463761465	Residual SIPG background after derived service-entry split (expected to be zero in preferred productive SIPG build unless annual total exceeds service-entry)
SIPG	2020-12	2020	service_entry_undated	unknown_bayport_class	service_entry_undated::unknown_bayport_class	SIPG_DERIVED_SERVICE_ENTRY_V5	4482.0	0.0	service_entry_post_opening_empty	0.0873166666666666	0.0075849463761465	Derived from SIPG transfer-to-PPE / service-entry anchor information; productive annual total is defined by transfers to PPE in v5
SIPG	2021-01	2021	background	unknown_bayport_class	background::unknown_bayport_class	SIPG_DERIVED_BACKGROUND_V5	0.0	0.0	exact	0.0873166666666666	0.0075849463761465	Residual SIPG background after derived service-entry split (expected to be zero in preferred productive SIPG build unless annual total exceeds service-entry)
SIPG	2021-01	2021	service_entry_undated	unknown_bayport_class	service_entry_undated::unknown_bayport_class	SIPG_DERIVED_SERVICE_ENTRY_V5	0.0	0.0	service_entry_post_opening_backloaded	0.0873166666666666	0.0075849463761465	Derived from SIPG transfer-to-PPE / service-entry anchor information; productive annual total is defined by transfers to PPE in v5
SIPG	2021-02	2021	background	unknown_bayport_class	background::unknown_bayport_class	SIPG_DERIVED_BACKGROUND_V5	0.0	0.0	exact	0.0873166666666666	0.0075849463761465	Residual SIPG background after derived service-entry split (expected to be zero in preferred productive SIPG build unless annual total exceeds service-entry)
SIPG	2021-02	2021	service_entry_undated	unknown_bayport_class	service_entry_undated::unknown_bayport_class	SIPG_DERIVED_SERVICE_ENTRY_V5	0.0	0.0	service_entry_post_opening_backloaded	0.0873166666666666	0.0075849463761465	Derived from SIPG transfer-to-PPE / service-entry anchor information; productive annual total is defined by transfers to PPE in v5
SIPG	2021-03	2021	background	unknown_bayport_class	background::unknown_bayport_class	SIPG_DERIVED_BACKGROUND_V5	0.0	0.0	exact	0.0873166666666666	0.0075849463761465	Residual SIPG background after derived service-entry split (expected to be zero in preferred productive SIPG build unless annual total exceeds service-entry)
SIPG	2021-03	2021	service_entry_undated	unknown_bayport_class	service_entry_undated::unknown_bayport_class	SIPG_DERIVED_SERVICE_ENTRY_V5	0.0	0.0	service_entry_post_opening_backloaded	0.0873166666666666	0.0075849463761465	Derived from SIPG transfer-to-PPE / service-entry anchor information; productive annual total is defined by transfers to PPE in v5
SIPG	2021-04	2021	background	unknown_bayport_class	background::unknown_bayport_class	SIPG_DERIVED_BACKGROUND_V5	0.0	0.0	exact	0.0873166666666666	0.0075849463761465	Residual SIPG background after derived service-entry split (expected to be zero in preferred productive SIPG build unless annual total exceeds service-entry)
SIPG	2021-04	2021	service_entry_undated	unknown_bayport_class	service_entry_undated::unknown_bayport_class	SIPG_DERIVED_SERVICE_ENTRY_V5	0.0	0.0	service_entry_post_opening_backloaded	0.0873166666666666	0.0075849463761465	Derived from SIPG transfer-to-PPE / service-entry anchor information; productive annual total is defined by transfers to PPE in v5
SIPG	2021-05	2021	background	unknown_bayport_class	background::unknown_bayport_class	SIPG_DERIVED_BACKGROUND_V5	0.0	0.0	exact	0.0873166666666666	0.0075849463761465	Residual SIPG background after derived service-entry split (expected to be zero in preferred productive SIPG build unless annual total exceeds service-entry)
SIPG	2021-05	2021	service_entry_undated	unknown_bayport_class	service_entry_undated::unknown_bayport_class	SIPG_DERIVED_SERVICE_ENTRY_V5	0.0	0.0	service_entry_post_opening_backloaded	0.0873166666666666	0.0075849463761465	Derived from SIPG transfer-to-PPE / service-entry anchor information; productive annual total is defined by transfers to PPE in v5
SIPG	2021-06	2021	background	unknown_bayport_class	background::unknown_bayport_class	SIPG_DERIVED_BACKGROUND_V5	0.0	0.0	exact	0.0873166666666666	0.0075849463761465	Residual SIPG background after derived service-entry split (expected to be zero in preferred productive SIPG build unless annual total exceeds service-entry)
SIPG	2021-06	2021	service_entry_undated	unknown_bayport_class	service_entry_undated::unknown_bayport_class	SIPG_DERIVED_SERVICE_ENTRY_V5	0.0	0.0	service_entry_post_opening_backloaded	0.0873166666666666	0.0075849463761465	Derived from SIPG transfer-to-PPE / service-entry anchor information; productive annual total is defined by transfers to PPE in v5
SIPG	2021-07	2021	background	unknown_bayport_class	background::unknown_bayport_class	SIPG_DERIVED_BACKGROUND_V5	0.0	0.0	exact	0.0873166666666666	0.0075849463761465	Residual SIPG background after derived service-entry split (expected to be zero in preferred productive SIPG build unless annual total exceeds service-entry)
SIPG	2021-07	2021	service_entry_undated	unknown_bayport_class	service_entry_undated::unknown_bayport_class	SIPG_DERIVED_SERVICE_ENTRY_V5	0.0	0.0	service_entry_post_opening_backloaded	0.0873166666666666	0.0075849463761465	Derived from SIPG transfer-to-PPE / service-entry anchor information; productive annual total is defined by transfers to PPE in v5
SIPG	2021-08	2021	background	unknown_bayport_class	background::unknown_bayport_class	SIPG_DERIVED_BACKGROUND_V5	0.0	0.0	exact	0.0873166666666666	0.0075849463761465	Residual SIPG background after derived service-entry split (expected to be zero in preferred productive SIPG build unless annual total exceeds service-entry)
SIPG	2021-08	2021	service_entry_undated	unknown_bayport_class	service_entry_undated::unknown_bayport_class	SIPG_DERIVED_SERVICE_ENTRY_V5	0.0	0.0	service_entry_post_opening_backloaded	0.0873166666666666	0.0075849463761465	Derived from SIPG transfer-to-PPE / service-entry anchor information; productive annual total is defined by transfers to PPE in v5
SIPG	2021-09	2021	background	unknown_bayport_class	background::unknown_bayport_class	SIPG_DERIVED_BACKGROUND_V5	0.0	0.25	exact	0.0873166666666666	0.0075849463761465	Residual SIPG background after derived service-entry split (expected to be zero in preferred productive SIPG build unless annual total exceeds service-entry)
SIPG	2021-09	2021	service_entry_undated	unknown_bayport_class	service_entry_undated::unknown_bayport_class	SIPG_DERIVED_SERVICE_ENTRY_V5	133962.9	0.1	service_entry_post_opening_backloaded	0.0873166666666666	0.0075849463761465	Derived from SIPG transfer-to-PPE / service-entry anchor information; productive annual total is defined by transfers to PPE in v5
SIPG	2021-10	2021	background	unknown_bayport_class	background::unknown_bayport_class	SIPG_DERIVED_BACKGROUND_V5	0.0	0.25	exact	0.0873166666666666	0.0075849463761465	Residual SIPG background after derived service-entry split (expected to be zero in preferred productive SIPG build unless annual total exceeds service-entry)
SIPG	2021-10	2021	service_entry_undated	unknown_bayport_class	service_entry_undated::unknown_bayport_class	SIPG_DERIVED_SERVICE_ENTRY_V5	267925.8	0.2	service_entry_post_opening_backloaded	0.0873166666666666	0.0075849463761465	Derived from SIPG transfer-to-PPE / service-entry anchor information; productive annual total is defined by transfers to PPE in v5
SIPG	2021-11	2021	background	unknown_bayport_class	background::unknown_bayport_class	SIPG_DERIVED_BACKGROUND_V5	0.0	0.25	exact	0.0873166666666666	0.0075849463761465	Residual SIPG background after derived service-entry split (expected to be zero in preferred productive SIPG build unless annual total exceeds service-entry)
SIPG	2021-11	2021	service_entry_undated	unknown_bayport_class	service_entry_undated::unknown_bayport_class	SIPG_DERIVED_SERVICE_ENTRY_V5	401888.7	0.3	service_entry_post_opening_backloaded	0.0873166666666666	0.0075849463761465	Derived from SIPG transfer-to-PPE / service-entry anchor information; productive annual total is defined by transfers to PPE in v5
SIPG	2021-12	2021	background	unknown_bayport_class	background::unknown_bayport_class	SIPG_DERIVED_BACKGROUND_V5	0.0	0.25	exact	0.0873166666666666	0.0075849463761465	Residual SIPG background after derived service-entry split (expected to be zero in preferred productive SIPG build unless annual total exceeds service-entry)
SIPG	2021-12	2021	service_entry_undated	unknown_bayport_class	service_entry_undated::unknown_bayport_class	SIPG_DERIVED_SERVICE_ENTRY_V5	535851.6	0.4	service_entry_post_opening_backloaded	0.0873166666666666	0.0075849463761465	Derived from SIPG transfer-to-PPE / service-entry anchor information; productive annual total is defined by transfers to PPE in v5
SIPG	2022-01	2022	background	unknown_bayport_class	background::unknown_bayport_class	SIPG_DERIVED_BACKGROUND_V5	0.0	0.0833333333333333	exact	0.0873166666666666	0.0075849463761465	Residual SIPG background after derived service-entry split (expected to be zero in preferred productive SIPG build unless annual total exceeds service-entry)
SIPG	2022-01	2022	service_entry_undated	unknown_bayport_class	service_entry_undated::unknown_bayport_class	SIPG_DERIVED_SERVICE_ENTRY_V5	6023.128205128205	0.01282051282051282	service_entry_post_opening_backloaded	0.0873166666666666	0.0075849463761465	Derived from SIPG transfer-to-PPE / service-entry anchor information; productive annual total is defined by transfers to PPE in v5
SIPG	2022-02	2022	background	unknown_bayport_class	background::unknown_bayport_class	SIPG_DERIVED_BACKGROUND_V5	0.0	0.0833333333333333	exact	0.0873166666666666	0.0075849463761465	Residual SIPG background after derived service-entry split (expected to be zero in preferred productive SIPG build unless annual total exceeds service-entry)
SIPG	2022-02	2022	service_entry_undated	unknown_bayport_class	service_entry_undated::unknown_bayport_class	SIPG_DERIVED_SERVICE_ENTRY_V5	12046.25641025641	0.02564102564102564	service_entry_post_opening_backloaded	0.0873166666666666	0.0075849463761465	Derived from SIPG transfer-to-PPE / service-entry anchor information; productive annual total is defined by transfers to PPE in v5
SIPG	2022-03	2022	background	unknown_bayport_class	background::unknown_bayport_class	SIPG_DERIVED_BACKGROUND_V5	0.0	0.0833333333333333	exact	0.0873166666666666	0.0075849463761465	Residual SIPG background after derived service-entry split (expected to be zero in preferred productive SIPG build unless annual total exceeds service-entry)
SIPG	2022-03	2022	service_entry_undated	unknown_bayport_class	service_entry_undated::unknown_bayport_class	SIPG_DERIVED_SERVICE_ENTRY_V5	18069.384615384617	0.038461538461538464	service_entry_post_opening_backloaded	0.0873166666666666	0.0075849463761465	Derived from SIPG transfer-to-PPE / service-entry anchor information; productive annual total is defined by transfers to PPE in v5
SIPG	2022-04	2022	background	unknown_bayport_class	background::unknown_bayport_class	SIPG_DERIVED_BACKGROUND_V5	0.0	0.0833333333333333	exact	0.0873166666666666	0.0075849463761465	Residual SIPG background after derived service-entry split (expected to be zero in preferred productive SIPG build unless annual total exceeds service-entry)
SIPG	2022-04	2022	service_entry_undated	unknown_bayport_class	service_entry_undated::unknown_bayport_class	SIPG_DERIVED_SERVICE_ENTRY_V5	24092.51282051282	0.05128205128205128	service_entry_post_opening_backloaded	0.0873166666666666	0.0075849463761465	Derived from SIPG transfer-to-PPE / service-entry anchor information; productive annual total is defined by transfers to PPE in v5
SIPG	2022-05	2022	background	unknown_bayport_class	background::unknown_bayport_class	SIPG_DERIVED_BACKGROUND_V5	0.0	0.0833333333333333	exact	0.0873166666666666	0.0075849463761465	Residual SIPG background after derived service-entry split (expected to be zero in preferred productive SIPG build unless annual total exceeds service-entry)
SIPG	2022-05	2022	service_entry_undated	unknown_bayport_class	service_entry_undated::unknown_bayport_class	SIPG_DERIVED_SERVICE_ENTRY_V5	30115.641025641024	0.0641025641025641	service_entry_post_opening_backloaded	0.0873166666666666	0.0075849463761465	Derived from SIPG transfer-to-PPE / service-entry anchor information; productive annual total is defined by transfers to PPE in v5
SIPG	2022-06	2022	background	unknown_bayport_class	background::unknown_bayport_class	SIPG_DERIVED_BACKGROUND_V5	0.0	0.0833333333333333	exact	0.0873166666666666	0.0075849463761465	Residual SIPG background after derived service-entry split (expected to be zero in preferred productive SIPG build unless annual total exceeds service-entry)
SIPG	2022-06	2022	service_entry_undated	unknown_bayport_class	service_entry_undated::unknown_bayport_class	SIPG_DERIVED_SERVICE_ENTRY_V5	36138.769230769234	0.07692307692307693	service_entry_post_opening_backloaded	0.0873166666666666	0.0075849463761465	Derived from SIPG transfer-to-PPE / service-entry anchor information; productive annual total is defined by transfers to PPE in v5
SIPG	2022-07	2022	background	unknown_bayport_class	background::unknown_bayport_class	SIPG_DERIVED_BACKGROUND_V5	0.0	0.0833333333333333	exact	0.0873166666666666	0.0075849463761465	Residual SIPG background after derived service-entry split (expected to be zero in preferred productive SIPG build unless annual total exceeds service-entry)
SIPG	2022-07	2022	service_entry_undated	unknown_bayport_class	service_entry_undated::unknown_bayport_class	SIPG_DERIVED_SERVICE_ENTRY_V5	42161.89743589744	0.08974358974358974	service_entry_post_opening_backloaded	0.0873166666666666	0.0075849463761465	Derived from SIPG transfer-to-PPE / service-entry anchor information; productive annual total is defined by transfers to PPE in v5
SIPG	2022-08	2022	background	unknown_bayport_class	background::unknown_bayport_class	SIPG_DERIVED_BACKGROUND_V5	0.0	0.0833333333333333	exact	0.0873166666666666	0.0075849463761465	Residual SIPG background after derived service-entry split (expected to be zero in preferred productive SIPG build unless annual total exceeds service-entry)
SIPG	2022-08	2022	service_entry_undated	unknown_bayport_class	service_entry_undated::unknown_bayport_class	SIPG_DERIVED_SERVICE_ENTRY_V5	48185.02564102564	0.10256410256410256	service_entry_post_opening_backloaded	0.0873166666666666	0.0075849463761465	Derived from SIPG transfer-to-PPE / service-entry anchor information; productive annual total is defined by transfers to PPE in v5
SIPG	2022-09	2022	background	unknown_bayport_class	background::unknown_bayport_class	SIPG_DERIVED_BACKGROUND_V5	0.0	0.0833333333333333	exact	0.0873166666666666	0.0075849463761465	Residual SIPG background after derived service-entry split (expected to be zero in preferred productive SIPG build unless annual total exceeds service-entry)
SIPG	2022-09	2022	service_entry_undated	unknown_bayport_class	service_entry_undated::unknown_bayport_class	SIPG_DERIVED_SERVICE_ENTRY_V5	54208.15384615385	0.11538461538461539	service_entry_post_opening_backloaded	0.0873166666666666	0.0075849463761465	Derived from SIPG transfer-to-PPE / service-entry anchor information; productive annual total is defined by transfers to PPE in v5
SIPG	2022-10	2022	background	unknown_bayport_class	background::unknown_bayport_class	SIPG_DERIVED_BACKGROUND_V5	0.0	0.0833333333333333	exact	0.0873166666666666	0.0075849463761465	Residual SIPG background after derived service-entry split (expected to be zero in preferred productive SIPG build unless annual total exceeds service-entry)
SIPG	2022-10	2022	service_entry_undated	unknown_bayport_class	service_entry_undated::unknown_bayport_class	SIPG_DERIVED_SERVICE_ENTRY_V5	60231.28205128205	0.1282051282051282	service_entry_post_opening_backloaded	0.0873166666666666	0.0075849463761465	Derived from SIPG transfer-to-PPE / service-entry anchor information; productive annual total is defined by transfers to PPE in v5
SIPG	2022-11	2022	background	unknown_bayport_class	background::unknown_bayport_class	SIPG_DERIVED_BACKGROUND_V5	0.0	0.0833333333333333	exact	0.0873166666666666	0.0075849463761465	Residual SIPG background after derived service-entry split (expected to be zero in preferred productive SIPG build unless annual total exceeds service-entry)
SIPG	2022-11	2022	service_entry_undated	unknown_bayport_class	service_entry_undated::unknown_bayport_class	SIPG_DERIVED_SERVICE_ENTRY_V5	66254.41025641025	0.14102564102564102	service_entry_post_opening_backloaded	0.0873166666666666	0.0075849463761465	Derived from SIPG transfer-to-PPE / service-entry anchor information; productive annual total is defined by transfers to PPE in v5
SIPG	2022-12	2022	background	unknown_bayport_class	background::unknown_bayport_class	SIPG_DERIVED_BACKGROUND_V5	0.0	0.0833333333333333	exact	0.0873166666666666	0.0075849463761465	Residual SIPG background after derived service-entry split (expected to be zero in preferred productive SIPG build unless annual total exceeds service-entry)
SIPG	2022-12	2022	service_entry_undated	unknown_bayport_class	service_entry_undated::unknown_bayport_class	SIPG_DERIVED_SERVICE_ENTRY_V5	72277.53846153847	0.15384615384615385	service_entry_post_opening_backloaded	0.0873166666666666	0.0075849463761465	Derived from SIPG transfer-to-PPE / service-entry anchor information; productive annual total is defined by transfers to PPE in v5
SIPG	2023-01	2023	background	unknown_bayport_class	background::unknown_bayport_class	SIPG_DERIVED_BACKGROUND_V5	0.0	0.0833333333333333	nearest_year_fallback:2022	0.0873166666666666	0.0075849463761465	Residual SIPG background after derived service-entry split (expected to be zero in preferred productive SIPG build unless annual total exceeds service-entry)
SIPG	2023-01	2023	service_entry_undated	unknown_bayport_class	service_entry_undated::unknown_bayport_class	SIPG_DERIVED_SERVICE_ENTRY_V5	0.0	0.01282051282051282	service_entry_post_opening_backloaded	0.0873166666666666	0.0075849463761465	Derived from SIPG transfer-to-PPE / service-entry anchor information; productive annual total is defined by transfers to PPE in v5
SIPG	2023-02	2023	background	unknown_bayport_class	background::unknown_bayport_class	SIPG_DERIVED_BACKGROUND_V5	0.0	0.0833333333333333	nearest_year_fallback:2022	0.0873166666666666	0.0075849463761465	Residual SIPG background after derived service-entry split (expected to be zero in preferred productive SIPG build unless annual total exceeds service-entry)
SIPG	2023-02	2023	service_entry_undated	unknown_bayport_class	service_entry_undated::unknown_bayport_class	SIPG_DERIVED_SERVICE_ENTRY_V5	0.0	0.02564102564102564	service_entry_post_opening_backloaded	0.0873166666666666	0.0075849463761465	Derived from SIPG transfer-to-PPE / service-entry anchor information; productive annual total is defined by transfers to PPE in v5
SIPG	2023-03	2023	background	unknown_bayport_class	background::unknown_bayport_class	SIPG_DERIVED_BACKGROUND_V5	0.0	0.0833333333333333	nearest_year_fallback:2022	0.0873166666666666	0.0075849463761465	Residual SIPG background after derived service-entry split (expected to be zero in preferred productive SIPG build unless annual total exceeds service-entry)
SIPG	2023-03	2023	service_entry_undated	unknown_bayport_class	service_entry_undated::unknown_bayport_class	SIPG_DERIVED_SERVICE_ENTRY_V5	0.0	0.038461538461538464	service_entry_post_opening_backloaded	0.0873166666666666	0.0075849463761465	Derived from SIPG transfer-to-PPE / service-entry anchor information; productive annual total is defined by transfers to PPE in v5
SIPG	2023-04	2023	background	unknown_bayport_class	background::unknown_bayport_class	SIPG_DERIVED_BACKGROUND_V5	0.0	0.0833333333333333	nearest_year_fallback:2022	0.0873166666666666	0.0075849463761465	Residual SIPG background after derived service-entry split (expected to be zero in preferred productive SIPG build unless annual total exceeds service-entry)
SIPG	2023-04	2023	service_entry_undated	unknown_bayport_class	service_entry_undated::unknown_bayport_class	SIPG_DERIVED_SERVICE_ENTRY_V5	0.0	0.05128205128205128	service_entry_post_opening_backloaded	0.0873166666666666	0.0075849463761465	Derived from SIPG transfer-to-PPE / service-entry anchor information; productive annual total is defined by transfers to PPE in v5
SIPG	2023-05	2023	background	unknown_bayport_class	background::unknown_bayport_class	SIPG_DERIVED_BACKGROUND_V5	0.0	0.0833333333333333	nearest_year_fallback:2022	0.0873166666666666	0.0075849463761465	Residual SIPG background after derived service-entry split (expected to be zero in preferred productive SIPG build unless annual total exceeds service-entry)
SIPG	2023-05	2023	service_entry_undated	unknown_bayport_class	service_entry_undated::unknown_bayport_class	SIPG_DERIVED_SERVICE_ENTRY_V5	0.0	0.0641025641025641	service_entry_post_opening_backloaded	0.0873166666666666	0.0075849463761465	Derived from SIPG transfer-to-PPE / service-entry anchor information; productive annual total is defined by transfers to PPE in v5
SIPG	2023-06	2023	background	unknown_bayport_class	background::unknown_bayport_class	SIPG_DERIVED_BACKGROUND_V5	0.0	0.0833333333333333	nearest_year_fallback:2022	0.0873166666666666	0.0075849463761465	Residual SIPG background after derived service-entry split (expected to be zero in preferred productive SIPG build unless annual total exceeds service-entry)
SIPG	2023-06	2023	service_entry_undated	unknown_bayport_class	service_entry_undated::unknown_bayport_class	SIPG_DERIVED_SERVICE_ENTRY_V5	0.0	0.07692307692307693	service_entry_post_opening_backloaded	0.0873166666666666	0.0075849463761465	Derived from SIPG transfer-to-PPE / service-entry anchor information; productive annual total is defined by transfers to PPE in v5
SIPG	2023-07	2023	background	unknown_bayport_class	background::unknown_bayport_class	SIPG_DERIVED_BACKGROUND_V5	0.0	0.0833333333333333	nearest_year_fallback:2022	0.0873166666666666	0.0075849463761465	Residual SIPG background after derived service-entry split (expected to be zero in preferred productive SIPG build unless annual total exceeds service-entry)
SIPG	2023-07	2023	service_entry_undated	unknown_bayport_class	service_entry_undated::unknown_bayport_class	SIPG_DERIVED_SERVICE_ENTRY_V5	0.0	0.08974358974358974	service_entry_post_opening_backloaded	0.0873166666666666	0.0075849463761465	Derived from SIPG transfer-to-PPE / service-entry anchor information; productive annual total is defined by transfers to PPE in v5
SIPG	2023-08	2023	background	unknown_bayport_class	background::unknown_bayport_class	SIPG_DERIVED_BACKGROUND_V5	0.0	0.0833333333333333	nearest_year_fallback:2022	0.0873166666666666	0.0075849463761465	Residual SIPG background after derived service-entry split (expected to be zero in preferred productive SIPG build unless annual total exceeds service-entry)
SIPG	2023-08	2023	service_entry_undated	unknown_bayport_class	service_entry_undated::unknown_bayport_class	SIPG_DERIVED_SERVICE_ENTRY_V5	0.0	0.10256410256410256	service_entry_post_opening_backloaded	0.0873166666666666	0.0075849463761465	Derived from SIPG transfer-to-PPE / service-entry anchor information; productive annual total is defined by transfers to PPE in v5
SIPG	2023-09	2023	background	unknown_bayport_class	background::unknown_bayport_class	SIPG_DERIVED_BACKGROUND_V5	0.0	0.0833333333333333	nearest_year_fallback:2022	0.0873166666666666	0.0075849463761465	Residual SIPG background after derived service-entry split (expected to be zero in preferred productive SIPG build unless annual total exceeds service-entry)
SIPG	2023-09	2023	service_entry_undated	unknown_bayport_class	service_entry_undated::unknown_bayport_class	SIPG_DERIVED_SERVICE_ENTRY_V5	0.0	0.11538461538461539	service_entry_post_opening_backloaded	0.0873166666666666	0.0075849463761465	Derived from SIPG transfer-to-PPE / service-entry anchor information; productive annual total is defined by transfers to PPE in v5
SIPG	2023-10	2023	background	unknown_bayport_class	background::unknown_bayport_class	SIPG_DERIVED_BACKGROUND_V5	0.0	0.0833333333333333	nearest_year_fallback:2022	0.0873166666666666	0.0075849463761465	Residual SIPG background after derived service-entry split (expected to be zero in preferred productive SIPG build unless annual total exceeds service-entry)
SIPG	2023-10	2023	service_entry_undated	unknown_bayport_class	service_entry_undated::unknown_bayport_class	SIPG_DERIVED_SERVICE_ENTRY_V5	0.0	0.1282051282051282	service_entry_post_opening_backloaded	0.0873166666666666	0.0075849463761465	Derived from SIPG transfer-to-PPE / service-entry anchor information; productive annual total is defined by transfers to PPE in v5
SIPG	2023-11	2023	background	unknown_bayport_class	background::unknown_bayport_class	SIPG_DERIVED_BACKGROUND_V5	0.0	0.0833333333333333	nearest_year_fallback:2022	0.0873166666666666	0.0075849463761465	Residual SIPG background after derived service-entry split (expected to be zero in preferred productive SIPG build unless annual total exceeds service-entry)
SIPG	2023-11	2023	service_entry_undated	unknown_bayport_class	service_entry_undated::unknown_bayport_class	SIPG_DERIVED_SERVICE_ENTRY_V5	0.0	0.14102564102564102	service_entry_post_opening_backloaded	0.0873166666666666	0.0075849463761465	Derived from SIPG transfer-to-PPE / service-entry anchor information; productive annual total is defined by transfers to PPE in v5
SIPG	2023-12	2023	background	unknown_bayport_class	background::unknown_bayport_class	SIPG_DERIVED_BACKGROUND_V5	0.0	0.0833333333333333	nearest_year_fallback:2022	0.0873166666666666	0.0075849463761465	Residual SIPG background after derived service-entry split (expected to be zero in preferred productive SIPG build unless annual total exceeds service-entry)
SIPG	2023-12	2023	service_entry_undated	unknown_bayport_class	service_entry_undated::unknown_bayport_class	SIPG_DERIVED_SERVICE_ENTRY_V5	0.0	0.15384615384615385	service_entry_post_opening_backloaded	0.0873166666666666	0.0075849463761465	Derived from SIPG transfer-to-PPE / service-entry anchor information; productive annual total is defined by transfers to PPE in v5
SIPG	2024-01	2024	background	unknown_bayport_class	background::unknown_bayport_class	SIPG_DERIVED_BACKGROUND_V5	0.0	0.0833333333333333	exact	0.0873166666666666	0.0075849463761465	Residual SIPG background after derived service-entry split (expected to be zero in preferred productive SIPG build unless annual total exceeds service-entry)
SIPG	2024-01	2024	service_entry_undated	unknown_bayport_class	service_entry_undated::unknown_bayport_class	SIPG_DERIVED_SERVICE_ENTRY_V5	0.0	0.01282051282051282	service_entry_post_opening_backloaded	0.0873166666666666	0.0075849463761465	Derived from SIPG transfer-to-PPE / service-entry anchor information; productive annual total is defined by transfers to PPE in v5
SIPG	2024-02	2024	background	unknown_bayport_class	background::unknown_bayport_class	SIPG_DERIVED_BACKGROUND_V5	0.0	0.0833333333333333	exact	0.0873166666666666	0.0075849463761465	Residual SIPG background after derived service-entry split (expected to be zero in preferred productive SIPG build unless annual total exceeds service-entry)
SIPG	2024-02	2024	service_entry_undated	unknown_bayport_class	service_entry_undated::unknown_bayport_class	SIPG_DERIVED_SERVICE_ENTRY_V5	0.0	0.02564102564102564	service_entry_post_opening_backloaded	0.0873166666666666	0.0075849463761465	Derived from SIPG transfer-to-PPE / service-entry anchor information; productive annual total is defined by transfers to PPE in v5
SIPG	2024-03	2024	background	unknown_bayport_class	background::unknown_bayport_class	SIPG_DERIVED_BACKGROUND_V5	0.0	0.0833333333333333	exact	0.0873166666666666	0.0075849463761465	Residual SIPG background after derived service-entry split (expected to be zero in preferred productive SIPG build unless annual total exceeds service-entry)
SIPG	2024-03	2024	service_entry_undated	unknown_bayport_class	service_entry_undated::unknown_bayport_class	SIPG_DERIVED_SERVICE_ENTRY_V5	0.0	0.038461538461538464	service_entry_post_opening_backloaded	0.0873166666666666	0.0075849463761465	Derived from SIPG transfer-to-PPE / service-entry anchor information; productive annual total is defined by transfers to PPE in v5
SIPG	2024-04	2024	background	unknown_bayport_class	background::unknown_bayport_class	SIPG_DERIVED_BACKGROUND_V5	0.0	0.0833333333333333	exact	0.0873166666666666	0.0075849463761465	Residual SIPG background after derived service-entry split (expected to be zero in preferred productive SIPG build unless annual total exceeds service-entry)
SIPG	2024-04	2024	service_entry_undated	unknown_bayport_class	service_entry_undated::unknown_bayport_class	SIPG_DERIVED_SERVICE_ENTRY_V5	0.0	0.05128205128205128	service_entry_post_opening_backloaded	0.0873166666666666	0.0075849463761465	Derived from SIPG transfer-to-PPE / service-entry anchor information; productive annual total is defined by transfers to PPE in v5
SIPG	2024-05	2024	background	unknown_bayport_class	background::unknown_bayport_class	SIPG_DERIVED_BACKGROUND_V5	0.0	0.0833333333333333	exact	0.0873166666666666	0.0075849463761465	Residual SIPG background after derived service-entry split (expected to be zero in preferred productive SIPG build unless annual total exceeds service-entry)
SIPG	2024-05	2024	service_entry_undated	unknown_bayport_class	service_entry_undated::unknown_bayport_class	SIPG_DERIVED_SERVICE_ENTRY_V5	0.0	0.0641025641025641	service_entry_post_opening_backloaded	0.0873166666666666	0.0075849463761465	Derived from SIPG transfer-to-PPE / service-entry anchor information; productive annual total is defined by transfers to PPE in v5
SIPG	2024-06	2024	background	unknown_bayport_class	background::unknown_bayport_class	SIPG_DERIVED_BACKGROUND_V5	0.0	0.0833333333333333	exact	0.0873166666666666	0.0075849463761465	Residual SIPG background after derived service-entry split (expected to be zero in preferred productive SIPG build unless annual total exceeds service-entry)
SIPG	2024-06	2024	service_entry_undated	unknown_bayport_class	service_entry_undated::unknown_bayport_class	SIPG_DERIVED_SERVICE_ENTRY_V5	0.0	0.07692307692307693	service_entry_post_opening_backloaded	0.0873166666666666	0.0075849463761465	Derived from SIPG transfer-to-PPE / service-entry anchor information; productive annual total is defined by transfers to PPE in v5
SIPG	2024-07	2024	background	unknown_bayport_class	background::unknown_bayport_class	SIPG_DERIVED_BACKGROUND_V5	0.0	0.0833333333333333	exact	0.0873166666666666	0.0075849463761465	Residual SIPG background after derived service-entry split (expected to be zero in preferred productive SIPG build unless annual total exceeds service-entry)
SIPG	2024-07	2024	service_entry_undated	unknown_bayport_class	service_entry_undated::unknown_bayport_class	SIPG_DERIVED_SERVICE_ENTRY_V5	0.0	0.08974358974358974	service_entry_post_opening_backloaded	0.0873166666666666	0.0075849463761465	Derived from SIPG transfer-to-PPE / service-entry anchor information; productive annual total is defined by transfers to PPE in v5
SIPG	2024-08	2024	background	unknown_bayport_class	background::unknown_bayport_class	SIPG_DERIVED_BACKGROUND_V5	0.0	0.0833333333333333	exact	0.0873166666666666	0.0075849463761465	Residual SIPG background after derived service-entry split (expected to be zero in preferred productive SIPG build unless annual total exceeds service-entry)
SIPG	2024-08	2024	service_entry_undated	unknown_bayport_class	service_entry_undated::unknown_bayport_class	SIPG_DERIVED_SERVICE_ENTRY_V5	0.0	0.10256410256410256	service_entry_post_opening_backloaded	0.0873166666666666	0.0075849463761465	Derived from SIPG transfer-to-PPE / service-entry anchor information; productive annual total is defined by transfers to PPE in v5
SIPG	2024-09	2024	background	unknown_bayport_class	background::unknown_bayport_class	SIPG_DERIVED_BACKGROUND_V5	0.0	0.0833333333333333	exact	0.0873166666666666	0.0075849463761465	Residual SIPG background after derived service-entry split (expected to be zero in preferred productive SIPG build unless annual total exceeds service-entry)
SIPG	2024-09	2024	service_entry_undated	unknown_bayport_class	service_entry_undated::unknown_bayport_class	SIPG_DERIVED_SERVICE_ENTRY_V5	0.0	0.11538461538461539	service_entry_post_opening_backloaded	0.0873166666666666	0.0075849463761465	Derived from SIPG transfer-to-PPE / service-entry anchor information; productive annual total is defined by transfers to PPE in v5
SIPG	2024-10	2024	background	unknown_bayport_class	background::unknown_bayport_class	SIPG_DERIVED_BACKGROUND_V5	0.0	0.0833333333333333	exact	0.0873166666666666	0.0075849463761465	Residual SIPG background after derived service-entry split (expected to be zero in preferred productive SIPG build unless annual total exceeds service-entry)
SIPG	2024-10	2024	service_entry_undated	unknown_bayport_class	service_entry_undated::unknown_bayport_class	SIPG_DERIVED_SERVICE_ENTRY_V5	0.0	0.1282051282051282	service_entry_post_opening_backloaded	0.0873166666666666	0.0075849463761465	Derived from SIPG transfer-to-PPE / service-entry anchor information; productive annual total is defined by transfers to PPE in v5
SIPG	2024-11	2024	background	unknown_bayport_class	background::unknown_bayport_class	SIPG_DERIVED_BACKGROUND_V5	0.0	0.0833333333333333	exact	0.0873166666666666	0.0075849463761465	Residual SIPG background after derived service-entry split (expected to be zero in preferred productive SIPG build unless annual total exceeds service-entry)
SIPG	2024-11	2024	service_entry_undated	unknown_bayport_class	service_entry_undated::unknown_bayport_class	SIPG_DERIVED_SERVICE_ENTRY_V5	0.0	0.14102564102564102	service_entry_post_opening_backloaded	0.0873166666666666	0.0075849463761465	Derived from SIPG transfer-to-PPE / service-entry anchor information; productive annual total is defined by transfers to PPE in v5
SIPG	2024-12	2024	background	unknown_bayport_class	background::unknown_bayport_class	SIPG_DERIVED_BACKGROUND_V5	0.0	0.0833333333333333	exact	0.0873166666666666	0.0075849463761465	Residual SIPG background after derived service-entry split (expected to be zero in preferred productive SIPG build unless annual total exceeds service-entry)
SIPG	2024-12	2024	service_entry_undated	unknown_bayport_class	service_entry_undated::unknown_bayport_class	SIPG_DERIVED_SERVICE_ENTRY_V5	0.0	0.15384615384615385	service_entry_post_opening_backloaded	0.0873166666666666	0.0075849463761465	Derived from SIPG transfer-to-PPE / service-entry anchor information; productive annual total is defined by transfers to PPE in v5
