port	company	operator_or_owner	month	year	K_low	K_central	K_high	K_HPC_low	K_HPC_central	K_HPC_high	K_IPC_low	K_IPC_central	K_IPC_high	K_SIPG_low	K_SIPG_central	K_SIPG_high	K_cluster_low	K_cluster_central	K_cluster_high
Haifa	Haifa Port Company (legacy)	Haifa Port Company (legacy operator)	2018-12-01	2018	1171216.357998324	1171216.357998324	1171216.357998324	1171216.357998324	1171216.357998324	1171216.357998324	11592601.849288931	11592601.849288931	11592601.849288931	0.0	0.0	0.0	12763818.207287256	12763818.207287256	12763818.207287256
Haifa	Haifa cluster (HPC + IPC + SIPG)	Haifa port cluster (HPC + IPC + SIPG)	2018-12-01	2018	12763818.207287256	12763818.207287256	12763818.207287256	1171216.357998324	1171216.357998324	1171216.357998324	11592601.849288931	11592601.849288931	11592601.849288931	0.0	0.0	0.0	12763818.207287256	12763818.207287256	12763818.207287256
Haifa	Israel Ports Company (Haifa cluster)	Israel Ports Company (landlord / infrastructure owner)	2018-12-01	2018	11592601.849288931	11592601.849288931	11592601.849288931	1171216.357998324	1171216.357998324	1171216.357998324	11592601.849288931	11592601.849288931	11592601.849288931	0.0	0.0	0.0	12763818.207287256	12763818.207287256	12763818.207287256
Haifa	SIPG Haifa Bayport	SIPG Haifa Bayport (private operator)	2018-12-01	2018	0.0	0.0	0.0	1171216.357998324	1171216.357998324	1171216.357998324	11592601.849288931	11592601.849288931	11592601.849288931	0.0	0.0	0.0	12763818.207287256	12763818.207287256	12763818.207287256
Haifa	Haifa Port Company (legacy)	Haifa Port Company (legacy operator)	2019-01-01	2019	1169214.6688956444	1167172.6249497116	1165076.840583413	1169214.6688956444	1167172.6249497116	1165076.840583413	11645207.67587182	11626288.960748712	11607032.62923482	0.0	0.0	0.0	12814422.344767464	12793461.585698424	12772109.469818234
Haifa	Haifa cluster (HPC + IPC + SIPG)	Haifa port cluster (HPC + IPC + SIPG)	2019-01-01	2019	12814422.344767464	12793461.585698424	12772109.469818234	1169214.6688956444	1167172.6249497116	1165076.840583413	11645207.67587182	11626288.960748712	11607032.62923482	0.0	0.0	0.0	12814422.344767464	12793461.585698424	12772109.469818234
Haifa	Israel Ports Company (Haifa cluster)	Israel Ports Company (landlord / infrastructure owner)	2019-01-01	2019	11645207.67587182	11626288.960748712	11607032.62923482	1169214.6688956444	1167172.6249497116	1165076.840583413	11645207.67587182	11626288.960748712	11607032.62923482	0.0	0.0	0.0	12814422.344767464	12793461.585698424	12772109.469818234
Haifa	SIPG Haifa Bayport	SIPG Haifa Bayport (private operator)	2019-01-01	2019	0.0	0.0	0.0	1169214.6688956444	1167172.6249497116	1165076.840583413	11645207.67587182	11626288.960748712	11607032.62923482	0.0	0.0	0.0	12814422.344767464	12793461.585698424	12772109.469818234
Haifa	Haifa Port Company (legacy)	Haifa Port Company (legacy operator)	2019-02-01	2019	1167217.132135922	1163142.9299782943	1158971.5769940724	1167217.132135922	1163142.9299782943	1158971.5769940724	11698052.221339948	11660073.964078952	11621481.37300044	0.0	0.0	0.0	12865269.35347587	12823216.894057246	12780452.949994512
Haifa	Haifa cluster (HPC + IPC + SIPG)	Haifa port cluster (HPC + IPC + SIPG)	2019-02-01	2019	12865269.35347587	12823216.894057246	12780452.949994512	1167217.132135922	1163142.9299782943	1158971.5769940724	11698052.221339948	11660073.964078952	11621481.37300044	0.0	0.0	0.0	12865269.35347587	12823216.894057246	12780452.949994512
Haifa	Israel Ports Company (Haifa cluster)	Israel Ports Company (landlord / infrastructure owner)	2019-02-01	2019	11698052.221339948	11660073.964078952	11621481.37300044	1167217.132135922	1163142.9299782943	1158971.5769940724	11698052.221339948	11660073.964078952	11621481.37300044	0.0	0.0	0.0	12865269.35347587	12823216.894057246	12780452.949994512
Haifa	SIPG Haifa Bayport	SIPG Haifa Bayport (private operator)	2019-02-01	2019	0.0	0.0	0.0	1167217.132135922	1163142.9299782943	1158971.5769940724	11698052.221339948	11660073.964078952	11621481.37300044	0.0	0.0	0.0	12865269.35347587	12823216.894057246	12780452.949994512
Haifa	Haifa Port Company (legacy)	Haifa Port Company (legacy operator)	2019-03-01	2019	1165326.3470949768	1159425.1119508226	1153396.3034439925	1165326.3470949768	1159425.1119508226	1153396.3034439925	11745988.86347694	11690673.827709042	11634547.31012652	0.0	0.0	0.0	12911315.210571917	12850098.939659864	12787943.613570513
Haifa	Haifa cluster (HPC + IPC + SIPG)	Haifa port cluster (HPC + IPC + SIPG)	2019-03-01	2019	12911315.210571917	12850098.939659864	12787943.613570513	1165326.3470949768	1159425.1119508226	1153396.3034439925	11745988.86347694	11690673.827709042	11634547.31012652	0.0	0.0	0.0	12911315.210571917	12850098.939659864	12787943.613570513
Haifa	Israel Ports Company (Haifa cluster)	Israel Ports Company (landlord / infrastructure owner)	2019-03-01	2019	11745988.86347694	11690673.827709042	11634547.31012652	1165326.3470949768	1159425.1119508226	1153396.3034439925	11745988.86347694	11690673.827709042	11634547.31012652	0.0	0.0	0.0	12911315.210571917	12850098.939659864	12787943.613570513
Haifa	SIPG Haifa Bayport	SIPG Haifa Bayport (private operator)	2019-03-01	2019	0.0	0.0	0.0	1165326.3470949768	1159425.1119508226	1153396.3034439925	11745988.86347694	11690673.827709042	11634547.31012652	0.0	0.0	0.0	12911315.210571917	12850098.939659864	12787943.613570513
Haifa	Haifa Port Company (legacy)	Haifa Port Company (legacy operator)	2019-04-01	2019	1163336.9576934697	1155422.2721471528	1147355.9583653756	1163336.9576934697	1155422.2721471528	1147355.9583653756	11799290.741798157	11724645.927966945	11649030.304900745	0.0	0.0	0.0	12962627.699491628	12880068.200114097	12796386.26326612
Haifa	Haifa cluster (HPC + IPC + SIPG)	Haifa port cluster (HPC + IPC + SIPG)	2019-04-01	2019	12962627.699491628	12880068.200114097	12796386.26326612	1163336.9576934697	1155422.2721471528	1147355.9583653756	11799290.741798157	11724645.927966945	11649030.304900745	0.0	0.0	0.0	12962627.699491628	12880068.200114097	12796386.26326612
Haifa	Israel Ports Company (Haifa cluster)	Israel Ports Company (landlord / infrastructure owner)	2019-04-01	2019	11799290.741798157	11724645.927966945	11649030.304900745	1163336.9576934697	1155422.2721471528	1147355.9583653756	11799290.741798157	11724645.927966945	11649030.304900745	0.0	0.0	0.0	12962627.699491628	12880068.200114097	12796386.26326612
Haifa	SIPG Haifa Bayport	SIPG Haifa Bayport (private operator)	2019-04-01	2019	0.0	0.0	0.0	1163336.9576934697	1155422.2721471528	1147355.9583653756	11799290.741798157	11724645.927966945	11649030.304900745	0.0	0.0	0.0	12962627.699491628	12880068.200114097	12796386.26326612
Haifa	Haifa Port Company (legacy)	Haifa Port Company (legacy operator)	2019-05-01	2019	1161385.8117272533	1151531.931944847	1141512.6782294172	1161385.8117272533	1151531.931944847	1141512.6782294172	11851103.49304688	11757616.145699603	11663063.27190162	0.0	0.0	0.0	13012489.304774133	12909148.07764445	12804575.950131038
Haifa	Haifa cluster (HPC + IPC + SIPG)	Haifa port cluster (HPC + IPC + SIPG)	2019-05-01	2019	13012489.304774133	12909148.07764445	12804575.950131038	1161385.8117272533	1151531.931944847	1141512.6782294172	11851103.49304688	11757616.145699603	11663063.27190162	0.0	0.0	0.0	13012489.304774133	12909148.07764445	12804575.950131038
Haifa	Israel Ports Company (Haifa cluster)	Israel Ports Company (landlord / infrastructure owner)	2019-05-01	2019	11851103.49304688	11757616.145699603	11663063.27190162	1161385.8117272533	1151531.931944847	1141512.6782294172	11851103.49304688	11757616.145699603	11663063.27190162	0.0	0.0	0.0	13012489.304774133	12909148.07764445	12804575.950131038
Haifa	SIPG Haifa Bayport	SIPG Haifa Bayport (private operator)	2019-05-01	2019	0.0	0.0	0.0	1161385.8117272533	1151531.931944847	1141512.6782294172	11851103.49304688	11757616.145699603	11663063.27190162	0.0	0.0	0.0	13012489.304774133	12909148.07764445	12804575.950131038
Haifa	Haifa Port Company (legacy)	Haifa Port Company (legacy operator)	2019-06-01	2019	1159404.613948323	1147556.4791539412	1135538.5122810337	1159404.613948323	1147556.4791539412	1135538.5122810337	11904882.368857171	11791782.774619607	11677581.764105516	0.0	0.0	0.0	13064286.982805494	12939339.253773548	12813120.27638655
Haifa	Haifa cluster (HPC + IPC + SIPG)	Haifa port cluster (HPC + IPC + SIPG)	2019-06-01	2019	13064286.982805494	12939339.253773548	12813120.27638655	1159404.613948323	1147556.4791539412	1135538.5122810337	11904882.368857171	11791782.774619607	11677581.764105516	0.0	0.0	0.0	13064286.982805494	12939339.253773548	12813120.27638655
Haifa	Israel Ports Company (Haifa cluster)	Israel Ports Company (landlord / infrastructure owner)	2019-06-01	2019	11904882.368857171	11791782.774619607	11677581.764105516	1159404.613948323	1147556.4791539412	1135538.5122810337	11904882.368857171	11791782.774619607	11677581.764105516	0.0	0.0	0.0	13064286.982805494	12939339.253773548	12813120.27638655
Haifa	SIPG Haifa Bayport	SIPG Haifa Bayport (private operator)	2019-06-01	2019	0.0	0.0	0.0	1159404.613948323	1147556.4791539412	1135538.5122810337	11904882.368857171	11791782.774619607	11677581.764105516	0.0	0.0	0.0	13064286.982805494	12939339.253773548	12813120.27638655
Haifa	Haifa Port Company (legacy)	Haifa Port Company (legacy operator)	2019-07-01	2019	1157461.5565584511	1143692.731990658	1129759.0924017322	1157461.5565584511	1143692.731990658	1129759.0924017322	11957158.791425385	11824941.784104751	11691649.125530206	0.0	0.0	0.0	13114620.347983835	12968634.51609541	12821408.217931937
Haifa	Haifa cluster (HPC + IPC + SIPG)	Haifa port cluster (HPC + IPC + SIPG)	2019-07-01	2019	13114620.347983835	12968634.51609541	12821408.217931937	1157461.5565584511	1143692.731990658	1129759.0924017322	11957158.791425385	11824941.784104751	11691649.125530206	0.0	0.0	0.0	13114620.347983835	12968634.51609541	12821408.217931937
Haifa	Israel Ports Company (Haifa cluster)	Israel Ports Company (landlord / infrastructure owner)	2019-07-01	2019	11957158.791425385	11824941.784104751	11691649.125530206	1157461.5565584511	1143692.731990658	1129759.0924017322	11957158.791425385	11824941.784104751	11691649.125530206	0.0	0.0	0.0	13114620.347983835	12968634.51609541	12821408.217931937
Haifa	SIPG Haifa Bayport	SIPG Haifa Bayport (private operator)	2019-07-01	2019	0.0	0.0	0.0	1157461.5565584511	1143692.731990658	1129759.0924017322	11957158.791425385	11824941.784104751	11691649.125530206	0.0	0.0	0.0	13114620.347983835	12968634.51609541	12821408.217931937
Haifa	Haifa Port Company (legacy)	Haifa Port Company (legacy operator)	2019-08-01	2019	1155488.5102024933	1139744.4780604609	1123850.3539878898	1155488.5102024933	1139744.4780604609	1123850.3539878898	12011418.933366198	11859304.05558318	11706203.202167058	0.0	0.0	0.0	13166907.443568692	12999048.533643642	12830053.556154948
Haifa	Haifa cluster (HPC + IPC + SIPG)	Haifa port cluster (HPC + IPC + SIPG)	2019-08-01	2019	13166907.443568692	12999048.533643642	12830053.556154948	1155488.5102024933	1139744.4780604609	1123850.3539878898	12011418.933366198	11859304.05558318	11706203.202167058	0.0	0.0	0.0	13166907.443568692	12999048.533643642	12830053.556154948
Haifa	Israel Ports Company (Haifa cluster)	Israel Ports Company (landlord / infrastructure owner)	2019-08-01	2019	12011418.933366198	11859304.05558318	11706203.202167058	1155488.5102024933	1139744.4780604609	1123850.3539878898	12011418.933366198	11859304.05558318	11706203.202167058	0.0	0.0	0.0	13166907.443568692	12999048.533643642	12830053.556154948
Haifa	SIPG Haifa Bayport	SIPG Haifa Bayport (private operator)	2019-08-01	2019	0.0	0.0	0.0	1155488.5102024933	1139744.4780604609	1123850.3539878898	12011418.933366198	11859304.05558318	11706203.202167058	0.0	0.0	0.0	13166907.443568692	12999048.533643642	12830053.556154948
Haifa	Haifa Port Company (legacy)	Haifa Port Company (legacy operator)	2019-09-01	2019	1153519.5455446846	1135809.9293193764	1117974.5348996297	1153519.5455446846	1135809.9293193764	1117974.5348996297	12065925.301275471	11893766.180889446	11720775.396106653	0.0	0.0	0.0	13219444.846820155	13029576.110208822	12838749.931006283
Haifa	Haifa cluster (HPC + IPC + SIPG)	Haifa port cluster (HPC + IPC + SIPG)	2019-09-01	2019	13219444.846820155	13029576.110208822	12838749.931006283	1153519.5455446846	1135809.9293193764	1117974.5348996297	12065925.301275471	11893766.180889446	11720775.396106653	0.0	0.0	0.0	13219444.846820155	13029576.110208822	12838749.931006283
Haifa	Israel Ports Company (Haifa cluster)	Israel Ports Company (landlord / infrastructure owner)	2019-09-01	2019	12065925.301275471	11893766.180889446	11720775.396106653	1153519.5455446846	1135809.9293193764	1117974.5348996297	12065925.301275471	11893766.180889446	11720775.396106653	0.0	0.0	0.0	13219444.846820155	13029576.110208822	12838749.931006283
Haifa	SIPG Haifa Bayport	SIPG Haifa Bayport (private operator)	2019-09-01	2019	0.0	0.0	0.0	1153519.5455446846	1135809.9293193764	1117974.5348996297	12065925.301275471	11893766.180889446	11720775.396106653	0.0	0.0	0.0	13219444.846820155	13029576.110208822	12838749.931006283
Haifa	Haifa Port Company (legacy)	Haifa Port Company (legacy operator)	2019-10-01	2019	1151588.566588818	1131985.8994665574	1112290.0163836123	1151588.566588818	1131985.8994665574	1112290.0163836123	12118908.891552309	11927211.97217858	11734894.790601576	0.0	0.0	0.0	13270497.458141126	13059197.871645138	12847184.806985188
Haifa	Haifa cluster (HPC + IPC + SIPG)	Haifa port cluster (HPC + IPC + SIPG)	2019-10-01	2019	13270497.458141126	13059197.871645138	12847184.806985188	1151588.566588818	1131985.8994665574	1112290.0163836123	12118908.891552309	11927211.97217858	11734894.790601576	0.0	0.0	0.0	13270497.458141126	13059197.871645138	12847184.806985188
Haifa	Israel Ports Company (Haifa cluster)	Israel Ports Company (landlord / infrastructure owner)	2019-10-01	2019	12118908.891552309	11927211.97217858	11734894.790601576	1151588.566588818	1131985.8994665574	1112290.0163836123	12118908.891552309	11927211.97217858	11734894.790601576	0.0	0.0	0.0	13270497.458141126	13059197.871645138	12847184.806985188
Haifa	SIPG Haifa Bayport	SIPG Haifa Bayport (private operator)	2019-10-01	2019	0.0	0.0	0.0	1151588.566588818	1131985.8994665574	1112290.0163836123	12118908.891552309	11927211.97217858	11734894.790601576	0.0	0.0	0.0	13270497.458141126	13059197.871645138	12847184.806985188
Haifa	Haifa Port Company (legacy)	Haifa Port Company (legacy operator)	2019-11-01	2019	1149627.693416324	1128078.268541962	1106478.5079907852	1149627.693416324	1128078.268541962	1106478.5079907852	12173903.03590502	11961871.432094032	11749502.700595671	0.0	0.0	0.0	13323530.729321344	13089949.700635994	12855981.208586456
Haifa	Haifa cluster (HPC + IPC + SIPG)	Haifa port cluster (HPC + IPC + SIPG)	2019-11-01	2019	13323530.729321344	13089949.700635994	12855981.208586456	1149627.693416324	1128078.268541962	1106478.5079907852	12173903.03590502	11961871.432094032	11749502.700595671	0.0	0.0	0.0	13323530.729321344	13089949.700635994	12855981.208586456
Haifa	Israel Ports Company (Haifa cluster)	Israel Ports Company (landlord / infrastructure owner)	2019-11-01	2019	12173903.03590502	11961871.432094032	11749502.700595671	1149627.693416324	1128078.268541962	1106478.5079907852	12173903.03590502	11961871.432094032	11749502.700595671	0.0	0.0	0.0	13323530.729321344	13089949.700635994	12855981.208586456
Haifa	SIPG Haifa Bayport	SIPG Haifa Bayport (private operator)	2019-11-01	2019	0.0	0.0	0.0	1149627.693416324	1128078.268541962	1106478.5079907852	12173903.03590502	11961871.432094032	11749502.700595671	0.0	0.0	0.0	13323530.729321344	13089949.700635994	12855981.208586456
Haifa	Haifa Port Company (legacy)	Haifa Port Company (legacy operator)	2019-12-01	2019	1147704.70367839	1124280.376518424	1100856.049358457	1147704.70367839	1124280.376518424	1100856.049358457	12227360.775317356	11995508.738331612	11763656.70134583	0.0	0.0	0.0	13375065.478995746	13119789.114850037	12864512.750704287
Haifa	Haifa cluster (HPC + IPC + SIPG)	Haifa port cluster (HPC + IPC + SIPG)	2019-12-01	2019	13375065.478995746	13119789.114850037	12864512.750704287	1147704.70367839	1124280.376518424	1100856.049358457	12227360.775317356	11995508.738331612	11763656.70134583	0.0	0.0	0.0	13375065.478995746	13119789.114850037	12864512.750704287
Haifa	Israel Ports Company (Haifa cluster)	Israel Ports Company (landlord / infrastructure owner)	2019-12-01	2019	12227360.775317356	11995508.738331612	11763656.70134583	1147704.70367839	1124280.376518424	1100856.049358457	12227360.775317356	11995508.738331612	11763656.70134583	0.0	0.0	0.0	13375065.478995746	13119789.114850037	12864512.750704287
Haifa	SIPG Haifa Bayport	SIPG Haifa Bayport (private operator)	2019-12-01	2019	0.0	0.0	0.0	1147704.70367839	1124280.376518424	1100856.049358457	12227360.775317356	11995508.738331612	11763656.70134583	0.0	0.0	0.0	13375065.478995746	13119789.114850037	12864512.750704287
Haifa	Haifa Port Company (legacy)	Haifa Port Company (legacy operator)	2020-01-01	2020	1131478.7046260603	1105738.0108498854	1079991.112282096	1131478.7046260603	1105738.0108498854	1079991.112282096	12232454.824541518	11980984.877683142	11729961.604806283	0.0	0.0	0.0	13363933.52916758	13086722.888533028	12809952.717088379
Haifa	Haifa cluster (HPC + IPC + SIPG)	Haifa port cluster (HPC + IPC + SIPG)	2020-01-01	2020	13363933.52916758	13086722.888533028	12809952.717088379	1131478.7046260603	1105738.0108498854	1079991.112282096	12232454.824541518	11980984.877683142	11729961.604806283	0.0	0.0	0.0	13363933.52916758	13086722.888533028	12809952.717088379
Haifa	Israel Ports Company (Haifa cluster)	Israel Ports Company (landlord / infrastructure owner)	2020-01-01	2020	12232454.824541518	11980984.877683142	11729961.604806283	1131478.7046260603	1105738.0108498854	1079991.112282096	12232454.824541518	11980984.877683142	11729961.604806283	0.0	0.0	0.0	13363933.52916758	13086722.888533028	12809952.717088379
Haifa	SIPG Haifa Bayport	SIPG Haifa Bayport (private operator)	2020-01-01	2020	0.0	0.0	0.0	1131478.7046260603	1105738.0108498854	1079991.112282096	12232454.824541518	11980984.877683142	11729961.604806283	0.0	0.0	0.0	13363933.52916758	13086722.888533028	12809952.717088379
Haifa	Haifa Port Company (legacy)	Haifa Port Company (legacy operator)	2020-02-01	2020	1115532.0199911497	1087575.3131069066	1059625.7505323526	1115532.0199911497	1087575.3131069066	1059625.7505323526	12237550.99600109	11966478.602160258	11696363.022434074	0.0	0.0	0.0	13353083.015992241	13054053.915267166	12755988.772966428
Haifa	Haifa cluster (HPC + IPC + SIPG)	Haifa port cluster (HPC + IPC + SIPG)	2020-02-01	2020	13353083.015992241	13054053.915267166	12755988.772966428	1115532.0199911497	1087575.3131069066	1059625.7505323526	12237550.99600109	11966478.602160258	11696363.022434074	0.0	0.0	0.0	13353083.015992241	13054053.915267166	12755988.772966428
Haifa	Israel Ports Company (Haifa cluster)	Israel Ports Company (landlord / infrastructure owner)	2020-02-01	2020	12237550.99600109	11966478.602160258	11696363.022434074	1115532.0199911497	1087575.3131069066	1059625.7505323526	12237550.99600109	11966478.602160258	11696363.022434074	0.0	0.0	0.0	13353083.015992241	13054053.915267166	12755988.772966428
Haifa	SIPG Haifa Bayport	SIPG Haifa Bayport (private operator)	2020-02-01	2020	0.0	0.0	0.0	1115532.0199911497	1087575.3131069066	1059625.7505323526	12237550.99600109	11966478.602160258	11696363.022434074	0.0	0.0	0.0	13353083.015992241	13054053.915267166	12755988.772966428
Haifa	Haifa Port Company (legacy)	Haifa Port Company (legacy operator)	2020-03-01	2020	1100804.656961448	1070863.0421612624	1040957.6545397784	1100804.656961448	1070863.0421612624	1040957.6545397784	12242320.304262849	11952924.116456367	11665019.220585428	0.0	0.0	0.0	13343124.961224297	13023787.158617629	12705976.875125207
Haifa	Haifa cluster (HPC + IPC + SIPG)	Haifa port cluster (HPC + IPC + SIPG)	2020-03-01	2020	13343124.961224297	13023787.158617629	12705976.875125207	1100804.656961448	1070863.0421612624	1040957.6545397784	12242320.304262849	11952924.116456367	11665019.220585428	0.0	0.0	0.0	13343124.961224297	13023787.158617629	12705976.875125207
Haifa	Israel Ports Company (Haifa cluster)	Israel Ports Company (landlord / infrastructure owner)	2020-03-01	2020	12242320.304262849	11952924.116456367	11665019.220585428	1100804.656961448	1070863.0421612624	1040957.6545397784	12242320.304262849	11952924.116456367	11665019.220585428	0.0	0.0	0.0	13343124.961224297	13023787.158617629	12705976.875125207
Haifa	SIPG Haifa Bayport	SIPG Haifa Bayport (private operator)	2020-03-01	2020	0.0	0.0	0.0	1100804.656961448	1070863.0421612624	1040957.6545397784	12242320.304262849	11952924.116456367	11665019.220585428	0.0	0.0	0.0	13343124.961224297	13023787.158617629	12705976.875125207
Haifa	Haifa Port Company (legacy)	Haifa Port Company (legacy operator)	2020-04-01	2020	1085384.6293226453	1053412.606553563	1021524.5054329756	1085384.6293226453	1053412.606553563	1021524.5054329756	12247420.585786749	11938451.81619828	11631606.655194238	0.0	0.0	0.0	13332805.215109393	12991864.422751844	12653131.160627214
Haifa	Haifa cluster (HPC + IPC + SIPG)	Haifa port cluster (HPC + IPC + SIPG)	2020-04-01	2020	13332805.215109393	12991864.422751844	12653131.160627214	1085384.6293226453	1053412.606553563	1021524.5054329756	12247420.585786749	11938451.81619828	11631606.655194238	0.0	0.0	0.0	13332805.215109393	12991864.422751844	12653131.160627214
Haifa	Israel Ports Company (Haifa cluster)	Israel Ports Company (landlord / infrastructure owner)	2020-04-01	2020	12247420.585786749	11938451.81619828	11631606.655194238	1085384.6293226453	1053412.606553563	1021524.5054329756	12247420.585786749	11938451.81619828	11631606.655194238	0.0	0.0	0.0	13332805.215109393	12991864.422751844	12653131.160627214
Haifa	SIPG Haifa Bayport	SIPG Haifa Bayport (private operator)	2020-04-01	2020	0.0	0.0	0.0	1085384.6293226453	1053412.606553563	1021524.5054329756	12247420.585786749	11938451.81619828	11631606.655194238	0.0	0.0	0.0	13332805.215109393	12991864.422751844	12653131.160627214
Haifa	Haifa Port Company (legacy)	Haifa Port Company (legacy operator)	2020-05-01	2020	1070685.49068782	1036835.7963387432	1003131.4611581976	1070685.49068782	1036835.7963387432	1003131.4611581976	12252358.365213994	11924463.048494965	11599363.041116187	0.0	0.0	0.0	13323043.855901813	12961298.844833707	12602494.502274385
Haifa	Haifa cluster (HPC + IPC + SIPG)	Haifa port cluster (HPC + IPC + SIPG)	2020-05-01	2020	13323043.855901813	12961298.844833707	12602494.502274385	1070685.49068782	1036835.7963387432	1003131.4611581976	12252358.365213994	11924463.048494965	11599363.041116187	0.0	0.0	0.0	13323043.855901813	12961298.844833707	12602494.502274385
Haifa	Israel Ports Company (Haifa cluster)	Israel Ports Company (landlord / infrastructure owner)	2020-05-01	2020	12252358.365213994	11924463.048494965	11599363.041116187	1070685.49068782	1036835.7963387432	1003131.4611581976	12252358.365213994	11924463.048494965	11599363.041116187	0.0	0.0	0.0	13323043.855901813	12961298.844833707	12602494.502274385
Haifa	SIPG Haifa Bayport	SIPG Haifa Bayport (private operator)	2020-05-01	2020	0.0	0.0	0.0	1070685.49068782	1036835.7963387432	1003131.4611581976	12252358.365213994	11924463.048494965	11599363.041116187	0.0	0.0	0.0	13323043.855901813	12961298.844833707	12602494.502274385
Haifa	Haifa Port Company (legacy)	Haifa Port Company (legacy operator)	2020-06-01	2020	1055782.2670067977	1020079.7060822414	984600.7122579383	1055782.2670067977	1020079.7060822414	984600.7122579383	12257462.828701405	11910025.208183054	11566138.537257416	0.0	0.0	0.0	13313245.095708203	12930104.914265295	12550739.249515355
Haifa	Haifa cluster (HPC + IPC + SIPG)	Haifa port cluster (HPC + IPC + SIPG)	2020-06-01	2020	13313245.095708203	12930104.914265295	12550739.249515355	1055782.2670067977	1020079.7060822414	984600.7122579383	12257462.828701405	11910025.208183054	11566138.537257416	0.0	0.0	0.0	13313245.095708203	12930104.914265295	12550739.249515355
Haifa	Israel Ports Company (Haifa cluster)	Israel Ports Company (landlord / infrastructure owner)	2020-06-01	2020	12257462.828701405	11910025.208183054	11566138.537257416	1055782.2670067977	1020079.7060822414	984600.7122579383	12257462.828701405	11910025.208183054	11566138.537257416	0.0	0.0	0.0	13313245.095708203	12930104.914265295	12550739.249515355
Haifa	SIPG Haifa Bayport	SIPG Haifa Bayport (private operator)	2020-06-01	2020	0.0	0.0	0.0	1055782.2670067977	1020079.7060822414	984600.7122579383	12257462.828701405	11910025.208183054	11566138.537257416	0.0	0.0	0.0	13313245.095708203	12930104.914265295	12550739.249515355
Haifa	Haifa Port Company (legacy)	Haifa Port Company (legacy operator)	2020-07-01	2020	1041574.628337032	1004160.979952211	967059.8527668642	1041574.628337032	1004160.979952211	967059.8527668642	12262404.65684896	11896069.74908811	11534076.40530748	0.0	0.0	0.0	13303979.28518599	12900230.729040321	12501136.258074343
Haifa	Haifa cluster (HPC + IPC + SIPG)	Haifa port cluster (HPC + IPC + SIPG)	2020-07-01	2020	13303979.28518599	12900230.729040321	12501136.258074343	1041574.628337032	1004160.979952211	967059.8527668642	12262404.65684896	11896069.74908811	11534076.40530748	0.0	0.0	0.0	13303979.28518599	12900230.729040321	12501136.258074343
Haifa	Israel Ports Company (Haifa cluster)	Israel Ports Company (landlord / infrastructure owner)	2020-07-01	2020	12262404.65684896	11896069.74908811	11534076.40530748	1041574.628337032	1004160.979952211	967059.8527668642	12262404.65684896	11896069.74908811	11534076.40530748	0.0	0.0	0.0	13303979.28518599	12900230.729040321	12501136.258074343
Haifa	SIPG Haifa Bayport	SIPG Haifa Bayport (private operator)	2020-07-01	2020	0.0	0.0	0.0	1041574.628337032	1004160.979952211	967059.8527668642	12262404.65684896	11896069.74908811	11534076.40530748	0.0	0.0	0.0	13303979.28518599	12900230.729040321	12501136.258074343
Haifa	Haifa Port Company (legacy)	Haifa Port Company (legacy operator)	2020-08-01	2020	1027170.1695172712	988070.531112488	949388.066657894	1027170.1695172712	988070.531112488	949388.066657894	12267513.305728829	11881666.286669867	11501038.904482858	0.0	0.0	0.0	13294683.4752461	12869736.817782355	12450426.971140752
Haifa	Haifa cluster (HPC + IPC + SIPG)	Haifa port cluster (HPC + IPC + SIPG)	2020-08-01	2020	13294683.4752461	12869736.817782355	12450426.971140752	1027170.1695172712	988070.531112488	949388.066657894	12267513.305728829	11881666.286669867	11501038.904482858	0.0	0.0	0.0	13294683.4752461	12869736.817782355	12450426.971140752
Haifa	Israel Ports Company (Haifa cluster)	Israel Ports Company (landlord / infrastructure owner)	2020-08-01	2020	12267513.305728829	11881666.286669867	11501038.904482858	1027170.1695172712	988070.531112488	949388.066657894	12267513.305728829	11881666.286669867	11501038.904482858	0.0	0.0	0.0	13294683.4752461	12869736.817782355	12450426.971140752
Haifa	SIPG Haifa Bayport	SIPG Haifa Bayport (private operator)	2020-08-01	2020	0.0	0.0	0.0	1027170.1695172712	988070.531112488	949388.066657894	12267513.305728829	11881666.286669867	11501038.904482858	0.0	0.0	0.0	13294683.4752461	12869736.817782355	12450426.971140752
Haifa	Haifa Port Company (legacy)	Haifa Port Company (legacy operator)	2020-09-01	2020	1013012.4284632648	972307.6993285472	932136.7893064911	1013012.4284632648	972307.6993285472	932136.7893064911	12272624.082926482	11867280.263602065	11468096.034248704	0.0	0.0	0.0	13285636.511389747	12839587.962930612	12400232.823555196
Haifa	Haifa cluster (HPC + IPC + SIPG)	Haifa port cluster (HPC + IPC + SIPG)	2020-09-01	2020	13285636.511389747	12839587.962930612	12400232.823555196	1013012.4284632648	972307.6993285472	932136.7893064911	12272624.082926482	11867280.263602065	11468096.034248704	0.0	0.0	0.0	13285636.511389747	12839587.962930612	12400232.823555196
Haifa	Israel Ports Company (Haifa cluster)	Israel Ports Company (landlord / infrastructure owner)	2020-09-01	2020	12272624.082926482	11867280.263602065	11468096.034248704	1013012.4284632648	972307.6993285472	932136.7893064911	12272624.082926482	11867280.263602065	11468096.034248704	0.0	0.0	0.0	13285636.511389747	12839587.962930612	12400232.823555196
Haifa	SIPG Haifa Bayport	SIPG Haifa Bayport (private operator)	2020-09-01	2020	0.0	0.0	0.0	1013012.4284632648	972307.6993285472	932136.7893064911	12272624.082926482	11867280.263602065	11468096.034248704	0.0	0.0	0.0	13285636.511389747	12839587.962930612	12400232.823555196
Haifa	Haifa Port Company (legacy)	Haifa Port Company (legacy operator)	2020-10-01	2020	999513.7833752908	957330.3756921706	915804.2235491504	999513.7833752908	957330.3756921706	915804.2235491504	12277572.02362065	11853374.890490582	11436305.682863953	0.0	0.0	0.0	13277085.806995941	12810705.266182752	12352109.906413103
Haifa	Haifa cluster (HPC + IPC + SIPG)	Haifa port cluster (HPC + IPC + SIPG)	2020-10-01	2020	13277085.806995941	12810705.266182752	12352109.906413103	999513.7833752908	957330.3756921706	915804.2235491504	12277572.02362065	11853374.890490582	11436305.682863953	0.0	0.0	0.0	13277085.806995941	12810705.266182752	12352109.906413103
Haifa	Israel Ports Company (Haifa cluster)	Israel Ports Company (landlord / infrastructure owner)	2020-10-01	2020	12277572.02362065	11853374.890490582	11436305.682863953	999513.7833752908	957330.3756921706	915804.2235491504	12277572.02362065	11853374.890490582	11436305.682863953	0.0	0.0	0.0	13277085.806995941	12810705.266182752	12352109.906413103
Haifa	SIPG Haifa Bayport	SIPG Haifa Bayport (private operator)	2020-10-01	2020	0.0	0.0	0.0	999513.7833752908	957330.3756921706	915804.2235491504	12277572.02362065	11853374.890490582	11436305.682863953	0.0	0.0	0.0	13277085.806995941	12810705.266182752	12352109.906413103
Haifa	Haifa Port Company (legacy)	Haifa Port Company (legacy operator)	2020-11-01	2020	1163555.0664146813	1119918.4087478728	1077076.6104159737	1163555.0664146813	1119918.4087478728	1077076.6104159737	12282686.991387716	11839023.12193462	11403548.230498334	0.0	0.0	0.0	13446242.057802398	12958941.530682493	12480624.840914309
Haifa	Haifa cluster (HPC + IPC + SIPG)	Haifa port cluster (HPC + IPC + SIPG)	2020-11-01	2020	13446242.057802398	12958941.530682493	12480624.840914309	1163555.0664146813	1119918.4087478728	1077076.6104159737	12282686.991387716	11839023.12193462	11403548.230498334	0.0	0.0	0.0	13446242.057802398	12958941.530682493	12480624.840914309
Haifa	Israel Ports Company (Haifa cluster)	Israel Ports Company (landlord / infrastructure owner)	2020-11-01	2020	12282686.991387716	11839023.12193462	11403548.230498334	1163555.0664146813	1119918.4087478728	1077076.6104159737	12282686.991387716	11839023.12193462	11403548.230498334	0.0	0.0	0.0	13446242.057802398	12958941.530682493	12480624.840914309
Haifa	SIPG Haifa Bayport	SIPG Haifa Bayport (private operator)	2020-11-01	2020	0.0	0.0	0.0	1163555.0664146813	1119918.4087478728	1077076.6104159737	12282686.991387716	11839023.12193462	11403548.230498334	0.0	0.0	0.0	13446242.057802398	12958941.530682493	12480624.840914309
Haifa	Haifa Port Company (legacy)	Haifa Port Company (legacy operator)	2020-12-01	2020	1149968.2344820278	1104995.2728780918	1060959.2843605548	1149968.2344820278	1104995.2728780918	1060959.2843605548	12287638.989133902	11825150.858860925	11371936.810067398	4425.189502838618	4425.189502838618	4425.189502838618	13442032.413118768	12934571.321241856	12437321.283930792
Haifa	Haifa cluster (HPC + IPC + SIPG)	Haifa port cluster (HPC + IPC + SIPG)	2020-12-01	2020	13442032.413118768	12934571.321241856	12437321.283930792	1149968.2344820278	1104995.2728780918	1060959.2843605548	12287638.989133902	11825150.858860925	11371936.810067398	4425.189502838618	4425.189502838618	4425.189502838618	13442032.413118768	12934571.321241856	12437321.283930792
Haifa	Israel Ports Company (Haifa cluster)	Israel Ports Company (landlord / infrastructure owner)	2020-12-01	2020	12287638.989133902	11825150.858860925	11371936.810067398	1149968.2344820278	1104995.2728780918	1060959.2843605548	12287638.989133902	11825150.858860925	11371936.810067398	4425.189502838618	4425.189502838618	4425.189502838618	13442032.413118768	12934571.321241856	12437321.283930792
Haifa	SIPG Haifa Bayport	SIPG Haifa Bayport (private operator)	2020-12-01	2020	4425.189502838618	4425.189502838618	4425.189502838618	1149968.2344820278	1104995.2728780918	1060959.2843605548	12287638.989133902	11825150.858860925	11371936.810067398	4425.189502838618	4425.189502838618	4425.189502838618	13442032.413118768	12934571.321241856	12437321.283930792
Haifa	Haifa Port Company (legacy)	Haifa Port Company (legacy operator)	2021-01-01	2021	1152064.0201019312	1105436.06117434	1059850.5652088707	1152064.0201019312	1105436.06117434	1059850.5652088707	12279847.952056097	11798551.03074707	11327735.886446549	7162.3005400179	7162.258570124578	7162.2165975813	13439074.272698047	12911149.350491537	12394748.668253
Haifa	Haifa cluster (HPC + IPC + SIPG)	Haifa port cluster (HPC + IPC + SIPG)	2021-01-01	2021	13439074.272698047	12911149.350491537	12394748.668253	1152064.0201019312	1105436.06117434	1059850.5652088707	12279847.952056097	11798551.03074707	11327735.886446549	7162.3005400179	7162.258570124578	7162.2165975813	13439074.272698047	12911149.350491537	12394748.668253
Haifa	Israel Ports Company (Haifa cluster)	Israel Ports Company (landlord / infrastructure owner)	2021-01-01	2021	12279847.952056097	11798551.03074707	11327735.886446549	1152064.0201019312	1105436.06117434	1059850.5652088707	12279847.952056097	11798551.03074707	11327735.886446549	7162.3005400179	7162.258570124578	7162.2165975813	13439074.272698047	12911149.350491537	12394748.668253
Haifa	SIPG Haifa Bayport	SIPG Haifa Bayport (private operator)	2021-01-01	2021	7162.3005400179	7162.258570124578	7162.2165975813	1152064.0201019312	1105436.06117434	1059850.5652088707	12279847.952056097	11798551.03074707	11327735.886446549	7162.3005400179	7162.258570124578	7162.2165975813	13439074.272698047	12911149.350491537	12394748.668253
Haifa	Haifa Port Company (legacy)	Haifa Port Company (legacy operator)	2021-02-01	2021	1154182.0086207944	1105886.459515553	1058746.259317583	1154182.0086207944	1105886.459515553	1058746.259317583	12272061.854923123	11772011.03703737	11283706.764839824	11592.395984993258	11592.260126355486	11592.124259935865	13437836.25952891	12889489.75667928	12354045.148417342
Haifa	Haifa cluster (HPC + IPC + SIPG)	Haifa port cluster (HPC + IPC + SIPG)	2021-02-01	2021	13437836.25952891	12889489.75667928	12354045.148417342	1154182.0086207944	1105886.459515553	1058746.259317583	12272061.854923123	11772011.03703737	11283706.764839824	11592.395984993258	11592.260126355486	11592.124259935865	13437836.25952891	12889489.75667928	12354045.148417342
Haifa	Israel Ports Company (Haifa cluster)	Israel Ports Company (landlord / infrastructure owner)	2021-02-01	2021	12272061.854923123	11772011.03703737	11283706.764839824	1154182.0086207944	1105886.459515553	1058746.259317583	12272061.854923123	11772011.03703737	11283706.764839824	11592.395984993258	11592.260126355486	11592.124259935865	13437836.25952891	12889489.75667928	12354045.148417342
Haifa	SIPG Haifa Bayport	SIPG Haifa Bayport (private operator)	2021-02-01	2021	11592.395984993258	11592.260126355486	11592.124259935865	1154182.0086207944	1105886.459515553	1058746.259317583	12272061.854923123	11772011.03703737	11283706.764839824	11592.395984993258	11592.260126355486	11592.124259935865	13437836.25952891	12889489.75667928	12354045.148417342
Haifa	Haifa Port Company (legacy)	Haifa Port Company (legacy operator)	2021-03-01	2021	1155978.878956641	1106166.2320146705	1057617.303286408	1155978.878956641	1106166.2320146705	1057617.303286408	12265033.494443685	11748090.746802447	11244085.637967616	17908.38370557033	17908.079042292993	17907.774363177516	13438920.757105896	12872165.057859411	12319610.7156172
Haifa	Haifa cluster (HPC + IPC + SIPG)	Haifa port cluster (HPC + IPC + SIPG)	2021-03-01	2021	13438920.757105896	12872165.057859411	12319610.7156172	1155978.878956641	1106166.2320146705	1057617.303286408	12265033.494443685	11748090.746802447	11244085.637967616	17908.38370557033	17908.079042292993	17907.774363177516	13438920.757105896	12872165.057859411	12319610.7156172
Haifa	Israel Ports Company (Haifa cluster)	Israel Ports Company (landlord / infrastructure owner)	2021-03-01	2021	12265033.494443685	11748090.746802447	11244085.637967616	1155978.878956641	1106166.2320146705	1057617.303286408	12265033.494443685	11748090.746802447	11244085.637967616	17908.38370557033	17908.079042292993	17907.774363177516	13438920.757105896	12872165.057859411	12319610.7156172
Haifa	SIPG Haifa Bayport	SIPG Haifa Bayport (private operator)	2021-03-01	2021	17908.38370557033	17908.079042292993	17907.774363177516	1155978.878956641	1106166.2320146705	1057617.303286408	12265033.494443685	11748090.746802447	11244085.637967616	17908.38370557033	17908.079042292993	17907.774363177516	13438920.757105896	12872165.057859411	12319610.7156172
Haifa	Haifa Port Company (legacy)	Haifa Port Company (legacy operator)	2021-04-01	2021	1158139.7525758706	1106635.337028686	1056521.770862631	1158139.7525758706	1106635.337028686	1056521.770862631	12257256.790489389	11721664.259879723	11200381.651674788	28985.250508023688	28984.587555596245	28983.924572589855	13444381.793573283	12857284.184464006	12285887.34711001
Haifa	Haifa cluster (HPC + IPC + SIPG)	Haifa port cluster (HPC + IPC + SIPG)	2021-04-01	2021	13444381.793573283	12857284.184464006	12285887.34711001	1158139.7525758706	1106635.337028686	1056521.770862631	12257256.790489389	11721664.259879723	11200381.651674788	28985.250508023688	28984.587555596245	28983.924572589855	13444381.793573283	12857284.184464006	12285887.34711001
Haifa	Israel Ports Company (Haifa cluster)	Israel Ports Company (landlord / infrastructure owner)	2021-04-01	2021	12257256.790489389	11721664.259879723	11200381.651674788	1158139.7525758706	1106635.337028686	1056521.770862631	12257256.790489389	11721664.259879723	11200381.651674788	28985.250508023688	28984.587555596245	28983.924572589855	13444381.793573283	12857284.184464006	12285887.34711001
Haifa	SIPG Haifa Bayport	SIPG Haifa Bayport (private operator)	2021-04-01	2021	28985.250508023688	28984.587555596245	28983.924572589855	1158139.7525758706	1106635.337028686	1056521.770862631	12257256.790489389	11721664.259879723	11200381.651674788	28985.250508023688	28984.587555596245	28983.924572589855	13444381.793573283	12857284.184464006	12285887.34711001
Haifa	Haifa Port Company (legacy)	Haifa Port Company (legacy operator)	2021-05-01	2021	1160207.454851367	1107053.6423336188	1055420.92037834	1160207.454851367	1107053.6423336188	1055420.92037834	12249735.64281749	11696146.840714809	11158249.217497088	46190.418522788656	46189.10012170928	46187.781667295225	13456133.516191645	12849389.583170136	12259857.919542724
Haifa	Haifa cluster (HPC + IPC + SIPG)	Haifa port cluster (HPC + IPC + SIPG)	2021-05-01	2021	13456133.516191645	12849389.583170136	12259857.919542724	1160207.454851367	1107053.6423336188	1055420.92037834	12249735.64281749	11696146.840714809	11158249.217497088	46190.418522788656	46189.10012170928	46187.781667295225	13456133.516191645	12849389.583170136	12259857.919542724
Haifa	Israel Ports Company (Haifa cluster)	Israel Ports Company (landlord / infrastructure owner)	2021-05-01	2021	12249735.64281749	11696146.840714809	11158249.217497088	1160207.454851367	1107053.6423336188	1055420.92037834	12249735.64281749	11696146.840714809	11158249.217497088	46190.418522788656	46189.10012170928	46187.781667295225	13456133.516191645	12849389.583170136	12259857.919542724
Haifa	SIPG Haifa Bayport	SIPG Haifa Bayport (private operator)	2021-05-01	2021	46190.418522788656	46189.10012170928	46187.781667295225	1160207.454851367	1107053.6423336188	1055420.92037834	12249735.64281749	11696146.840714809	11158249.217497088	46190.418522788656	46189.10012170928	46187.781667295225	13456133.516191645	12849389.583170136	12259857.919542724
Haifa	Haifa Port Company (legacy)	Haifa Port Company (legacy operator)	2021-06-01	2021	1162412.681626461	1107541.8084293916	1054334.1201777707	1162412.681626461	1107541.8084293916	1054334.1201777707	12241968.638540192	11669837.197880588	11114878.863823617	74760.5632068876	74757.99126361596	74755.41923137102	13479141.88337354	12852136.997573597	12243968.403232757
Haifa	Haifa cluster (HPC + IPC + SIPG)	Haifa port cluster (HPC + IPC + SIPG)	2021-06-01	2021	13479141.88337354	12852136.997573597	12243968.403232757	1162412.681626461	1107541.8084293916	1054334.1201777707	12241968.638540192	11669837.197880588	11114878.863823617	74760.5632068876	74757.99126361596	74755.41923137102	13479141.88337354	12852136.997573597	12243968.403232757
Haifa	Israel Ports Company (Haifa cluster)	Israel Ports Company (landlord / infrastructure owner)	2021-06-01	2021	12241968.638540192	11669837.197880588	11114878.863823617	1162412.681626461	1107541.8084293916	1054334.1201777707	12241968.638540192	11669837.197880588	11114878.863823617	74760.5632068876	74757.99126361596	74755.41923137102	13479141.88337354	12852136.997573597	12243968.403232757
Haifa	SIPG Haifa Bayport	SIPG Haifa Bayport (private operator)	2021-06-01	2021	74760.5632068876	74757.99126361596	74755.41923137102	1162412.681626461	1107541.8084293916	1054334.1201777707	12241968.638540192	11669837.197880588	11114878.863823617	74760.5632068876	74757.99126361596	74755.41923137102	13479141.88337354	12852136.997573597	12243968.403232757
Haifa	Haifa Port Company (legacy)	Haifa Port Company (legacy operator)	2021-07-01	2021	1164523.7279485466	1107978.835761915	1053241.9669373229	1164523.7279485466	1107978.835761915	1053241.9669373229	12234456.871796705	11644432.603382563	11073068.06516627	119137.2040262206	119132.4298387795	119127.65551325648	13518117.803771472	12871543.868983258	12245437.68761685
Haifa	Haifa cluster (HPC + IPC + SIPG)	Haifa port cluster (HPC + IPC + SIPG)	2021-07-01	2021	13518117.803771472	12871543.868983258	12245437.68761685	1164523.7279485466	1107978.835761915	1053241.9669373229	12234456.871796705	11644432.603382563	11073068.06516627	119137.2040262206	119132.4298387795	119127.65551325648	13518117.803771472	12871543.868983258	12245437.68761685
Haifa	Israel Ports Company (Haifa cluster)	Israel Ports Company (landlord / infrastructure owner)	2021-07-01	2021	12234456.871796705	11644432.603382563	11073068.06516627	1164523.7279485466	1107978.835761915	1053241.9669373229	12234456.871796705	11644432.603382563	11073068.06516627	119137.2040262206	119132.4298387795	119127.65551325648	13518117.803771472	12871543.868983258	12245437.68761685
Haifa	SIPG Haifa Bayport	SIPG Haifa Bayport (private operator)	2021-07-01	2021	119137.2040262206	119132.4298387795	119127.65551325648	1164523.7279485466	1107978.835761915	1053241.9669373229	12234456.871796705	11644432.603382563	11073068.06516627	119137.2040262206	119132.4298387795	119127.65551325648	13518117.803771472	12871543.868983258	12245437.68761685
Haifa	Haifa Port Company (legacy)	Haifa Port Company (legacy operator)	2021-08-01	2021	1166773.619647259	1108486.0725197622	1052163.8482845596	1166773.619647259	1108486.0725197622	1052163.8482845596	12226699.555098249	11618239.288013466	11030028.797188314	192827.1004407518	192818.24338714225	192809.3861292677	13586300.27518626	12919543.60392037	12275002.03160214
Haifa	Haifa cluster (HPC + IPC + SIPG)	Haifa port cluster (HPC + IPC + SIPG)	2021-08-01	2021	13586300.27518626	12919543.60392037	12275002.03160214	1166773.619647259	1108486.0725197622	1052163.8482845596	12226699.555098249	11618239.288013466	11030028.797188314	192827.1004407518	192818.24338714225	192809.3861292677	13586300.27518626	12919543.60392037	12275002.03160214
Haifa	Israel Ports Company (Haifa cluster)	Israel Ports Company (landlord / infrastructure owner)	2021-08-01	2021	12226699.555098249	11618239.288013466	11030028.797188314	1166773.619647259	1108486.0725197622	1052163.8482845596	12226699.555098249	11618239.288013466	11030028.797188314	192827.1004407518	192818.24338714225	192809.3861292677	13586300.27518626	12919543.60392037	12275002.03160214
Haifa	SIPG Haifa Bayport	SIPG Haifa Bayport (private operator)	2021-08-01	2021	192827.1004407518	192818.24338714225	192809.3861292677	1166773.619647259	1108486.0725197622	1052163.8482845596	12226699.555098249	11618239.288013466	11030028.797188314	192827.1004407518	192818.24338714225	192809.3861292677	13586300.27518626	12919543.60392037	12275002.03160214
Haifa	Haifa Port Company (legacy)	Haifa Port Company (legacy operator)	2021-09-01	2021	1169046.262361762	1109002.936504404	1051090.0539425882	1169046.262361762	1109002.936504404	1051090.0539425882	12218947.156964058	11592104.892627276	10987156.816052372	312096.3847380909	312080.22058491496	312064.0561536793	13700089.804063912	13013188.049716596	12350310.92614864
Haifa	Haifa cluster (HPC + IPC + SIPG)	Haifa port cluster (HPC + IPC + SIPG)	2021-09-01	2021	13700089.804063912	13013188.049716596	12350310.92614864	1169046.262361762	1109002.936504404	1051090.0539425882	12218947.156964058	11592104.892627276	10987156.816052372	312096.3847380909	312080.22058491496	312064.0561536793	13700089.804063912	13013188.049716596	12350310.92614864
Haifa	Israel Ports Company (Haifa cluster)	Israel Ports Company (landlord / infrastructure owner)	2021-09-01	2021	12218947.156964058	11592104.892627276	10987156.816052372	1169046.262361762	1109002.936504404	1051090.0539425882	12218947.156964058	11592104.892627276	10987156.816052372	312096.3847380909	312080.22058491496	312064.0561536793	13700089.804063912	13013188.049716596	12350310.92614864
Haifa	SIPG Haifa Bayport	SIPG Haifa Bayport (private operator)	2021-09-01	2021	312096.3847380909	312080.22058491496	312064.0561536793	1169046.262361762	1109002.936504404	1051090.0539425882	12218947.156964058	11592104.892627276	10987156.816052372	312096.3847380909	312080.22058491496	312064.0561536793	13700089.804063912	13013188.049716596	12350310.92614864
Haifa	Haifa Port Company (legacy)	Haifa Port Company (legacy operator)	2021-10-01	2021	1171223.184366132	1109468.1474811663	1050010.8542853626	1171223.184366132	1109468.1474811663	1050010.8542853626	12211449.516379915	11566869.517087532	10945826.468949145	497351.66603135254	497323.0868630598	497294.50736521767	13880024.3667774	13173660.751431758	12493131.830599725
Haifa	Haifa cluster (HPC + IPC + SIPG)	Haifa port cluster (HPC + IPC + SIPG)	2021-10-01	2021	13880024.3667774	13173660.751431758	12493131.830599725	1171223.184366132	1109468.1474811663	1050010.8542853626	12211449.516379915	11566869.517087532	10945826.468949145	497351.66603135254	497323.0868630598	497294.50736521767	13880024.3667774	13173660.751431758	12493131.830599725
Haifa	Israel Ports Company (Haifa cluster)	Israel Ports Company (landlord / infrastructure owner)	2021-10-01	2021	12211449.516379915	11566869.517087532	10945826.468949145	1171223.184366132	1109468.1474811663	1050010.8542853626	12211449.516379915	11566869.517087532	10945826.468949145	497351.66603135254	497323.0868630598	497294.50736521767	13880024.3667774	13173660.751431758	12493131.830599725
Haifa	SIPG Haifa Bayport	SIPG Haifa Bayport (private operator)	2021-10-01	2021	497351.66603135254	497323.0868630598	497294.50736521767	1171223.184366132	1109468.1474811663	1050010.8542853626	12211449.516379915	11566869.517087532	10945826.468949145	497351.66603135254	497323.0868630598	497294.50736521767	13880024.3667774	13173660.751431758	12493131.830599725
Haifa	Haifa Port Company (legacy)	Haifa Port Company (legacy operator)	2021-11-01	2021	1173540.9701467212	1110004.0982248294	1048945.6660579978	1173540.9701467212	1110004.0982248294	1048945.6660579978	12203706.787606714	11540850.674314007	10903281.768973917	804978.4317508058	804927.4587497052	804876.4854595361	14182226.189504242	13455782.231288543	12757103.920491451
Haifa	Haifa cluster (HPC + IPC + SIPG)	Haifa port cluster (HPC + IPC + SIPG)	2021-11-01	2021	14182226.189504242	13455782.231288543	12757103.920491451	1173540.9701467212	1110004.0982248294	1048945.6660579978	12203706.787606714	11540850.674314007	10903281.768973917	804978.4317508058	804927.4587497052	804876.4854595361	14182226.189504242	13455782.231288543	12757103.920491451
Haifa	Israel Ports Company (Haifa cluster)	Israel Ports Company (landlord / infrastructure owner)	2021-11-01	2021	12203706.787606714	11540850.674314007	10903281.768973917	1173540.9701467212	1110004.0982248294	1048945.6660579978	12203706.787606714	11540850.674314007	10903281.768973917	804978.4317508058	804927.4587497052	804876.4854595361	14182226.189504242	13455782.231288543	12757103.920491451
Haifa	SIPG Haifa Bayport	SIPG Haifa Bayport (private operator)	2021-11-01	2021	804978.4317508058	804927.4587497052	804876.4854595361	1173540.9701467212	1110004.0982248294	1048945.6660579978	12203706.787606714	11540850.674314007	10903281.768973917	804978.4317508058	804927.4587497052	804876.4854595361	14182226.189504242	13455782.231288543	12757103.920491451
Haifa	Haifa Port Company (legacy)	Haifa Port Company (legacy operator)	2021-12-01	2021	1175762.0013873817	1110488.0527900402	1047875.0378963444	1175762.0013873817	1110488.0527900402	1047875.0378963444	12196218.498631213	11515726.876391929	10862266.934324645	1282800.3902914345	1282711.8865013774	1282623.3827113206	14654780.890310029	13908926.815683346	13192765.35493231
Haifa	Haifa cluster (HPC + IPC + SIPG)	Haifa port cluster (HPC + IPC + SIPG)	2021-12-01	2021	14654780.890310029	13908926.815683346	13192765.35493231	1175762.0013873817	1110488.0527900402	1047875.0378963444	12196218.498631213	11515726.876391929	10862266.934324645	1282800.3902914345	1282711.8865013774	1282623.3827113206	14654780.890310029	13908926.815683346	13192765.35493231
Haifa	Israel Ports Company (Haifa cluster)	Israel Ports Company (landlord / infrastructure owner)	2021-12-01	2021	12196218.498631213	11515726.876391929	10862266.934324645	1175762.0013873817	1110488.0527900402	1047875.0378963444	12196218.498631213	11515726.876391929	10862266.934324645	1282800.3902914345	1282711.8865013774	1282623.3827113206	14654780.890310029	13908926.815683346	13192765.35493231
Haifa	SIPG Haifa Bayport	SIPG Haifa Bayport (private operator)	2021-12-01	2021	1282800.3902914345	1282711.8865013774	1282623.3827113206	1175762.0013873817	1110488.0527900402	1047875.0378963444	12196218.498631213	11515726.876391929	10862266.934324645	1282800.3902914345	1282711.8865013774	1282623.3827113206	14654780.890310029	13908926.815683346	13192765.35493231
Haifa	Haifa Port Company (legacy)	Haifa Port Company (legacy operator)	2022-01-01	2022	1171718.0550274183	1104674.2239139164	1040436.7780558058	1171718.0550274183	1104674.2239139164	1040436.7780558058	12170044.883159224	11471709.399864364	10802270.164606728	1311191.00244214	1309369.187429925	1307522.590589367	14652953.940628782	13885752.811208205	13150229.5332519
Haifa	Haifa cluster (HPC + IPC + SIPG)	Haifa port cluster (HPC + IPC + SIPG)	2022-01-01	2022	14652953.940628782	13885752.811208205	13150229.5332519	1171718.0550274183	1104674.2239139164	1040436.7780558058	12170044.883159224	11471709.399864364	10802270.164606728	1311191.00244214	1309369.187429925	1307522.590589367	14652953.940628782	13885752.811208205	13150229.5332519
Haifa	Israel Ports Company (Haifa cluster)	Israel Ports Company (landlord / infrastructure owner)	2022-01-01	2022	12170044.883159224	11471709.399864364	10802270.164606728	1171718.0550274183	1104674.2239139164	1040436.7780558058	12170044.883159224	11471709.399864364	10802270.164606728	1311191.00244214	1309369.187429925	1307522.590589367	14652953.940628782	13885752.811208205	13150229.5332519
Haifa	SIPG Haifa Bayport	SIPG Haifa Bayport (private operator)	2022-01-01	2022	1311191.00244214	1309369.187429925	1307522.590589367	1171718.0550274183	1104674.2239139164	1040436.7780558058	12170044.883159224	11471709.399864364	10802270.164606728	1311191.00244214	1309369.187429925	1307522.590589367	14652953.940628782	13885752.811208205	13150229.5332519
Haifa	Haifa Port Company (legacy)	Haifa Port Company (legacy operator)	2022-02-01	2022	1167688.141579984	1098894.5098070288	1033064.3394746468	1167688.141579984	1098894.5098070288	1033064.3394746468	12143927.437404674	11427860.174829796	10742604.781734517	1340209.948404088	1336580.480022753	1332905.1598042725	14651825.527388746	13863335.164659576	13108574.281013437
Haifa	Haifa cluster (HPC + IPC + SIPG)	Haifa port cluster (HPC + IPC + SIPG)	2022-02-01	2022	14651825.527388746	13863335.164659576	13108574.281013437	1167688.141579984	1098894.5098070288	1033064.3394746468	12143927.437404674	11427860.174829796	10742604.781734517	1340209.948404088	1336580.480022753	1332905.1598042725	14651825.527388746	13863335.164659576	13108574.281013437
Haifa	Israel Ports Company (Haifa cluster)	Israel Ports Company (landlord / infrastructure owner)	2022-02-01	2022	12143927.437404674	11427860.174829796	10742604.781734517	1167688.141579984	1098894.5098070288	1033064.3394746468	12143927.437404674	11427860.174829796	10742604.781734517	1340209.948404088	1336580.480022753	1332905.1598042725	14651825.527388746	13863335.164659576	13108574.281013437
Haifa	SIPG Haifa Bayport	SIPG Haifa Bayport (private operator)	2022-02-01	2022	1340209.948404088	1336580.480022753	1332905.1598042725	1167688.141579984	1098894.5098070288	1033064.3394746468	12143927.437404674	11427860.174829796	10742604.781734517	1340209.948404088	1336580.480022753	1332905.1598042725	14651825.527388746	13863335.164659576	13108574.281013437
Haifa	Haifa Port Company (legacy)	Haifa Port Company (legacy operator)	2022-03-01	2022	1163929.7716043922	1093572.7979047308	1026330.9370970352	1163929.7716043922	1093572.7979047308	1026330.9370970352	12120385.665198913	11388398.50393877	10688996.779526256	1366972.2364659111	1361644.161072729	1356254.6121118227	14651287.673269216	13843615.46291623	13071582.328735113
Haifa	Haifa cluster (HPC + IPC + SIPG)	Haifa port cluster (HPC + IPC + SIPG)	2022-03-01	2022	14651287.673269216	13843615.46291623	13071582.328735113	1163929.7716043922	1093572.7979047308	1026330.9370970352	12120385.665198913	11388398.50393877	10688996.779526256	1366972.2364659111	1361644.161072729	1356254.6121118227	14651287.673269216	13843615.46291623	13071582.328735113
Haifa	Israel Ports Company (Haifa cluster)	Israel Ports Company (landlord / infrastructure owner)	2022-03-01	2022	12120385.665198913	11388398.50393877	10688996.779526256	1163929.7716043922	1093572.7979047308	1026330.9370970352	12120385.665198913	11388398.50393877	10688996.779526256	1366972.2364659111	1361644.161072729	1356254.6121118227	14651287.673269216	13843615.46291623	13071582.328735113
Haifa	SIPG Haifa Bayport	SIPG Haifa Bayport (private operator)	2022-03-01	2022	1366972.2364659111	1361644.161072729	1356254.6121118227	1163929.7716043922	1093572.7979047308	1026330.9370970352	12120385.665198913	11388398.50393877	10688996.779526256	1366972.2364659111	1361644.161072729	1356254.6121118227	14651287.673269216	13843615.46291623	13071582.328735113
Haifa	Haifa Port Company (legacy)	Haifa Port Company (legacy operator)	2022-04-01	2022	1159926.8252596003	1087857.8152839402	1019082.4065331024	1159926.8252596003	1087857.8152839402	1019082.4065331024	12094374.790286437	11344867.724751802	10629957.052167848	1397225.7185197086	1389941.8314547492	1382583.2023883746	14651527.334065745	13822667.371490493	13031622.661089323
Haifa	Haifa cluster (HPC + IPC + SIPG)	Haifa port cluster (HPC + IPC + SIPG)	2022-04-01	2022	14651527.334065745	13822667.371490493	13031622.661089323	1159926.8252596003	1087857.8152839402	1019082.4065331024	12094374.790286437	11344867.724751802	10629957.052167848	1397225.7185197086	1389941.8314547492	1382583.2023883746	14651527.334065745	13822667.371490493	13031622.661089323
Haifa	Israel Ports Company (Haifa cluster)	Israel Ports Company (landlord / infrastructure owner)	2022-04-01	2022	12094374.790286437	11344867.724751802	10629957.052167848	1159926.8252596003	1087857.8152839402	1019082.4065331024	12094374.790286437	11344867.724751802	10629957.052167848	1397225.7185197086	1389941.8314547492	1382583.2023883746	14651527.334065745	13822667.371490493	13031622.661089323
Haifa	SIPG Haifa Bayport	SIPG Haifa Bayport (private operator)	2022-04-01	2022	1397225.7185197086	1389941.8314547492	1382583.2023883746	1159926.8252596003	1087857.8152839402	1019082.4065331024	12094374.790286437	11344867.724751802	10629957.052167848	1397225.7185197086	1389941.8314547492	1382583.2023883746	14651527.334065745	13822667.371490493	13031622.661089323
Haifa	Haifa Port Company (legacy)	Haifa Port Company (legacy operator)	2022-05-01	2022	1156023.008910459	1082315.857920626	1012085.403749394	1156023.008910459	1082315.857920626	1012085.403749394	12069256.125603689	11302899.597304452	10573132.34191836	1427140.643506335	1417886.4815044862	1408549.0265800883	14652419.778020483	13803101.936729565	12993766.772247842
Haifa	Haifa cluster (HPC + IPC + SIPG)	Haifa port cluster (HPC + IPC + SIPG)	2022-05-01	2022	14652419.778020483	13803101.936729565	12993766.772247842	1156023.008910459	1082315.857920626	1012085.403749394	12069256.125603689	11302899.597304452	10573132.34191836	1427140.643506335	1417886.4815044862	1408549.0265800883	14652419.778020483	13803101.936729565	12993766.772247842
Haifa	Israel Ports Company (Haifa cluster)	Israel Ports Company (landlord / infrastructure owner)	2022-05-01	2022	12069256.125603689	11302899.597304452	10573132.34191836	1156023.008910459	1082315.857920626	1012085.403749394	12069256.125603689	11302899.597304452	10573132.34191836	1427140.643506335	1417886.4815044862	1408549.0265800883	14652419.778020483	13803101.936729565	12993766.772247842
Haifa	SIPG Haifa Bayport	SIPG Haifa Bayport (private operator)	2022-05-01	2022	1427140.643506335	1417886.4815044862	1408549.0265800883	1156023.008910459	1082315.857920626	1012085.403749394	12069256.125603689	11302899.597304452	10573132.34191836	1427140.643506335	1417886.4815044862	1408549.0265800883	14652419.778020483	13803101.936729565	12993766.772247842
Haifa	Haifa Port Company (legacy)	Haifa Port Company (legacy operator)	2022-06-01	2022	1152047.4783364658	1076666.71463601	1004962.3154650136	1152047.4783364658	1076666.71463601	1004962.3154650136	12043354.976907482	11259695.62737202	10514732.58152295	1458725.757449972	1447352.9790225504	1435892.7936530851	14654128.21269392	13783715.32103058	12955587.690641051
Haifa	Haifa cluster (HPC + IPC + SIPG)	Haifa port cluster (HPC + IPC + SIPG)	2022-06-01	2022	14654128.21269392	13783715.32103058	12955587.690641051	1152047.4783364658	1076666.71463601	1004962.3154650136	12043354.976907482	11259695.62737202	10514732.58152295	1458725.757449972	1447352.9790225504	1435892.7936530851	14654128.21269392	13783715.32103058	12955587.690641051
Haifa	Israel Ports Company (Haifa cluster)	Israel Ports Company (landlord / infrastructure owner)	2022-06-01	2022	12043354.976907482	11259695.62737202	10514732.58152295	1152047.4783364658	1076666.71463601	1004962.3154650136	12043354.976907482	11259695.62737202	10514732.58152295	1458725.757449972	1447352.9790225504	1435892.7936530851	14654128.21269392	13783715.32103058	12955587.690641051
Haifa	SIPG Haifa Bayport	SIPG Haifa Bayport (private operator)	2022-06-01	2022	1458725.757449972	1447352.9790225504	1435892.7936530851	1152047.4783364658	1076666.71463601	1004962.3154650136	12043354.976907482	11259695.62737202	10514732.58152295	1458725.757449972	1447352.9790225504	1435892.7936530851	14654128.21269392	13783715.32103058	12955587.690641051
Haifa	Haifa Port Company (legacy)	Haifa Port Company (legacy operator)	2022-07-01	2022	1148170.3633007435	1071188.3404896797	998085.8123980477	1148170.3633007435	1071188.3404896797	998085.8123980477	12018342.274674816	11218042.577501994	10458523.82833951	1489957.412458733	1476451.874805041	1462859.8071201502	14656470.050434291	13765682.792796714	12919469.447857708
Haifa	Haifa cluster (HPC + IPC + SIPG)	Haifa port cluster (HPC + IPC + SIPG)	2022-07-01	2022	14656470.050434291	13765682.792796714	12919469.447857708	1148170.3633007435	1071188.3404896797	998085.8123980477	12018342.274674816	11218042.577501994	10458523.82833951	1489957.412458733	1476451.874805041	1462859.8071201502	14656470.050434291	13765682.792796714	12919469.447857708
Haifa	Israel Ports Company (Haifa cluster)	Israel Ports Company (landlord / infrastructure owner)	2022-07-01	2022	12018342.274674816	11218042.577501994	10458523.82833951	1148170.3633007435	1071188.3404896797	998085.8123980477	12018342.274674816	11218042.577501994	10458523.82833951	1489957.412458733	1476451.874805041	1462859.8071201502	14656470.050434291	13765682.792796714	12919469.447857708
Haifa	SIPG Haifa Bayport	SIPG Haifa Bayport (private operator)	2022-07-01	2022	1489957.412458733	1476451.874805041	1462859.8071201502	1148170.3633007435	1071188.3404896797	998085.8123980477	12018342.274674816	11218042.577501994	10458523.82833951	1489957.412458733	1476451.874805041	1462859.8071201502	14656470.050434291	13765682.792796714	12919469.447857708
Haifa	Haifa Port Company (legacy)	Haifa Port Company (legacy operator)	2022-08-01	2022	1144222.059412583	1065604.2252173063	991085.7858322682	1144222.059412583	1065604.2252173063	991085.7858322682	11992550.389317617	11175162.963289132	10400757.097921994	1522932.7711648326	1507135.4775278212	1491257.8941384351	14659705.219895033	13747902.66603426	12883100.777892696
Haifa	Haifa cluster (HPC + IPC + SIPG)	Haifa port cluster (HPC + IPC + SIPG)	2022-08-01	2022	14659705.219895033	13747902.66603426	12883100.777892696	1144222.059412583	1065604.2252173063	991085.7858322682	11992550.389317617	11175162.963289132	10400757.097921994	1522932.7711648326	1507135.4775278212	1491257.8941384351	14659705.219895033	13747902.66603426	12883100.777892696
Haifa	Israel Ports Company (Haifa cluster)	Israel Ports Company (landlord / infrastructure owner)	2022-08-01	2022	11992550.389317617	11175162.963289132	10400757.097921994	1144222.059412583	1065604.2252173063	991085.7858322682	11992550.389317617	11175162.963289132	10400757.097921994	1522932.7711648326	1507135.4775278212	1491257.8941384351	14659705.219895033	13747902.66603426	12883100.777892696
Haifa	SIPG Haifa Bayport	SIPG Haifa Bayport (private operator)	2022-08-01	2022	1522932.7711648326	1507135.4775278212	1491257.8941384351	1144222.059412583	1065604.2252173063	991085.7858322682	11992550.389317617	11175162.963289132	10400757.097921994	1522932.7711648326	1507135.4775278212	1491257.8941384351	14659705.219895033	13747902.66603426	12883100.777892696
Haifa	Haifa Port Company (legacy)	Haifa Port Company (legacy operator)	2022-09-01	2022	1140287.4541322174	1060052.783507058	984147.3356404334	1140287.4541322174	1060052.783507058	984147.3356404334	11966813.854468375	11132447.251227856	10343309.436925547	1556637.9321274988	1538456.746463849	1520207.2652526896	14663739.240728091	13730956.781198762	12847664.03781867
Haifa	Haifa cluster (HPC + IPC + SIPG)	Haifa port cluster (HPC + IPC + SIPG)	2022-09-01	2022	14663739.240728091	13730956.781198762	12847664.03781867	1140287.4541322174	1060052.783507058	984147.3356404334	11966813.854468375	11132447.251227856	10343309.436925547	1556637.9321274988	1538456.746463849	1520207.2652526896	14663739.240728091	13730956.781198762	12847664.03781867
Haifa	Israel Ports Company (Haifa cluster)	Israel Ports Company (landlord / infrastructure owner)	2022-09-01	2022	11966813.854468375	11132447.251227856	10343309.436925547	1140287.4541322174	1060052.783507058	984147.3356404334	11966813.854468375	11132447.251227856	10343309.436925547	1556637.9321274988	1538456.746463849	1520207.2652526896	14663739.240728091	13730956.781198762	12847664.03781867
Haifa	SIPG Haifa Bayport	SIPG Haifa Bayport (private operator)	2022-09-01	2022	1556637.9321274988	1538456.746463849	1520207.2652526896	1140287.4541322174	1060052.783507058	984147.3356404334	11966813.854468375	11132447.251227856	10343309.436925547	1556637.9321274988	1538456.746463849	1520207.2652526896	14663739.240728091	13730956.781198762	12847664.03781867
Haifa	Haifa Port Company (legacy)	Haifa Port Company (legacy operator)	2022-10-01	2022	1136450.196785607	1054668.7643659618	977448.2010334488	1136450.196785607	1054668.7643659618	977448.2010334488	11941960.119592212	11091264.931929354	10288017.062846327	1589965.9093853657	1569387.2749389815	1548757.760091863	14668376.225763185	13715320.971234297	12814223.02397164
Haifa	Haifa cluster (HPC + IPC + SIPG)	Haifa port cluster (HPC + IPC + SIPG)	2022-10-01	2022	14668376.225763185	13715320.971234297	12814223.02397164	1136450.196785607	1054668.7643659618	977448.2010334488	11941960.119592212	11091264.931929354	10288017.062846327	1589965.9093853657	1569387.2749389815	1548757.760091863	14668376.225763185	13715320.971234297	12814223.02397164
Haifa	Israel Ports Company (Haifa cluster)	Israel Ports Company (landlord / infrastructure owner)	2022-10-01	2022	11941960.119592212	11091264.931929354	10288017.062846327	1136450.196785607	1054668.7643659618	977448.2010334488	11941960.119592212	11091264.931929354	10288017.062846327	1589965.9093853657	1569387.2749389815	1548757.760091863	14668376.225763185	13715320.971234297	12814223.02397164
Haifa	SIPG Haifa Bayport	SIPG Haifa Bayport (private operator)	2022-10-01	2022	1589965.9093853657	1569387.2749389815	1548757.760091863	1136450.196785607	1054668.7643659618	977448.2010334488	11941960.119592212	11091264.931929354	10288017.062846327	1589965.9093853657	1569387.2749389815	1548757.760091863	14668376.225763185	13715320.971234297	12814223.02397164
Haifa	Haifa Port Company (legacy)	Haifa Port Company (legacy operator)	2022-11-01	2022	1132542.5358913883	1049181.1469888636	970629.3105082414	1132542.5358913883	1049181.1469888636	970629.3105082414	11916332.153662683	11048869.909970034	10231192.111452151	1625154.630723335	1602002.2598796678	1578823.359971812	14674029.320277406	13700053.316838564	12780644.781932205
Haifa	Haifa cluster (HPC + IPC + SIPG)	Haifa port cluster (HPC + IPC + SIPG)	2022-11-01	2022	14674029.320277406	13700053.316838564	12780644.781932205	1132542.5358913883	1049181.1469888636	970629.3105082414	11916332.153662683	11048869.909970034	10231192.111452151	1625154.630723335	1602002.2598796678	1578823.359971812	14674029.320277406	13700053.316838564	12780644.781932205
Haifa	Israel Ports Company (Haifa cluster)	Israel Ports Company (landlord / infrastructure owner)	2022-11-01	2022	11916332.153662683	11048869.909970034	10231192.111452151	1132542.5358913883	1049181.1469888636	970629.3105082414	11916332.153662683	11048869.909970034	10231192.111452151	1625154.630723335	1602002.2598796678	1578823.359971812	14674029.320277406	13700053.316838564	12780644.781932205
Haifa	SIPG Haifa Bayport	SIPG Haifa Bayport (private operator)	2022-11-01	2022	1625154.630723335	1602002.2598796678	1578823.359971812	1132542.5358913883	1049181.1469888636	970629.3105082414	11916332.153662683	11048869.909970034	10231192.111452151	1625154.630723335	1602002.2598796678	1578823.359971812	14674029.320277406	13700053.316838564	12780644.781932205
Haifa	Haifa Port Company (legacy)	Haifa Port Company (legacy operator)	2022-12-01	2022	1128731.5213318863	1043858.7696226372	964045.0348646364	1128731.5213318863	1043858.7696226372	964045.0348646364	11891583.263636844	11007996.768759305	10176499.08452957	1659949.566305586	1634210.3649371048	1608474.7037202248	14680264.351274315	13686065.903319046	12749018.82311443
Haifa	Haifa cluster (HPC + IPC + SIPG)	Haifa port cluster (HPC + IPC + SIPG)	2022-12-01	2022	14680264.351274315	13686065.903319046	12749018.82311443	1128731.5213318863	1043858.7696226372	964045.0348646364	11891583.263636844	11007996.768759305	10176499.08452957	1659949.566305586	1634210.3649371048	1608474.7037202248	14680264.351274315	13686065.903319046	12749018.82311443
Haifa	Israel Ports Company (Haifa cluster)	Israel Ports Company (landlord / infrastructure owner)	2022-12-01	2022	11891583.263636844	11007996.768759305	10176499.08452957	1128731.5213318863	1043858.7696226372	964045.0348646364	11891583.263636844	11007996.768759305	10176499.08452957	1659949.566305586	1634210.3649371048	1608474.7037202248	14680264.351274315	13686065.903319046	12749018.82311443
Haifa	SIPG Haifa Bayport	SIPG Haifa Bayport (private operator)	2022-12-01	2022	1659949.566305586	1634210.3649371048	1608474.7037202248	1128731.5213318863	1043858.7696226372	964045.0348646364	11891583.263636844	11007996.768759305	10176499.08452957	1659949.566305586	1634210.3649371048	1608474.7037202248	14680264.351274315	13686065.903319046	12749018.82311443
Haifa	Haifa Port Company (legacy)	Haifa Port Company (legacy operator)	2023-01-01	2023	1124569.3179793986	1038103.7746967518	956895.6249659082	1124569.3179793986	1038103.7746967518	956895.6249659082	11882059.70523339	10982501.742157474	10137474.69248648	1654204.3644146586	1625644.835944167	1597124.1652246052	14660833.387627447	13646250.352798393	12691494.482676994
Haifa	Haifa cluster (HPC + IPC + SIPG)	Haifa port cluster (HPC + IPC + SIPG)	2023-01-01	2023	14660833.387627447	13646250.352798393	12691494.482676994	1124569.3179793986	1038103.7746967518	956895.6249659082	11882059.70523339	10982501.742157474	10137474.69248648	1654204.3644146586	1625644.835944167	1597124.1652246052	14660833.387627447	13646250.352798393	12691494.482676994
Haifa	Israel Ports Company (Haifa cluster)	Israel Ports Company (landlord / infrastructure owner)	2023-01-01	2023	11882059.70523339	10982501.742157474	10137474.69248648	1124569.3179793986	1038103.7746967518	956895.6249659082	11882059.70523339	10982501.742157474	10137474.69248648	1654204.3644146586	1625644.835944167	1597124.1652246052	14660833.387627447	13646250.352798393	12691494.482676994
Haifa	SIPG Haifa Bayport	SIPG Haifa Bayport (private operator)	2023-01-01	2023	1654204.3644146586	1625644.835944167	1597124.1652246052	1124569.3179793986	1038103.7746967518	956895.6249659082	11882059.70523339	10982501.742157474	10137474.69248648	1654204.3644146586	1625644.835944167	1597124.1652246052	14660833.387627447	13646250.352798393	12691494.482676994
Haifa	Haifa Port Company (legacy)	Haifa Port Company (legacy operator)	2023-02-01	2023	1120422.7699163756	1032385.0819630692	949814.3728395331	1120422.7699163756	1032385.0819630692	949814.3728395331	11872543.773918996	10957065.763209408	10098599.949469252	1648479.0470704867	1617124.202203703	1585853.7241802188	14641445.590905858	13606575.047376182	12634268.046489004
Haifa	Haifa cluster (HPC + IPC + SIPG)	Haifa port cluster (HPC + IPC + SIPG)	2023-02-01	2023	14641445.590905858	13606575.047376182	12634268.046489004	1120422.7699163756	1032385.0819630692	949814.3728395331	11872543.773918996	10957065.763209408	10098599.949469252	1648479.0470704867	1617124.202203703	1585853.7241802188	14641445.590905858	13606575.047376182	12634268.046489004
Haifa	Israel Ports Company (Haifa cluster)	Israel Ports Company (landlord / infrastructure owner)	2023-02-01	2023	11872543.773918996	10957065.763209408	10098599.949469252	1120422.7699163756	1032385.0819630692	949814.3728395331	11872543.773918996	10957065.763209408	10098599.949469252	1648479.0470704867	1617124.202203703	1585853.7241802188	14641445.590905858	13606575.047376182	12634268.046489004
Haifa	SIPG Haifa Bayport	SIPG Haifa Bayport (private operator)	2023-02-01	2023	1648479.0470704867	1617124.202203703	1585853.7241802188	1120422.7699163756	1032385.0819630692	949814.3728395331	11872543.773918996	10957065.763209408	10098599.949469252	1648479.0470704867	1617124.202203703	1585853.7241802188	14641445.590905858	13606575.047376182	12634268.046489004
Haifa	Haifa Port Company (legacy)	Haifa Port Company (legacy operator)	2023-03-01	2023	1116565.097617176	1027124.9986218044	943350.5798321476	1116565.097617176	1027124.9986218044	943350.5798321476	11863955.289748205	10934141.969568923	10063615.42750255	1643324.826636797	1609466.538591883	1575742.34621565	14623845.214002177	13570733.50678261	12582708.353550348
Haifa	Haifa cluster (HPC + IPC + SIPG)	Haifa port cluster (HPC + IPC + SIPG)	2023-03-01	2023	14623845.214002177	13570733.50678261	12582708.353550348	1116565.097617176	1027124.9986218044	943350.5798321476	11863955.289748205	10934141.969568923	10063615.42750255	1643324.826636797	1609466.538591883	1575742.34621565	14623845.214002177	13570733.50678261	12582708.353550348
Haifa	Israel Ports Company (Haifa cluster)	Israel Ports Company (landlord / infrastructure owner)	2023-03-01	2023	11863955.289748205	10934141.969568923	10063615.42750255	1116565.097617176	1027124.9986218044	943350.5798321476	11863955.289748205	10934141.969568923	10063615.42750255	1643324.826636797	1609466.538591883	1575742.34621565	14623845.214002177	13570733.50678261	12582708.353550348
Haifa	SIPG Haifa Bayport	SIPG Haifa Bayport (private operator)	2023-03-01	2023	1643324.826636797	1609466.538591883	1575742.34621565	1116565.097617176	1027124.9986218044	943350.5798321476	11863955.289748205	10934141.969568923	10063615.42750255	1643324.826636797	1609466.538591883	1575742.34621565	14623845.214002177	13570733.50678261	12582708.353550348
Haifa	Haifa Port Company (legacy)	Haifa Port Company (legacy operator)	2023-04-01	2023	1112448.560467342	1021475.0962121314	936397.4517855572	1112448.560467342	1021475.0962121314	936397.4517855572	11854453.857635004	10908817.994077444	10025023.916752968	1637637.1641360535	1601030.7015691488	1564622.7904535786	14604539.5822384	13531323.791858725	12526044.158992104
Haifa	Haifa cluster (HPC + IPC + SIPG)	Haifa port cluster (HPC + IPC + SIPG)	2023-04-01	2023	14604539.5822384	13531323.791858725	12526044.158992104	1112448.560467342	1021475.0962121314	936397.4517855572	11854453.857635004	10908817.994077444	10025023.916752968	1637637.1641360535	1601030.7015691488	1564622.7904535786	14604539.5822384	13531323.791858725	12526044.158992104
Haifa	Israel Ports Company (Haifa cluster)	Israel Ports Company (landlord / infrastructure owner)	2023-04-01	2023	11854453.857635004	10908817.994077444	10025023.916752968	1112448.560467342	1021475.0962121314	936397.4517855572	11854453.857635004	10908817.994077444	10025023.916752968	1637637.1641360535	1601030.7015691488	1564622.7904535786	14604539.5822384	13531323.791858725	12526044.158992104
Haifa	SIPG Haifa Bayport	SIPG Haifa Bayport (private operator)	2023-04-01	2023	1637637.1641360535	1601030.7015691488	1564622.7904535786	1112448.560467342	1021475.0962121314	936397.4517855572	11854453.857635004	10908817.994077444	10025023.916752968	1637637.1641360535	1601030.7015691488	1564622.7904535786	14604539.5822384	13531323.791858725	12526044.158992104
Haifa	Haifa Port Company (legacy)	Haifa Port Company (legacy operator)	2023-05-01	2023	1108437.8763174736	1015999.6568020012	929689.8771829772	1108437.8763174736	1015999.6568020012	929689.8771829772	11845266.168527031	10884366.766444726	9987818.204532249	1632151.7184391024	1592909.0897297838	1553936.64720397	14585855.763283607	13493275.51297651	12471444.728919197
Haifa	Haifa cluster (HPC + IPC + SIPG)	Haifa port cluster (HPC + IPC + SIPG)	2023-05-01	2023	14585855.763283607	13493275.51297651	12471444.728919197	1108437.8763174736	1015999.6568020012	929689.8771829772	11845266.168527031	10884366.766444726	9987818.204532249	1632151.7184391024	1592909.0897297838	1553936.64720397	14585855.763283607	13493275.51297651	12471444.728919197
Haifa	Israel Ports Company (Haifa cluster)	Israel Ports Company (landlord / infrastructure owner)	2023-05-01	2023	11845266.168527031	10884366.766444726	9987818.204532249	1108437.8763174736	1015999.6568020012	929689.8771829772	11845266.168527031	10884366.766444726	9987818.204532249	1632151.7184391024	1592909.0897297838	1553936.64720397	14585855.763283607	13493275.51297651	12471444.728919197
Haifa	SIPG Haifa Bayport	SIPG Haifa Bayport (private operator)	2023-05-01	2023	1632151.7184391024	1592909.0897297838	1553936.64720397	1108437.8763174736	1015999.6568020012	929689.8771829772	11845266.168527031	10884366.766444726	9987818.204532249	1632151.7184391024	1592909.0897297838	1553936.64720397	14585855.763283607	13493275.51297651	12471444.728919197
Haifa	Haifa Port Company (legacy)	Haifa Port Company (legacy operator)	2023-06-01	2023	1104351.871153427	1010419.6779185436	922866.270151242	1104351.871153427	1010419.6779185436	922866.270151242	11835779.703885617	10859158.072612064	9949517.357646575	1626502.7268496011	1584560.036704582	1542970.967922196	14566634.301888645	13454137.78723519	12415354.595720014
Haifa	Haifa cluster (HPC + IPC + SIPG)	Haifa port cluster (HPC + IPC + SIPG)	2023-06-01	2023	14566634.301888645	13454137.78723519	12415354.595720014	1104351.871153427	1010419.6779185436	922866.270151242	11835779.703885617	10859158.072612064	9949517.357646575	1626502.7268496011	1584560.036704582	1542970.967922196	14566634.301888645	13454137.78723519	12415354.595720014
Haifa	Israel Ports Company (Haifa cluster)	Israel Ports Company (landlord / infrastructure owner)	2023-06-01	2023	11835779.703885617	10859158.072612064	9949517.357646575	1104351.871153427	1010419.6779185436	922866.270151242	11835779.703885617	10859158.072612064	9949517.357646575	1626502.7268496011	1584560.036704582	1542970.967922196	14566634.301888645	13454137.78723519	12415354.595720014
Haifa	SIPG Haifa Bayport	SIPG Haifa Bayport (private operator)	2023-06-01	2023	1626502.7268496011	1584560.036704582	1542970.967922196	1104351.871153427	1010419.6779185436	922866.270151242	11835779.703885617	10859158.072612064	9949517.357646575	1626502.7268496011	1584560.036704582	1542970.967922196	14566634.301888645	13454137.78723519	12415354.595720014
Haifa	Haifa Port Company (legacy)	Haifa Port Company (legacy operator)	2023-07-01	2023	1100370.874799929	1005011.7056568888	916282.9940242256	1100370.874799929	1005011.7056568888	916282.9940242256	11826606.488014543	10834818.153651344	9912591.871720798	1621054.577174283	1576521.976259103	1532432.7034319902	14548031.939988757	13416351.835567335	12361307.569177015
Haifa	Haifa cluster (HPC + IPC + SIPG)	Haifa port cluster (HPC + IPC + SIPG)	2023-07-01	2023	14548031.939988757	13416351.835567335	12361307.569177015	1100370.874799929	1005011.7056568888	916282.9940242256	11826606.488014543	10834818.153651344	9912591.871720798	1621054.577174283	1576521.976259103	1532432.7034319902	14548031.939988757	13416351.835567335	12361307.569177015
Haifa	Israel Ports Company (Haifa cluster)	Israel Ports Company (landlord / infrastructure owner)	2023-07-01	2023	11826606.488014543	10834818.153651344	9912591.871720798	1100370.874799929	1005011.7056568888	916282.9940242256	11826606.488014543	10834818.153651344	9912591.871720798	1621054.577174283	1576521.976259103	1532432.7034319902	14548031.939988757	13416351.835567335	12361307.569177015
Haifa	SIPG Haifa Bayport	SIPG Haifa Bayport (private operator)	2023-07-01	2023	1621054.577174283	1576521.976259103	1532432.7034319902	1100370.874799929	1005011.7056568888	916282.9940242256	11826606.488014543	10834818.153651344	9912591.871720798	1621054.577174283	1576521.976259103	1532432.7034319902	14548031.939988757	13416351.835567335	12361307.569177015
Haifa	Haifa Port Company (legacy)	Haifa Port Company (legacy operator)	2023-08-01	2023	1096315.171590404	999500.7173423584	909586.2425975128	1096315.171590404	999500.7173423584	909586.2425975128	11817134.967266949	10809724.216683874	9874579.499474509	1615443.9935691403	1568258.8144377235	1521618.7712314895	14528894.132426493	13377483.748463955	12305784.51330351
Haifa	Haifa cluster (HPC + IPC + SIPG)	Haifa port cluster (HPC + IPC + SIPG)	2023-08-01	2023	14528894.132426493	13377483.748463955	12305784.51330351	1096315.171590404	999500.7173423584	909586.2425975128	11817134.967266949	10809724.216683874	9874579.499474509	1615443.9935691403	1568258.8144377235	1521618.7712314895	14528894.132426493	13377483.748463955	12305784.51330351
Haifa	Israel Ports Company (Haifa cluster)	Israel Ports Company (landlord / infrastructure owner)	2023-08-01	2023	11817134.967266949	10809724.216683874	9874579.499474509	1096315.171590404	999500.7173423584	909586.2425975128	11817134.967266949	10809724.216683874	9874579.499474509	1615443.9935691403	1568258.8144377235	1521618.7712314895	14528894.132426493	13377483.748463955	12305784.51330351
Haifa	SIPG Haifa Bayport	SIPG Haifa Bayport (private operator)	2023-08-01	2023	1615443.9935691403	1568258.8144377235	1521618.7712314895	1096315.171590404	999500.7173423584	909586.2425975128	11817134.967266949	10809724.216683874	9874579.499474509	1615443.9935691403	1568258.8144377235	1521618.7712314895	14528894.132426493	13377483.748463955	12305784.51330351
Haifa	Haifa Port Company (legacy)	Haifa Port Company (legacy operator)	2023-09-01	2023	1177635.3581836412	1079385.0144581078	988313.53353596	1177635.3581836412	1079385.0144581078	988313.53353596	11807671.031933216	10784688.3984281	9836712.895404946	1609852.8285874226	1560038.96304545	1510881.1498075568	14595159.21870428	13424112.375931656	12335907.578748463
Haifa	Haifa cluster (HPC + IPC + SIPG)	Haifa port cluster (HPC + IPC + SIPG)	2023-09-01	2023	14595159.21870428	13424112.375931656	12335907.578748463	1177635.3581836412	1079385.0144581078	988313.53353596	11807671.031933216	10784688.3984281	9836712.895404946	1609852.8285874226	1560038.96304545	1510881.1498075568	14595159.21870428	13424112.375931656	12335907.578748463
Haifa	Israel Ports Company (Haifa cluster)	Israel Ports Company (landlord / infrastructure owner)	2023-09-01	2023	11807671.031933216	10784688.3984281	9836712.895404946	1177635.3581836412	1079385.0144581078	988313.53353596	11807671.031933216	10784688.3984281	9836712.895404946	1609852.8285874226	1560038.96304545	1510881.1498075568	14595159.21870428	13424112.375931656	12335907.578748463
Haifa	SIPG Haifa Bayport	SIPG Haifa Bayport (private operator)	2023-09-01	2023	1609852.8285874226	1560038.96304545	1510881.1498075568	1177635.3581836412	1079385.0144581078	988313.53353596	11807671.031933216	10784688.3984281	9836712.895404946	1609852.8285874226	1560038.96304545	1510881.1498075568	14595159.21870428	13424112.375931656	12335907.578748463
Haifa	Haifa Port Company (legacy)	Haifa Port Company (legacy operator)	2023-10-01	2023	1173480.0414717912	1073858.4275839357	981694.2381723982	1173480.0414717912	1073858.4275839357	981694.2381723982	11798519.601438526	10760515.397180757	9800206.058890304	1604460.4495765576	1552125.2916213337	1500562.0540494716	14576460.092486873	13386499.116386024	12282462.351112174
Haifa	Haifa cluster (HPC + IPC + SIPG)	Haifa port cluster (HPC + IPC + SIPG)	2023-10-01	2023	14576460.092486873	13386499.116386024	12282462.351112174	1173480.0414717912	1073858.4275839357	981694.2381723982	11798519.601438526	10760515.397180757	9800206.058890304	1604460.4495765576	1552125.2916213337	1500562.0540494716	14576460.092486873	13386499.116386024	12282462.351112174
Haifa	Israel Ports Company (Haifa cluster)	Israel Ports Company (landlord / infrastructure owner)	2023-10-01	2023	11798519.601438526	10760515.397180757	9800206.058890304	1173480.0414717912	1073858.4275839357	981694.2381723982	11798519.601438526	10760515.397180757	9800206.058890304	1604460.4495765576	1552125.2916213337	1500562.0540494716	14576460.092486873	13386499.116386024	12282462.351112174
Haifa	SIPG Haifa Bayport	SIPG Haifa Bayport (private operator)	2023-10-01	2023	1604460.4495765576	1552125.2916213337	1500562.0540494716	1173480.0414717912	1073858.4275839357	981694.2381723982	11798519.601438526	10760515.397180757	9800206.058890304	1604460.4495765576	1552125.2916213337	1500562.0540494716	14576460.092486873	13386499.116386024	12282462.351112174
Haifa	Haifa Port Company (legacy)	Haifa Port Company (legacy operator)	2023-11-01	2023	1169251.4948046664	1068231.640961398	974965.7798469844	1169251.4948046664	1068231.640961398	974965.7798469844	11789070.574508512	10735593.54881329	9762624.658826446	1598907.2994110736	1543990.0022661188	1489973.0237587492	14557229.368724253	13347815.192040807	12227563.46243218
Haifa	Haifa cluster (HPC + IPC + SIPG)	Haifa port cluster (HPC + IPC + SIPG)	2023-11-01	2023	14557229.368724253	13347815.192040807	12227563.46243218	1169251.4948046664	1068231.640961398	974965.7798469844	11789070.574508512	10735593.54881329	9762624.658826446	1598907.2994110736	1543990.0022661188	1489973.0237587492	14557229.368724253	13347815.192040807	12227563.46243218
Haifa	Israel Ports Company (Haifa cluster)	Israel Ports Company (landlord / infrastructure owner)	2023-11-01	2023	11789070.574508512	10735593.54881329	9762624.658826446	1169251.4948046664	1068231.640961398	974965.7798469844	11789070.574508512	10735593.54881329	9762624.658826446	1598907.2994110736	1543990.0022661188	1489973.0237587492	14557229.368724253	13347815.192040807	12227563.46243218
Haifa	SIPG Haifa Bayport	SIPG Haifa Bayport (private operator)	2023-11-01	2023	1598907.2994110736	1543990.0022661188	1489973.0237587492	1169251.4948046664	1068231.640961398	974965.7798469844	11789070.574508512	10735593.54881329	9762624.658826446	1598907.2994110736	1543990.0022661188	1489973.0237587492	14557229.368724253	13347815.192040807	12227563.46243218
Haifa	Haifa Port Company (legacy)	Haifa Port Company (legacy operator)	2023-12-01	2023	1165126.4277455767	1062771.4107122456	968465.5993424318	1165126.4277455767	1062771.4107122456	968465.5993424318	11779933.560133	10711530.589675384	9726392.78480885	1593551.5836533615	1536157.7430408762	1479796.7274226064	14538611.57153194	13310459.743428506	12174655.111573888
Haifa	Haifa cluster (HPC + IPC + SIPG)	Haifa port cluster (HPC + IPC + SIPG)	2023-12-01	2023	14538611.57153194	13310459.743428506	12174655.111573888	1165126.4277455767	1062771.4107122456	968465.5993424318	11779933.560133	10711530.589675384	9726392.78480885	1593551.5836533615	1536157.7430408762	1479796.7274226064	14538611.57153194	13310459.743428506	12174655.111573888
Haifa	Israel Ports Company (Haifa cluster)	Israel Ports Company (landlord / infrastructure owner)	2023-12-01	2023	11779933.560133	10711530.589675384	9726392.78480885	1165126.4277455767	1062771.4107122456	968465.5993424318	11779933.560133	10711530.589675384	9726392.78480885	1593551.5836533615	1536157.7430408762	1479796.7274226064	14538611.57153194	13310459.743428506	12174655.111573888
Haifa	SIPG Haifa Bayport	SIPG Haifa Bayport (private operator)	2023-12-01	2023	1593551.5836533615	1536157.7430408762	1479796.7274226064	1165126.4277455767	1062771.4107122456	968465.5993424318	11779933.560133	10711530.589675384	9726392.78480885	1593551.5836533615	1536157.7430408762	1479796.7274226064	14538611.57153194	13310459.743428506	12174655.111573888
Haifa	Haifa Port Company (legacy)	Haifa Port Company (legacy operator)	2024-01-01	2024	1148415.256034505	1043651.6243343068	946772.35380049	1148415.256034505	1043651.6243343068	946772.35380049	11756363.059251605	10672945.541665085	9675675.118132949	1588051.2331830978	1528128.08709127	1469382.662783365	14492829.548469206	13244725.253090661	12091830.134716805
Haifa	Haifa cluster (HPC + IPC + SIPG)	Haifa port cluster (HPC + IPC + SIPG)	2024-01-01	2024	14492829.548469206	13244725.253090661	12091830.134716805	1148415.256034505	1043651.6243343068	946772.35380049	11756363.059251605	10672945.541665085	9675675.118132949	1588051.2331830978	1528128.08709127	1469382.662783365	14492829.548469206	13244725.253090661	12091830.134716805
Haifa	Israel Ports Company (Haifa cluster)	Israel Ports Company (landlord / infrastructure owner)	2024-01-01	2024	11756363.059251605	10672945.541665085	9675675.118132949	1148415.256034505	1043651.6243343068	946772.35380049	11756363.059251605	10672945.541665085	9675675.118132949	1588051.2331830978	1528128.08709127	1469382.662783365	14492829.548469206	13244725.253090661	12091830.134716805
Haifa	SIPG Haifa Bayport	SIPG Haifa Bayport (private operator)	2024-01-01	2024	1588051.2331830978	1528128.08709127	1469382.662783365	1148415.256034505	1043651.6243343068	946772.35380049	11756363.059251605	10672945.541665085	9675675.118132949	1588051.2331830978	1528128.08709127	1469382.662783365	14492829.548469206	13244725.253090661	12091830.134716805
Haifa	Haifa Port Company (legacy)	Haifa Port Company (legacy operator)	2024-02-01	2024	1132058.3422223488	1025091.1696220275	925959.5146084704	1132058.3422223488	1025091.1696220275	925959.5146084704	11732839.72064909	10634499.484615698	9625221.915556936	1582569.867887591	1520140.402986653	1459041.887090031	14447467.930759028	13179731.05722438	12010223.317255437
Haifa	Haifa cluster (HPC + IPC + SIPG)	Haifa port cluster (HPC + IPC + SIPG)	2024-02-01	2024	14447467.930759028	13179731.05722438	12010223.317255437	1132058.3422223488	1025091.1696220275	925959.5146084704	11732839.72064909	10634499.484615698	9625221.915556936	1582569.867887591	1520140.402986653	1459041.887090031	14447467.930759028	13179731.05722438	12010223.317255437
Haifa	Israel Ports Company (Haifa cluster)	Israel Ports Company (landlord / infrastructure owner)	2024-02-01	2024	11732839.72064909	10634499.484615698	9625221.915556936	1132058.3422223488	1025091.1696220275	925959.5146084704	11732839.72064909	10634499.484615698	9625221.915556936	1582569.867887591	1520140.402986653	1459041.887090031	14447467.930759028	13179731.05722438	12010223.317255437
Haifa	SIPG Haifa Bayport	SIPG Haifa Bayport (private operator)	2024-02-01	2024	1582569.867887591	1520140.402986653	1459041.887090031	1132058.3422223488	1025091.1696220275	925959.5146084704	11732839.72064909	10634499.484615698	9625221.915556936	1582569.867887591	1520140.402986653	1459041.887090031	14447467.930759028	13179731.05722438	12010223.317255437
Haifa	Haifa Port Company (legacy)	Haifa Port Company (legacy operator)	2024-03-01	2024	1116975.5105675063	1008124.2642767474	907158.0290364536	1116975.5105675063	1008124.2642767474	907158.0290364536	11710876.629538303	10598659.20428886	9578261.957800504	1577459.2684218092	1512705.856382835	1449434.1502680755	14405311.40852762	13119489.324948443	11934854.137105033
Haifa	Haifa cluster (HPC + IPC + SIPG)	Haifa port cluster (HPC + IPC + SIPG)	2024-03-01	2024	14405311.40852762	13119489.324948443	11934854.137105033	1116975.5105675063	1008124.2642767474	907158.0290364536	11710876.629538303	10598659.20428886	9578261.957800504	1577459.2684218092	1512705.856382835	1449434.1502680755	14405311.40852762	13119489.324948443	11934854.137105033
Haifa	Israel Ports Company (Haifa cluster)	Israel Ports Company (landlord / infrastructure owner)	2024-03-01	2024	11710876.629538303	10598659.20428886	9578261.957800504	1116975.5105675063	1008124.2642767474	907158.0290364536	11710876.629538303	10598659.20428886	9578261.957800504	1577459.2684218092	1512705.856382835	1449434.1502680755	14405311.40852762	13119489.324948443	11934854.137105033
Haifa	SIPG Haifa Bayport	SIPG Haifa Bayport (private operator)	2024-03-01	2024	1577459.2684218092	1512705.856382835	1449434.1502680755	1116975.5105675063	1008124.2642767474	907158.0290364536	11710876.629538303	10598659.20428886	9578261.957800504	1577459.2684218092	1512705.856382835	1449434.1502680755	14405311.40852762	13119489.324948443	11934854.137105033
Haifa	Haifa Port Company (legacy)	Haifa Port Company (legacy operator)	2024-04-01	2024	1101281.8323820604	990597.5200211392	887943.0498660689	1101281.8323820604	990597.5200211392	887943.0498660689	11687444.304855874	10560480.741293432	9528316.710054709	1572014.4626697456	1504798.7858786923	1439233.762166457	14360740.59990768	13055877.047193263	11855493.522087235
Haifa	Haifa cluster (HPC + IPC + SIPG)	Haifa port cluster (HPC + IPC + SIPG)	2024-04-01	2024	14360740.59990768	13055877.047193263	11855493.522087235	1101281.8323820604	990597.5200211392	887943.0498660689	11687444.304855874	10560480.741293432	9528316.710054709	1572014.4626697456	1504798.7858786923	1439233.762166457	14360740.59990768	13055877.047193263	11855493.522087235
Haifa	Israel Ports Company (Haifa cluster)	Israel Ports Company (landlord / infrastructure owner)	2024-04-01	2024	11687444.304855874	10560480.741293432	9528316.710054709	1101281.8323820604	990597.5200211392	887943.0498660689	11687444.304855874	10560480.741293432	9528316.710054709	1572014.4626697456	1504798.7858786923	1439233.762166457	14360740.59990768	13055877.047193263	11855493.522087235
Haifa	SIPG Haifa Bayport	SIPG Haifa Bayport (private operator)	2024-04-01	2024	1572014.4626697456	1504798.7858786923	1439233.762166457	1101281.8323820604	990597.5200211392	887943.0498660689	11687444.304855874	10560480.741293432	9528316.710054709	1572014.4626697456	1504798.7858786923	1439233.762166457	14360740.59990768	13055877.047193263	11855493.522087235
Haifa	Haifa Port Company (legacy)	Haifa Port Company (legacy operator)	2024-05-01	2024	1086362.6668800516	974074.4055460988	870037.6484681523	1086362.6668800516	974074.4055460988	870037.6484681523	11664812.504103994	10523664.79011087	9480230.583367871	1566763.1903499106	1497186.137071299	1429430.77309371	14317938.361333955	12994925.332728267	11779699.004929733
Haifa	Haifa cluster (HPC + IPC + SIPG)	Haifa port cluster (HPC + IPC + SIPG)	2024-05-01	2024	14317938.361333955	12994925.332728267	11779699.004929733	1086362.6668800516	974074.4055460988	870037.6484681523	11664812.504103994	10523664.79011087	9480230.583367871	1566763.1903499106	1497186.137071299	1429430.77309371	14317938.361333955	12994925.332728267	11779699.004929733
Haifa	Israel Ports Company (Haifa cluster)	Israel Ports Company (landlord / infrastructure owner)	2024-05-01	2024	11664812.504103994	10523664.79011087	9480230.583367871	1086362.6668800516	974074.4055460988	870037.6484681523	11664812.504103994	10523664.79011087	9480230.583367871	1566763.1903499106	1497186.137071299	1429430.77309371	14317938.361333955	12994925.332728267	11779699.004929733
Haifa	SIPG Haifa Bayport	SIPG Haifa Bayport (private operator)	2024-05-01	2024	1566763.1903499106	1497186.137071299	1429430.77309371	1086362.6668800516	974074.4055460988	870037.6484681523	11664812.504103994	10523664.79011087	9480230.583367871	1566763.1903499106	1497186.137071299	1429430.77309371	14317938.361333955	12994925.332728267	11779699.004929733
Haifa	Haifa Port Company (legacy)	Haifa Port Company (legacy operator)	2024-06-01	2024	1071313.5776001457	957535.3852430052	852313.1467059323	1071313.5776001457	957535.3852430052	852313.1467059323	11641472.34925458	10485756.4718018	9430796.51409107	1561355.3035019203	1489360.1897506772	1419371.1586936656	14274141.230356647	12932652.046795484	11702480.81949067
Haifa	Haifa cluster (HPC + IPC + SIPG)	Haifa port cluster (HPC + IPC + SIPG)	2024-06-01	2024	14274141.230356647	12932652.046795484	11702480.81949067	1071313.5776001457	957535.3852430052	852313.1467059323	11641472.34925458	10485756.4718018	9430796.51409107	1561355.3035019203	1489360.1897506772	1419371.1586936656	14274141.230356647	12932652.046795484	11702480.81949067
Haifa	Israel Ports Company (Haifa cluster)	Israel Ports Company (landlord / infrastructure owner)	2024-06-01	2024	11641472.34925458	10485756.4718018	9430796.51409107	1071313.5776001457	957535.3852430052	852313.1467059323	11641472.34925458	10485756.4718018	9430796.51409107	1561355.3035019203	1489360.1897506772	1419371.1586936656	14274141.230356647	12932652.046795484	11702480.81949067
Haifa	SIPG Haifa Bayport	SIPG Haifa Bayport (private operator)	2024-06-01	2024	1561355.3035019203	1489360.1897506772	1419371.1586936656	1071313.5776001457	957535.3852430052	852313.1467059323	11641472.34925458	10485756.4718018	9430796.51409107	1561355.3035019203	1489360.1897506772	1419371.1586936656	14274141.230356647	12932652.046795484	11702480.81949067
Haifa	Haifa Port Company (legacy)	Haifa Port Company (legacy operator)	2024-07-01	2024	1178386.509993137	1063321.009969331	957171.1818840886	1178386.509993137	1063321.009969331	957171.1818840886	11618929.569516338	10449201.024390375	9383202.538183888	1556139.637818551	1481825.6434853007	1409703.4588907524	14353455.717328027	12994347.677845007	11750077.17895873
Haifa	Haifa cluster (HPC + IPC + SIPG)	Haifa port cluster (HPC + IPC + SIPG)	2024-07-01	2024	14353455.717328027	12994347.677845007	11750077.17895873	1178386.509993137	1063321.009969331	957171.1818840886	11618929.569516338	10449201.024390375	9383202.538183888	1556139.637818551	1481825.6434853007	1409703.4588907524	14353455.717328027	12994347.677845007	11750077.17895873
Haifa	Israel Ports Company (Haifa cluster)	Israel Ports Company (landlord / infrastructure owner)	2024-07-01	2024	11618929.569516338	10449201.024390375	9383202.538183888	1178386.509993137	1063321.009969331	957171.1818840886	11618929.569516338	10449201.024390375	9383202.538183888	1556139.637818551	1481825.6434853007	1409703.4588907524	14353455.717328027	12994347.677845007	11750077.17895873
Haifa	SIPG Haifa Bayport	SIPG Haifa Bayport (private operator)	2024-07-01	2024	1556139.637818551	1481825.6434853007	1409703.4588907524	1178386.509993137	1063321.009969331	957171.1818840886	11618929.569516338	10449201.024390375	9383202.538183888	1556139.637818551	1481825.6434853007	1409703.4588907524	14353455.717328027	12994347.677845007	11750077.17895873
Haifa	Haifa Port Company (legacy)	Haifa Port Company (legacy operator)	2024-08-01	2024	1163586.225411626	1047342.668249198	940446.080378447	1163586.225411626	1047342.668249198	940446.080378447	11595681.221954685	10411560.939267116	9334274.415578416	1550768.4195433017	1474079.9870588083	1399782.6754000224	14310035.866909612	12932983.594575122	11674503.171356885
Haifa	Haifa cluster (HPC + IPC + SIPG)	Haifa port cluster (HPC + IPC + SIPG)	2024-08-01	2024	14310035.866909612	12932983.594575122	11674503.171356885	1163586.225411626	1047342.668249198	940446.080378447	11595681.221954685	10411560.939267116	9334274.415578416	1550768.4195433017	1474079.9870588083	1399782.6754000224	14310035.866909612	12932983.594575122	11674503.171356885
Haifa	Israel Ports Company (Haifa cluster)	Israel Ports Company (landlord / infrastructure owner)	2024-08-01	2024	11595681.221954685	10411560.939267116	9334274.415578416	1163586.225411626	1047342.668249198	940446.080378447	11595681.221954685	10411560.939267116	9334274.415578416	1550768.4195433017	1474079.9870588083	1399782.6754000224	14310035.866909612	12932983.594575122	11674503.171356885
Haifa	SIPG Haifa Bayport	SIPG Haifa Bayport (private operator)	2024-08-01	2024	1550768.4195433017	1474079.9870588083	1399782.6754000224	1163586.225411626	1047342.668249198	940446.080378447	11595681.221954685	10411560.939267116	9334274.415578416	1550768.4195433017	1474079.9870588083	1399782.6754000224	14310035.866909612	12932983.594575122	11674503.171356885
Haifa	Haifa Port Company (legacy)	Haifa Port Company (legacy operator)	2024-09-01	2024	1149089.5849308618	1031815.2490685123	924372.4890944612	1149089.5849308618	1031815.2490685123	924372.4890944612	11572479.392074464	10374056.44116196	9285601.425607242	1545415.740726247	1466374.817982323	1389931.709390727	14266984.717731573	12872246.508212795	11599905.62409243
Haifa	Haifa cluster (HPC + IPC + SIPG)	Haifa port cluster (HPC + IPC + SIPG)	2024-09-01	2024	14266984.717731573	12872246.508212795	11599905.62409243	1149089.5849308618	1031815.2490685123	924372.4890944612	11572479.392074464	10374056.44116196	9285601.425607242	1545415.740726247	1466374.817982323	1389931.709390727	14266984.717731573	12872246.508212795	11599905.62409243
Haifa	Israel Ports Company (Haifa cluster)	Israel Ports Company (landlord / infrastructure owner)	2024-09-01	2024	11572479.392074464	10374056.44116196	9285601.425607242	1149089.5849308618	1031815.2490685123	924372.4890944612	11572479.392074464	10374056.44116196	9285601.425607242	1545415.740726247	1466374.817982323	1389931.709390727	14266984.717731573	12872246.508212795	11599905.62409243
Haifa	SIPG Haifa Bayport	SIPG Haifa Bayport (private operator)	2024-09-01	2024	1545415.740726247	1466374.817982323	1389931.709390727	1149089.5849308618	1031815.2490685123	924372.4890944612	11572479.392074464	10374056.44116196	9285601.425607242	1545415.740726247	1466374.817982323	1389931.709390727	14266984.717731573	12872246.508212795	11599905.62409243
Haifa	Haifa Port Company (legacy)	Haifa Port Company (legacy operator)	2024-10-01	2024	1135285.042797584	1017146.6568053502	909353.1504359724	1135285.042797584	1017146.6568053502	909353.1504359724	11550070.211677529	10337890.402431436	9238740.199212058	1540253.320726541	1458956.5527537374	1380464.5292027695	14225608.575201655	12813993.611990523	11528557.878850799
Haifa	Haifa cluster (HPC + IPC + SIPG)	Haifa port cluster (HPC + IPC + SIPG)	2024-10-01	2024	14225608.575201655	12813993.611990523	11528557.878850799	1135285.042797584	1017146.6568053502	909353.1504359724	11550070.211677529	10337890.402431436	9238740.199212058	1540253.320726541	1458956.5527537374	1380464.5292027695	14225608.575201655	12813993.611990523	11528557.878850799
Haifa	Israel Ports Company (Haifa cluster)	Israel Ports Company (landlord / infrastructure owner)	2024-10-01	2024	11550070.211677529	10337890.402431436	9238740.199212058	1135285.042797584	1017146.6568053502	909353.1504359724	11550070.211677529	10337890.402431436	9238740.199212058	1540253.320726541	1458956.5527537374	1380464.5292027695	14225608.575201655	12813993.611990523	11528557.878850799
Haifa	SIPG Haifa Bayport	SIPG Haifa Bayport (private operator)	2024-10-01	2024	1540253.320726541	1458956.5527537374	1380464.5292027695	1135285.042797584	1017146.6568053502	909353.1504359724	11550070.211677529	10337890.402431436	9238740.199212058	1540253.320726541	1458956.5527537374	1380464.5292027695	14225608.575201655	12813993.611990523	11528557.878850799
Haifa	Haifa Port Company (legacy)	Haifa Port Company (legacy operator)	2024-11-01	2024	1121366.1655556308	1002466.1524870292	894481.0705136195	1121366.1655556308	1002466.1524870292	894481.0705136195	11526959.64499094	10300651.280145034	9190565.366435332	1534936.9361401314	1451330.4354379168	1370749.5145842866	14183262.7466867	12754447.86806998	11455795.951533237
Haifa	Haifa cluster (HPC + IPC + SIPG)	Haifa port cluster (HPC + IPC + SIPG)	2024-11-01	2024	14183262.7466867	12754447.86806998	11455795.951533237	1121366.1655556308	1002466.1524870292	894481.0705136195	11526959.64499094	10300651.280145034	9190565.366435332	1534936.9361401314	1451330.4354379168	1370749.5145842866	14183262.7466867	12754447.86806998	11455795.951533237
Haifa	Israel Ports Company (Haifa cluster)	Israel Ports Company (landlord / infrastructure owner)	2024-11-01	2024	11526959.64499094	10300651.280145034	9190565.366435332	1121366.1655556308	1002466.1524870292	894481.0705136195	11526959.64499094	10300651.280145034	9190565.366435332	1534936.9361401314	1451330.4354379168	1370749.5145842866	14183262.7466867	12754447.86806998	11455795.951533237
Haifa	SIPG Haifa Bayport	SIPG Haifa Bayport (private operator)	2024-11-01	2024	1534936.9361401314	1451330.4354379168	1370749.5145842866	1121366.1655556308	1002466.1524870292	894481.0705136195	11526959.64499094	10300651.280145034	9190565.366435332	1534936.9361401314	1451330.4354379168	1370749.5145842866	14183262.7466867	12754447.86806998	11455795.951533237
Haifa	Haifa Port Company (legacy)	Haifa Port Company (legacy operator)	2024-12-01	2024	1167982.9011381282	1048466.6565718862	940449.8818974128	1167982.9011381282	1048466.6565718862	940449.8818974128	11504638.60994207	10264741.146509243	9144183.754238533	1529809.520307229	1443988.2784584244	1361412.9892287974	14202431.031387426	12757196.081539553	11446046.625364743
Haifa	Haifa cluster (HPC + IPC + SIPG)	Haifa port cluster (HPC + IPC + SIPG)	2024-12-01	2024	14202431.031387426	12757196.081539553	11446046.625364743	1167982.9011381282	1048466.6565718862	940449.8818974128	11504638.60994207	10264741.146509243	9144183.754238533	1529809.520307229	1443988.2784584244	1361412.9892287974	14202431.031387426	12757196.081539553	11446046.625364743
Haifa	Israel Ports Company (Haifa cluster)	Israel Ports Company (landlord / infrastructure owner)	2024-12-01	2024	11504638.60994207	10264741.146509243	9144183.754238533	1167982.9011381282	1048466.6565718862	940449.8818974128	11504638.60994207	10264741.146509243	9144183.754238533	1529809.520307229	1443988.2784584244	1361412.9892287974	14202431.031387426	12757196.081539553	11446046.625364743
Haifa	SIPG Haifa Bayport	SIPG Haifa Bayport (private operator)	2024-12-01	2024	1529809.520307229	1443988.2784584244	1361412.9892287974	1167982.9011381282	1048466.6565718862	940449.8818974128	11504638.60994207	10264741.146509243	9144183.754238533	1529809.520307229	1443988.2784584244	1361412.9892287974	14202431.031387426	12757196.081539553	11446046.625364743
