"Date","Price","Open","High","Low","Vol.","Change %"
"12/31/2024","0.4973","0.5007","0.5020","0.4976","","-0.53%"
"12/30/2024","0.4999","0.5045","0.5054","0.4985","","-0.67%"
"12/27/2024","0.5033","0.5015","0.5065","0.5004","","0.49%"
"12/26/2024","0.5009","0.5001","0.5036","0.4984","","0.61%"
"12/25/2024","0.4978","0.4999","0.5011","0.4979","","-0.29%"
"12/24/2024","0.4992","0.5022","0.5046","0.4986","","-0.29%"
"12/23/2024","0.5007","0.5002","0.5038","0.4973","","0.31%"
"12/20/2024","0.4992","0.4999","0.5046","0.4972","","-0.05%"
"12/19/2024","0.4994","0.4941","0.5013","0.4917","","1.19%"
"12/18/2024","0.4936","0.4936","0.4968","0.4905","","0.07%"
"12/17/2024","0.4932","0.4924","0.4961","0.4908","","0.30%"
"12/16/2024","0.4918","0.4940","0.4979","0.4912","","-0.58%"
"12/13/2024","0.4947","0.4923","0.4964","0.4909","","0.59%"
"12/12/2024","0.4918","0.4929","0.4949","0.4900","","-0.13%"
"12/11/2024","0.4924","0.4943","0.4969","0.4907","","-0.19%"
"12/10/2024","0.4933","0.4912","0.4965","0.4903","","0.53%"
"12/09/2024","0.4907","0.4924","0.4933","0.4871","","-0.17%"
"12/06/2024","0.4915","0.4959","0.4972","0.4915","","-0.58%"
"12/05/2024","0.4944","0.4981","0.4988","0.4936","","-0.68%"
"12/04/2024","0.4978","0.4963","0.4996","0.4940","","0.43%"
"12/03/2024","0.4957","0.5023","0.5028","0.4955","","-1.03%"
"12/02/2024","0.5008","0.5020","0.5036","0.4982","","-0.18%"
"11/29/2024","0.5017","0.5041","0.5063","0.5004","","-0.41%"
"11/28/2024","0.5038","0.5047","0.5061","0.5021","","0.08%"
"11/27/2024","0.5034","0.5026","0.5064","0.5006","","0.22%"
"11/26/2024","0.5023","0.5032","0.5048","0.4994","","-0.06%"
"11/25/2024","0.5026","0.5109","0.5125","0.5017","","-1.60%"
"11/22/2024","0.5108","0.5132","0.5153","0.5101","","-0.20%"
"11/21/2024","0.5118","0.5157","0.5180","0.5116","","-0.62%"
"11/20/2024","0.5150","0.5171","0.5182","0.5139","","-0.27%"
"11/19/2024","0.5164","0.5159","0.5192","0.5140","","0.23%"
"11/18/2024","0.5152","0.5176","0.5191","0.5139","","-0.38%"
"11/15/2024","0.5172","0.5173","0.5193","0.5159","","0.10%"
"11/14/2024","0.5166","0.5193","0.5202","0.5148","","-0.24%"
"11/13/2024","0.5179","0.5196","0.5225","0.5170","","-0.23%"
"11/12/2024","0.5191","0.5196","0.5206","0.5158","","0.00%"
"11/11/2024","0.5191","0.5221","0.5230","0.5166","","-0.51%"
"11/08/2024","0.5217","0.5212","0.5239","0.5185","","0.22%"
"11/07/2024","0.5206","0.5200","0.5232","0.5181","","0.20%"
"11/06/2024","0.5195","0.5276","0.5287","0.5186","","-1.48%"
"11/05/2024","0.5273","0.5286","0.5296","0.5249","","-0.15%"
"11/04/2024","0.5281","0.5269","0.5303","0.5257","","0.29%"
"11/01/2024","0.5266","0.5257","0.5291","0.5232","","0.32%"
"10/31/2024","0.5249","0.5210","0.5278","0.5195","","0.67%"
"10/30/2024","0.5214","0.5222","0.5240","0.5187","","0.14%"
"10/29/2024","0.5207","0.5239","0.5258","0.5201","","-0.39%"
"10/28/2024","0.5228","0.5321","0.5328","0.5214","","-1.50%"
"10/25/2024","0.5307","0.5320","0.5342","0.5305","","-0.03%"
"10/24/2024","0.5309","0.5326","0.5348","0.5299","","-0.25%"
"10/23/2024","0.5323","0.5292","0.5339","0.5282","","0.87%"
"10/22/2024","0.5277","0.5310","0.5331","0.5280","","-0.48%"
"10/21/2024","0.5302","0.5233","0.5328","0.5223","","1.48%"
"10/18/2024","0.5225","0.5244","0.5256","0.5204","","-0.16%"
"10/17/2024","0.5234","0.5281","0.5317","0.5221","","-0.85%"
"10/16/2024","0.5278","0.5280","0.5310","0.5268","","0.14%"
"10/15/2024","0.5271","0.5303","0.5313","0.5248","","-0.40%"
"10/14/2024","0.5292","0.5321","0.5344","0.5289","","-0.40%"
"10/11/2024","0.5313","0.5320","0.5343","0.5296","","0.13%"
"10/10/2024","0.5306","0.5319","0.5349","0.5300","","-0.11%"
"10/09/2024","0.5312","0.5329","0.5350","0.5287","","-0.24%"
"10/08/2024","0.5325","0.5406","0.5408","0.5311","","-1.36%"
"10/07/2024","0.5398","0.5437","0.5443","0.5371","","-0.43%"
"10/04/2024","0.5421","0.5419","0.5465","0.5404","","0.23%"
"10/03/2024","0.5409","0.5390","0.5444","0.5382","","0.49%"
"10/02/2024","0.5383","0.5362","0.5418","0.5349","","0.32%"
"10/01/2024","0.5365","0.5302","0.5387","0.5283","","1.33%"
"09/30/2024","0.5295","0.5263","0.5320","0.5255","","-0.40%"
"09/27/2024","0.5316","0.5272","0.5327","0.5258","","0.86%"
"09/26/2024","0.5271","0.5319","0.5339","0.5238","","-0.75%"
"09/25/2024","0.5311","0.5334","0.5379","0.5306","","-0.43%"
"09/24/2024","0.5334","0.5370","0.5404","0.5328","","-0.52%"
"09/23/2024","0.5362","0.5356","0.5392","0.5339","","0.09%"
"09/20/2024","0.5357","0.5322","0.5379","0.5310","","0.93%"
"09/19/2024","0.5308","0.5339","0.5360","0.5291","","-0.53%"
"09/18/2024","0.5336","0.5334","0.5352","0.5297","","0.20%"
"09/17/2024","0.5326","0.5279","0.5352","0.5265","","0.98%"
"09/16/2024","0.5274","0.5229","0.5292","0.5217","","0.91%"
"09/13/2024","0.5226","0.5231","0.5254","0.5208","","0.15%"
"09/12/2024","0.5218","0.5301","0.5318","0.5217","","-1.48%"
"09/11/2024","0.5297","0.5282","0.5316","0.5273","","0.36%"
"09/10/2024","0.5278","0.5286","0.5314","0.5260","","-0.02%"
"09/09/2024","0.5279","0.5258","0.5317","0.5233","","0.47%"
"09/06/2024","0.5254","0.5222","0.5271","0.5211","","0.70%"
"09/05/2024","0.5218","0.5188","0.5237","0.5175","","0.81%"
"09/04/2024","0.5176","0.5185","0.5238","0.5173","","-0.08%"
"09/03/2024","0.5180","0.5127","0.5201","0.5111","","1.01%"
"09/02/2024","0.5129","0.5117","0.5162","0.5106","","0.42%"
"08/30/2024","0.5107","0.5155","0.5174","0.5107","","-0.67%"
"08/29/2024","0.5142","0.5139","0.5182","0.5123","","0.12%"
"08/28/2024","0.5135","0.5165","0.5172","0.5120","","-0.51%"
"08/27/2024","0.5162","0.5168","0.5190","0.5147","","0.04%"
"08/26/2024","0.5159","0.5187","0.5193","0.5123","","-0.22%"
"08/23/2024","0.5171","0.5193","0.5209","0.5148","","-0.31%"
"08/22/2024","0.5187","0.5216","0.5229","0.5181","","-0.37%"
"08/21/2024","0.5206","0.5178","0.5236","0.5167","","0.67%"
"08/20/2024","0.5171","0.5189","0.5213","0.5157","","-0.28%"
"08/19/2024","0.5186","0.5124","0.5215","0.5119","","1.48%"
"08/16/2024","0.5110","0.5139","0.5161","0.5107","","-0.42%"
"08/15/2024","0.5132","0.5202","0.5217","0.5120","","-1.29%"
"08/14/2024","0.5199","0.5200","0.5240","0.5168","","0.11%"
"08/13/2024","0.5193","0.5271","0.5278","0.5181","","-1.32%"
"08/12/2024","0.5263","0.5197","0.5284","0.5183","","1.42%"
"08/09/2024","0.5189","0.5267","0.5286","0.5186","","-1.39%"
"08/08/2024","0.5263","0.5285","0.5308","0.5245","","-0.39%"
"08/07/2024","0.5283","0.5352","0.5362","0.5250","","-1.27%"
"08/06/2024","0.5351","0.5366","0.5393","0.5325","","0.00%"
"08/05/2024","0.5352","0.5307","0.5400","0.5301","","0.84%"
"08/02/2024","0.5307","0.5241","0.5321","0.5229","","1.31%"
"08/01/2024","0.5238","0.5224","0.5264","0.5209","","0.31%"
"07/31/2024","0.5222","0.5163","0.5251","0.5157","","1.26%"
"07/30/2024","0.5157","0.5126","0.5200","0.5114","","0.70%"
"07/29/2024","0.5121","0.5044","0.5162","0.5036","","1.53%"
"07/26/2024","0.5044","0.5079","0.5088","0.5033","","-0.64%"
"07/25/2024","0.5077","0.5027","0.5102","0.5018","","1.07%"
"07/24/2024","0.5023","0.4989","0.5037","0.4973","","0.74%"
"07/23/2024","0.4987","0.4995","0.5008","0.4960","","-0.01%"
"07/22/2024","0.4987","0.5014","0.5030","0.4980","","-0.28%"
"07/19/2024","0.5002","0.5023","0.5057","0.5003","","-0.37%"
"07/18/2024","0.5020","0.5010","0.5032","0.4993","","0.27%"
"07/17/2024","0.5006","0.4979","0.5025","0.4967","","0.59%"
"07/16/2024","0.4977","0.4989","0.5018","0.4964","","-0.15%"
"07/15/2024","0.4984","0.4983","0.5002","0.4952","","0.38%"
"07/12/2024","0.4965","0.5017","0.5035","0.4936","","-0.96%"
"07/11/2024","0.5013","0.5028","0.5039","0.4984","","-0.24%"
"07/10/2024","0.5026","0.5058","0.5064","0.5009","","-0.56%"
"07/09/2024","0.5054","0.5064","0.5092","0.5017","","-0.18%"
"07/08/2024","0.5063","0.5078","0.5105","0.5044","","-0.08%"
"07/05/2024","0.5067","0.5144","0.5154","0.5058","","-1.33%"
"07/04/2024","0.5135","0.5171","0.5181","0.5126","","-0.58%"
"07/03/2024","0.5165","0.5182","0.5198","0.5155","","-0.28%"
"07/02/2024","0.5179","0.5179","0.5202","0.5156","","0.13%"
"07/01/2024","0.5173","0.5183","0.5194","0.5142","","-0.18%"
"06/28/2024","0.5182","0.5169","0.5204","0.5160","","0.34%"
"06/27/2024","0.5164","0.5166","0.5185","0.5149","","0.07%"
"06/26/2024","0.5160","0.5153","0.5178","0.5136","","0.24%"
"06/25/2024","0.5148","0.5132","0.5167","0.5111","","0.37%"
"06/24/2024","0.5129","0.5167","0.5185","0.5110","","-0.83%"
"06/21/2024","0.5172","0.5132","0.5190","0.5123","","1.07%"
"06/20/2024","0.5117","0.5122","0.5150","0.5100","","0.10%"
"06/19/2024","0.5112","0.5129","0.5144","0.5100","","-0.29%"
"06/18/2024","0.5127","0.5125","0.5139","0.5106","","0.30%"
"06/17/2024","0.5112","0.5129","0.5167","0.5106","","-0.28%"
"06/14/2024","0.5126","0.5125","0.5158","0.5111","","0.07%"
"06/13/2024","0.5123","0.5104","0.5137","0.5080","","0.51%"
"06/12/2024","0.5096","0.5113","0.5149","0.5076","","-0.32%"
"06/11/2024","0.5113","0.5167","0.5194","0.5093","","-0.96%"
"06/10/2024","0.5163","0.5192","0.5200","0.5153","","-0.42%"
"06/07/2024","0.5185","0.5154","0.5203","0.5125","","0.61%"
"06/06/2024","0.5153","0.5128","0.5166","0.5114","","0.54%"
"06/05/2024","0.5125","0.5099","0.5145","0.5075","","0.64%"
"06/04/2024","0.5093","0.5053","0.5115","0.5035","","1.00%"
"06/03/2024","0.5042","0.5136","0.5142","0.5033","","-1.51%"
"05/31/2024","0.5120","0.5119","0.5149","0.5107","","0.18%"
"05/30/2024","0.5110","0.5109","0.5156","0.5096","","0.02%"
"05/29/2024","0.5110","0.5081","0.5128","0.5070","","0.66%"
"05/28/2024","0.5076","0.5072","0.5096","0.5056","","0.30%"
"05/27/2024","0.5061","0.5052","0.5091","0.5044","","0.30%"
"05/24/2024","0.5046","0.5076","0.5089","0.5042","","-0.56%"
"05/23/2024","0.5075","0.5075","0.5090","0.5055","","0.24%"
"05/22/2024","0.5062","0.5067","0.5098","0.5052","","0.02%"
"05/21/2024","0.5061","0.5094","0.5109","0.5059","","-0.56%"
"05/20/2024","0.5090","0.5130","0.5151","0.5082","","-0.74%"
"05/17/2024","0.5128","0.5121","0.5158","0.5105","","0.23%"
"05/16/2024","0.5116","0.5087","0.5131","0.5077","","0.65%"
"05/15/2024","0.5083","0.5110","0.5136","0.5064","","-0.37%"
"05/14/2024","0.5102","0.5143","0.5166","0.5094","","-0.73%"
"05/13/2024","0.5139","0.5156","0.5170","0.5123","","-0.07%"
"05/10/2024","0.5143","0.5162","0.5174","0.5138","","-0.26%"
"05/09/2024","0.5156","0.5139","0.5184","0.5132","","0.38%"
"05/08/2024","0.5137","0.5124","0.5160","0.5105","","0.53%"
"05/07/2024","0.5110","0.5175","0.5191","0.5111","","-1.17%"
"05/06/2024","0.5171","0.5127","0.5206","0.5122","","1.06%"
"05/03/2024","0.5116","0.5143","0.5152","0.5110","","-0.22%"
"05/02/2024","0.5128","0.5186","0.5199","0.5120","","-1.00%"
"05/01/2024","0.5180","0.5157","0.5199","0.5132","","0.64%"
"04/30/2024","0.5147","0.5191","0.5208","0.5140","","-0.78%"
"04/29/2024","0.5188","0.5260","0.5279","0.5182","","-1.26%"
"04/26/2024","0.5254","0.5255","0.5290","0.5218","","0.12%"
"04/25/2024","0.5247","0.5216","0.5264","0.5209","","0.67%"
"04/24/2024","0.5212","0.5203","0.5239","0.5176","","0.29%"
"04/23/2024","0.5197","0.5209","0.5235","0.5180","","-0.10%"
"04/22/2024","0.5202","0.5195","0.5223","0.5167","","0.20%"
"04/19/2024","0.5192","0.5238","0.5288","0.5180","","-0.65%"
"04/18/2024","0.5226","0.5243","0.5277","0.5205","","-0.15%"
"04/17/2024","0.5234","0.5193","0.5253","0.5180","","0.90%"
"04/16/2024","0.5187","0.5179","0.5220","0.5153","","0.23%"
"04/15/2024","0.5175","0.5200","0.5220","0.5111","","-0.59%"
"04/12/2024","0.5206","0.5172","0.5227","0.5158","","0.78%"
"04/11/2024","0.5166","0.5172","0.5211","0.5146","","-0.13%"
"04/10/2024","0.5172","0.5113","0.5202","0.5104","","1.33%"
"04/09/2024","0.5104","0.5106","0.5126","0.5076","","-0.25%"
"04/08/2024","0.5117","0.5200","0.5209","0.5072","","-1.34%"
"04/05/2024","0.5186","0.5187","0.5217","0.5152","","0.10%"
"04/04/2024","0.5181","0.5126","0.5203","0.5096","","1.27%"
"04/03/2024","0.5117","0.5134","0.5168","0.5106","","-0.29%"
"04/02/2024","0.5131","0.5096","0.5147","0.5078","","0.75%"
"04/01/2024","0.5093","0.5116","0.5120","0.5052","","-0.03%"
"03/29/2024","0.5095","0.5074","0.5126","0.5062","","0.47%"
"03/28/2024","0.5071","0.5090","0.5115","0.5062","","-0.32%"
"03/27/2024","0.5087","0.5074","0.5104","0.5054","","0.47%"
"03/26/2024","0.5063","0.5055","0.5096","0.5041","","0.22%"
"03/25/2024","0.5052","0.5038","0.5068","0.5021","","0.40%"
"03/22/2024","0.5032","0.5014","0.5045","0.4983","","0.45%"
"03/21/2024","0.5009","0.5072","0.5083","0.4979","","-1.03%"
"03/20/2024","0.5061","0.5096","0.5134","0.5046","","-0.47%"
"03/19/2024","0.5085","0.5075","0.5121","0.5067","","0.30%"
"03/18/2024","0.5069","0.5113","0.5122","0.5052","","-0.62%"
"03/15/2024","0.5101","0.5081","0.5125","0.5055","","0.51%"
"03/14/2024","0.5075","0.5056","0.5091","0.5032","","0.52%"
"03/13/2024","0.5048","0.5094","0.5116","0.5044","","-0.81%"
"03/12/2024","0.5090","0.5049","0.5114","0.5044","","0.96%"
"03/11/2024","0.5041","0.4975","0.5065","0.4964","","1.45%"
"03/08/2024","0.4969","0.4974","0.4990","0.4935","","0.10%"
"03/07/2024","0.4964","0.4982","0.5004","0.4962","","-0.21%"
"03/06/2024","0.4974","0.4989","0.5022","0.4961","","-0.16%"
"03/05/2024","0.4982","0.4971","0.5005","0.4957","","0.35%"
"03/04/2024","0.4965","0.4956","0.4988","0.4923","","0.53%"
"03/01/2024","0.4939","0.4969","0.4977","0.4930","","-0.46%"
"02/29/2024","0.4962","0.4995","0.5014","0.4936","","-0.38%"
"02/28/2024","0.4980","0.5012","0.5041","0.4974","","-0.55%"
"02/27/2024","0.5008","0.5056","0.5066","0.5004","","-0.70%"
"02/26/2024","0.5043","0.5046","0.5085","0.5033","","0.23%"
"02/23/2024","0.5031","0.5052","0.5069","0.5026","","-0.24%"
"02/22/2024","0.5043","0.5113","0.5123","0.5036","","-1.24%"
"02/21/2024","0.5107","0.5111","0.5148","0.5098","","0.00%"
"02/20/2024","0.5106","0.5048","0.5129","0.5043","","1.37%"
"02/19/2024","0.5038","0.5013","0.5059","0.5002","","0.61%"
"02/16/2024","0.5007","0.5033","0.5062","0.5002","","-0.34%"
"02/15/2024","0.5024","0.5071","0.5087","0.5018","","-0.87%"
"02/14/2024","0.5069","0.5107","0.5112","0.5065","","-0.66%"
"02/13/2024","0.5102","0.5087","0.5114","0.5050","","0.45%"
"02/12/2024","0.5079","0.5104","0.5148","0.5070","","-0.42%"
"02/09/2024","0.5101","0.5132","0.5144","0.5094","","-0.42%"
"02/08/2024","0.5122","0.5079","0.5154","0.5066","","0.98%"
"02/07/2024","0.5073","0.5069","0.5092","0.5050","","0.25%"
"02/06/2024","0.5060","0.5099","0.5110","0.5051","","-0.59%"
"02/05/2024","0.5090","0.5085","0.5124","0.5073","","0.21%"
"02/02/2024","0.5079","0.5091","0.5108","0.5065","","-0.35%"
"02/01/2024","0.5096","0.5081","0.5114","0.5061","","0.43%"
"01/31/2024","0.5075","0.5101","0.5119","0.5048","","-0.30%"
"01/30/2024","0.5090","0.5093","0.5112","0.5067","","0.00%"
"01/29/2024","0.5090","0.5137","0.5163","0.5082","","-0.80%"
"01/26/2024","0.5131","0.5159","0.5179","0.5124","","-0.44%"
"01/25/2024","0.5153","0.5176","0.5189","0.5131","","-0.18%"
"01/24/2024","0.5163","0.5235","0.5249","0.5152","","-1.07%"
"01/23/2024","0.5219","0.5233","0.5277","0.5219","","-0.19%"
"01/22/2024","0.5229","0.5204","0.5253","0.5196","","0.54%"
"01/19/2024","0.5200","0.5225","0.5233","0.5181","","-0.34%"
"01/18/2024","0.5218","0.5273","0.5282","0.5215","","-0.86%"
"01/17/2024","0.5263","0.5242","0.5283","0.5235","","0.46%"
"01/16/2024","0.5239","0.5233","0.5275","0.5218","","0.38%"
"01/15/2024","0.5219","0.5206","0.5245","0.5185","","0.40%"
"01/12/2024","0.5198","0.5221","0.5240","0.5183","","-0.23%"
"01/11/2024","0.5210","0.5217","0.5254","0.5207","","0.06%"
"01/10/2024","0.5207","0.5208","0.5266","0.5189","","0.15%"
"01/09/2024","0.5199","0.5181","0.5223","0.5162","","0.53%"
"01/08/2024","0.5172","0.5150","0.5207","0.5131","","0.71%"
"01/05/2024","0.5135","0.5106","0.5174","0.5091","","0.81%"
"01/04/2024","0.5094","0.5116","0.5133","0.5091","","-0.25%"
"01/03/2024","0.5107","0.5108","0.5131","0.5077","","0.12%"
"01/02/2024","0.5100","0.5106","0.5127","0.5052","","-0.07%"
"01/01/2024","0.5104","0.5089","0.5108","0.5064","","0.66%"
"12/29/2023","0.5070","0.5099","0.5125","0.5064","","-0.34%"
"12/28/2023","0.5087","0.5066","0.5120","0.5055","","0.56%"
"12/27/2023","0.5059","0.5078","0.5083","0.5054","","-0.21%"
"12/26/2023","0.5070","0.5061","0.5089","0.5046","","0.22%"
"12/25/2023","0.5059","0.5058","0.5072","0.5052","","0.30%"
"12/22/2023","0.5044","0.5078","0.5080","0.5035","","-0.59%"
"12/21/2023","0.5074","0.5090","0.5107","0.5041","","-0.21%"
"12/20/2023","0.5085","0.5124","0.5128","0.5080","","-0.57%"
"12/19/2023","0.5114","0.5136","0.5140","0.5097","","-0.29%"
"12/18/2023","0.5129","0.5152","0.5161","0.5105","","-0.66%"
"12/15/2023","0.5163","0.5163","0.5180","0.5132","","0.06%"
"12/14/2023","0.5160","0.5112","0.5179","0.5110","","0.99%"
"12/13/2023","0.5109","0.5171","0.5180","0.5112","","-1.21%"
"12/12/2023","0.5172","0.5178","0.5199","0.5150","","-0.05%"
"12/11/2023","0.5174","0.5171","0.5195","0.5153","","0.15%"
"12/08/2023","0.5167","0.5173","0.5189","0.5158","","-0.04%"
"12/07/2023","0.5169","0.5176","0.5189","0.5162","","0.01%"
"12/06/2023","0.5168","0.5207","0.5215","0.5156","","-0.66%"
"12/05/2023","0.5203","0.5214","0.5230","0.5191","","-0.15%"
"12/04/2023","0.5211","0.5210","0.5224","0.5177","","0.37%"
"12/01/2023","0.5191","0.5220","0.5249","0.5187","","-0.49%"
"11/30/2023","0.5217","0.5166","0.5235","0.5160","","1.12%"
"11/29/2023","0.5159","0.5149","0.5175","0.5146","","0.33%"
"11/28/2023","0.5142","0.5183","0.5191","0.5145","","-0.62%"
"11/27/2023","0.5174","0.5230","0.5251","0.5175","","-0.89%"
"11/24/2023","0.5221","0.5240","0.5252","0.5214","","-0.14%"
"11/23/2023","0.5228","0.5214","0.5260","0.5206","","0.56%"
"11/22/2023","0.5199","0.5211","0.5231","0.5194","","-0.16%"
"11/21/2023","0.5207","0.5199","0.5223","0.5176","","0.76%"
"11/20/2023","0.5168","0.5155","0.5215","0.5155","","0.33%"
"11/17/2023","0.5151","0.5160","0.5183","0.5139","","0.00%"
"11/16/2023","0.5151","0.5220","0.5243","0.5151","","-1.31%"
"11/15/2023","0.5219","0.5178","0.5244","0.5161","","0.90%"
"11/14/2023","0.5173","0.5297","0.5297","0.5173","","-2.24%"
"11/13/2023","0.5291","0.5281","0.5331","0.5276","","0.18%"
"11/10/2023","0.5282","0.5278","0.5332","0.5268","","0.13%"
"11/09/2023","0.5275","0.5265","0.5303","0.5241","","0.43%"
"11/08/2023","0.5252","0.5325","0.5334","0.5248","","-1.08%"
"11/07/2023","0.5310","0.5357","0.5360","0.5280","","-0.74%"
"11/06/2023","0.5350","0.5373","0.5407","0.5320","","-0.15%"
"11/03/2023","0.5357","0.5444","0.5475","0.5353","","-1.42%"
"11/02/2023","0.5435","0.5476","0.5480","0.5404","","-0.68%"
"11/01/2023","0.5472","0.5525","0.5539","0.5466","","-0.82%"
"10/31/2023","0.5517","0.5494","0.5538","0.5460","","0.48%"
"10/30/2023","0.5490","0.5567","0.5568","0.5493","","-1.26%"
"10/27/2023","0.5561","0.5577","0.5585","0.5530","","-0.24%"
"10/26/2023","0.5574","0.5555","0.5588","0.5551","","0.40%"
"10/25/2023","0.5551","0.5552","0.5561","0.5532","","0.10%"
"10/24/2023","0.5546","0.5562","0.5569","0.5525","","-0.11%"
"10/23/2023","0.5552","0.5547","0.5559","0.5538","","0.14%"
"10/20/2023","0.5544","0.5527","0.5569","0.5511","","0.50%"
"10/19/2023","0.5517","0.5506","0.5538","0.5495","","0.20%"
"10/18/2023","0.5506","0.5496","0.5515","0.5482","","0.32%"
"10/17/2023","0.5488","0.5506","0.5516","0.5453","","-0.18%"
"10/16/2023","0.5498","0.5444","0.5508","0.5438","","1.09%"
"10/13/2023","0.5439","0.5437","0.5449","0.5419","","0.07%"
"10/12/2023","0.5435","0.5419","0.5443","0.5404","","0.41%"
"10/11/2023","0.5413","0.5411","0.5431","0.5390","","0.21%"
"10/10/2023","0.5401","0.5417","0.5435","0.5366","","-0.15%"
"10/09/2023","0.5410","0.5276","0.5429","0.5276","","2.90%"
"10/06/2023","0.5257","0.5290","0.5306","0.5260","","-0.56%"
"10/05/2023","0.5287","0.5277","0.5304","0.5258","","0.28%"
"10/04/2023","0.5272","0.5272","0.5310","0.5260","","0.10%"
"10/03/2023","0.5267","0.5261","0.5276","0.5247","","0.20%"
"10/02/2023","0.5256","0.5219","0.5266","0.5212","","0.79%"
"09/29/2023","0.5215","0.5252","0.5265","0.5210","","-0.63%"
"09/28/2023","0.5248","0.5264","0.5279","0.5244","","-0.38%"
"09/27/2023","0.5268","0.5238","0.5280","0.5232","","0.56%"
"09/26/2023","0.5239","0.5215","0.5248","0.5206","","0.55%"
"09/25/2023","0.5211","0.5217","0.5229","0.5198","","-0.07%"
"09/22/2023","0.5214","0.5221","0.5236","0.5204","","-0.01%"
"09/21/2023","0.5215","0.5228","0.5238","0.5200","","-0.14%"
"09/20/2023","0.5222","0.5222","0.5236","0.5203","","0.11%"
"09/19/2023","0.5216","0.5238","0.5250","0.5201","","-0.33%"
"09/18/2023","0.5234","0.5233","0.5254","0.5227","","0.06%"
"09/15/2023","0.5230","0.5253","0.5270","0.5225","","-0.32%"
"09/14/2023","0.5247","0.5260","0.5265","0.5240","","-0.14%"
"09/13/2023","0.5254","0.5221","0.5274","0.5220","","0.67%"
"09/12/2023","0.5219","0.5204","0.5238","0.5197","","0.35%"
"09/11/2023","0.5201","0.5234","0.5290","0.5198","","-0.59%"
"09/08/2023","0.5232","0.5248","0.5254","0.5214","","-0.23%"
"09/07/2023","0.5244","0.5233","0.5263","0.5222","","0.26%"
"09/06/2023","0.5230","0.5203","0.5246","0.5187","","0.56%"
"09/05/2023","0.5201","0.5204","0.5219","0.5178","","0.01%"
"09/04/2023","0.5201","0.5228","0.5254","0.5197","","-0.43%"
"09/01/2023","0.5223","0.5237","0.5249","0.5208","","-0.24%"
"08/31/2023","0.5236","0.5201","0.5259","0.5187","","0.85%"
"08/30/2023","0.5192","0.5200","0.5219","0.5178","","-0.07%"
"08/29/2023","0.5196","0.5217","0.5234","0.5196","","-0.29%"
"08/28/2023","0.5211","0.5230","0.5230","0.5198","","0.12%"
"08/25/2023","0.5205","0.5214","0.5233","0.5193","","0.00%"
"08/24/2023","0.5205","0.5161","0.5219","0.5152","","0.96%"
"08/23/2023","0.5156","0.5195","0.5205","0.5156","","-0.66%"
"08/22/2023","0.5190","0.5184","0.5208","0.5164","","0.07%"
"08/21/2023","0.5186","0.5212","0.5235","0.5179","","-0.38%"
"08/18/2023","0.5206","0.5194","0.5219","0.5185","","0.35%"
"08/17/2023","0.5188","0.5164","0.5200","0.5142","","0.48%"
"08/16/2023","0.5163","0.5137","0.5167","0.5124","","0.55%"
"08/15/2023","0.5135","0.5166","0.5185","0.5114","","-0.64%"
"08/14/2023","0.5168","0.5155","0.5177","0.5118","","0.39%"
"08/11/2023","0.5148","0.5157","0.5168","0.5134","","-0.08%"
"08/10/2023","0.5152","0.5127","0.5168","0.5115","","0.31%"
"08/09/2023","0.5136","0.5147","0.5171","0.5105","","-0.22%"
"08/08/2023","0.5147","0.5123","0.5171","0.5100","","0.63%"
"08/07/2023","0.5115","0.5095","0.5146","0.5075","","0.41%"
"08/04/2023","0.5094","0.5142","0.5148","0.5089","","-0.74%"
"08/03/2023","0.5132","0.5106","0.5165","0.5100","","0.54%"
"08/02/2023","0.5104","0.5065","0.5114","0.5051","","0.81%"
"08/01/2023","0.5063","0.5131","0.5139","0.5057","","-1.29%"
"07/31/2023","0.5130","0.5175","0.5189","0.5120","","-0.70%"
"07/28/2023","0.5166","0.5184","0.5211","0.5159","","-0.36%"
"07/27/2023","0.5185","0.5156","0.5200","0.5150","","0.66%"
"07/26/2023","0.5150","0.5190","0.5199","0.5146","","-0.49%"
"07/25/2023","0.5176","0.5097","0.5218","0.5097","","1.62%"
"07/24/2023","0.5094","0.5045","0.5128","0.4970","","0.95%"
"07/21/2023","0.5046","0.5033","0.5052","0.5023","","0.31%"
"07/20/2023","0.5030","0.4965","0.5039","0.4945","","1.45%"
"07/19/2023","0.4958","0.5017","0.5017","0.4934","","-1.06%"
"07/18/2023","0.5011","0.5067","0.5085","0.4995","","-0.92%"
"07/17/2023","0.5058","0.5051","0.5088","0.5030","","0.22%"
"07/14/2023","0.5047","0.5050","0.5074","0.5038","","0.10%"
"07/13/2023","0.5042","0.5082","0.5089","0.5024","","-0.79%"
"07/12/2023","0.5082","0.5113","0.5131","0.5075","","-0.45%"
"07/11/2023","0.5106","0.5116","0.5154","0.5102","","-0.08%"
"07/10/2023","0.5110","0.5121","0.5157","0.5109","","-0.13%"
"07/07/2023","0.5117","0.5131","0.5148","0.5110","","-0.25%"
"07/06/2023","0.5129","0.5104","0.5136","0.5093","","0.60%"
"07/05/2023","0.5099","0.5133","0.5142","0.5088","","-0.62%"
"07/04/2023","0.5130","0.5109","0.5156","0.5100","","0.55%"
"07/03/2023","0.5102","0.5116","0.5140","0.5093","","-0.14%"
"06/30/2023","0.5110","0.5097","0.5136","0.5087","","0.21%"
"06/29/2023","0.5099","0.5072","0.5117","0.5051","","0.63%"
"06/28/2023","0.5067","0.5076","0.5084","0.5044","","-0.04%"
"06/27/2023","0.5069","0.5017","0.5091","0.5010","","1.22%"
"06/26/2023","0.5008","0.5053","0.5055","0.5001","","-0.74%"
"06/23/2023","0.5045","0.5045","0.5064","0.5036","","0.20%"
"06/22/2023","0.5035","0.5044","0.5076","0.5031","","0.00%"
"06/21/2023","0.5035","0.5039","0.5052","0.4986","","0.02%"
"06/20/2023","0.5034","0.5046","0.5064","0.5014","","-0.15%"
"06/19/2023","0.5041","0.4992","0.5063","0.4979","","1.07%"
"06/16/2023","0.4988","0.5000","0.5023","0.4972","","-0.13%"
"06/15/2023","0.4995","0.5009","0.5038","0.4972","","-0.21%"
"06/14/2023","0.5005","0.4966","0.5102","0.4966","","0.83%"
"06/13/2023","0.4963","0.5037","0.5039","0.4964","","-1.31%"
"06/12/2023","0.5030","0.5030","0.5053","0.5003","","0.15%"
"06/09/2023","0.5022","0.5133","0.5139","0.5014","","-2.01%"
"06/08/2023","0.5125","0.5127","0.5157","0.5106","","0.08%"
"06/07/2023","0.5121","0.5173","0.5197","0.5106","","-1.02%"
"06/06/2023","0.5174","0.5265","0.5270","0.5166","","-1.51%"
"06/05/2023","0.5253","0.5290","0.5292","0.5232","","-0.53%"
"06/02/2023","0.5281","0.5278","0.5313","0.5271","","0.16%"
"06/01/2023","0.5273","0.5253","0.5283","0.5234","","0.46%"
"05/31/2023","0.5249","0.5239","0.5258","0.5214","","0.35%"
"05/30/2023","0.5231","0.5273","0.5279","0.5219","","-0.70%"
"05/29/2023","0.5268","0.5277","0.5282","0.5247","","-0.14%"
"05/26/2023","0.5275","0.5270","0.5321","0.5265","","0.20%"
"05/25/2023","0.5264","0.5268","0.5285","0.5237","","0.04%"
"05/24/2023","0.5262","0.5244","0.5309","0.5225","","0.45%"
"05/23/2023","0.5239","0.5199","0.5259","0.5179","","0.86%"
"05/22/2023","0.5194","0.5209","0.5212","0.5184","","-0.19%"
"05/19/2023","0.5204","0.5180","0.5215","0.5160","","0.60%"
"05/18/2023","0.5173","0.5209","0.5213","0.5164","","-0.57%"
"05/17/2023","0.5203","0.5236","0.5242","0.5203","","-0.50%"
"05/16/2023","0.5229","0.5261","0.5270","0.5230","","-0.60%"
"05/15/2023","0.5261","0.5279","0.5280","0.5238","","-0.26%"
"05/12/2023","0.5275","0.5245","0.5293","0.5232","","0.64%"
"05/11/2023","0.5241","0.5259","0.5275","0.5236","","-0.24%"
"05/10/2023","0.5254","0.5297","0.5312","0.5253","","-0.74%"
"05/09/2023","0.5293","0.5261","0.5305","0.5244","","0.70%"
"05/08/2023","0.5257","0.5262","0.5268","0.5242","","0.04%"
"05/05/2023","0.5255","0.5275","0.5289","0.5256","","-0.41%"
"05/04/2023","0.5276","0.5263","0.5295","0.5252","","0.37%"
"05/03/2023","0.5257","0.5274","0.5275","0.5238","","-0.25%"
"05/02/2023","0.5270","0.5242","0.5279","0.5214","","0.66%"
"05/01/2023","0.5235","0.5253","0.5266","0.5229","","-0.09%"
"04/28/2023","0.5240","0.5249","0.5271","0.5237","","0.02%"
"04/27/2023","0.5239","0.5242","0.5267","0.5228","","-0.06%"
"04/26/2023","0.5242","0.5256","0.5270","0.5235","","-0.08%"
"04/25/2023","0.5246","0.5288","0.5299","0.5233","","-0.78%"
"04/24/2023","0.5288","0.5313","0.5322","0.5283","","-0.39%"
"04/21/2023","0.5308","0.5311","0.5322","0.5296","","0.01%"
"04/20/2023","0.5307","0.5292","0.5322","0.5289","","0.37%"
"04/19/2023","0.5288","0.5304","0.5317","0.5287","","-0.20%"
"04/18/2023","0.5298","0.5309","0.5321","0.5289","","-0.13%"
"04/17/2023","0.5305","0.5342","0.5345","0.5290","","-0.66%"
"04/14/2023","0.5340","0.5319","0.5358","0.5313","","0.61%"
"04/13/2023","0.5308","0.5338","0.5345","0.5303","","-0.50%"
"04/12/2023","0.5334","0.5314","0.5365","0.5300","","0.52%"
"04/11/2023","0.5307","0.5270","0.5330","0.5254","","0.79%"
"04/10/2023","0.5265","0.5259","0.5281","0.5235","","0.22%"
"04/07/2023","0.5253","0.5270","0.5285","0.5220","","-0.22%"
"04/06/2023","0.5265","0.5210","0.5276","0.5206","","1.16%"
"04/05/2023","0.5205","0.5208","0.5229","0.5179","","-0.07%"
"04/04/2023","0.5208","0.5219","0.5230","0.5171","","-0.11%"
"04/03/2023","0.5214","0.5240","0.5243","0.5190","","-0.37%"
"03/31/2023","0.5233","0.5233","0.5277","0.5220","","0.13%"
"03/30/2023","0.5226","0.5199","0.5245","0.5179","","0.61%"
"03/29/2023","0.5194","0.5156","0.5219","0.5141","","0.87%"
"03/28/2023","0.5150","0.5209","0.5219","0.5125","","-0.89%"
"03/27/2023","0.5196","0.5340","0.5340","0.5138","","-0.50%"
"03/24/2023","0.5222","0.5284","0.5293","0.5213","","-1.07%"
"03/23/2023","0.5278","0.5268","0.5330","0.5186","","0.25%"
"03/22/2023","0.5265","0.5309","0.5319","0.5253","","-0.75%"
"03/21/2023","0.5305","0.5328","0.5341","0.5299","","-0.20%"
"03/20/2023","0.5315","0.5326","0.5388","0.5300","","-0.12%"
"03/17/2023","0.5322","0.5312","0.5353","0.5308","","0.31%"
"03/16/2023","0.5305","0.5252","0.5339","0.5246","","1.04%"
"03/15/2023","0.5251","0.5260","0.5283","0.5217","","-0.24%"
"03/14/2023","0.5263","0.5296","0.5315","0.5250","","-0.47%"
"03/13/2023","0.5288","0.5212","0.5310","0.5200","","1.37%"
"03/10/2023","0.5217","0.5170","0.5222","0.5146","","0.94%"
"03/09/2023","0.5168","0.5178","0.5188","0.5121","","0.05%"
"03/08/2023","0.5165","0.5209","0.5213","0.5156","","-0.65%"
"03/07/2023","0.5199","0.5186","0.5219","0.5167","","0.34%"
"03/06/2023","0.5181","0.5301","0.5305","0.5160","","-2.17%"
"03/03/2023","0.5296","0.5302","0.5321","0.5292","","0.00%"
"03/02/2023","0.5296","0.5264","0.5311","0.5244","","0.85%"
"03/01/2023","0.5252","0.5271","0.5302","0.5238","","-0.22%"
"02/28/2023","0.5263","0.5277","0.5308","0.5255","","-0.02%"
"02/27/2023","0.5264","0.5271","0.5301","0.5254","","0.03%"
"02/24/2023","0.5263","0.5255","0.5308","0.5238","","0.27%"
"02/23/2023","0.5249","0.5267","0.5276","0.5212","","-0.17%"
"02/22/2023","0.5258","0.5291","0.5359","0.5240","","-0.45%"
"02/21/2023","0.5282","0.5218","0.5308","0.5194","","1.30%"
"02/20/2023","0.5214","0.5159","0.5222","0.5156","","1.17%"
"02/17/2023","0.5153","0.5179","0.5195","0.5149","","-0.45%"
"02/16/2023","0.5177","0.5146","0.5195","0.5123","","0.67%"
"02/15/2023","0.5142","0.5159","0.5177","0.5128","","-0.13%"
"02/14/2023","0.5149","0.5158","0.5180","0.5123","","-0.10%"
"02/13/2023","0.5154","0.5174","0.5200","0.5146","","-0.50%"
"02/10/2023","0.5179","0.5164","0.5201","0.5134","","0.39%"
"02/09/2023","0.5159","0.5154","0.5175","0.5135","","0.16%"
"02/08/2023","0.5151","0.5113","0.5154","0.5100","","0.93%"
"02/07/2023","0.5104","0.5111","0.5146","0.5089","","0.00%"
"02/06/2023","0.5103","0.5055","0.5124","0.5032","","0.92%"
"02/03/2023","0.5057","0.5051","0.5082","0.5027","","0.35%"
"02/02/2023","0.5040","0.5093","0.5102","0.5035","","-0.41%"
"02/01/2023","0.5060","0.5113","0.5138","0.5062","","-0.90%"
"01/31/2023","0.5106","0.5129","0.5152","0.5107","","-0.33%"
"01/30/2023","0.5123","0.5068","0.5166","0.5064","","1.13%"
"01/27/2023","0.5066","0.5028","0.5080","0.5018","","0.88%"
"01/26/2023","0.5022","0.4974","0.5041","0.4947","","1.12%"
"01/25/2023","0.4966","0.4953","0.4995","0.4931","","0.43%"
"01/24/2023","0.4944","0.4961","0.4991","0.4946","","-0.21%"
"01/23/2023","0.4955","0.5012","0.5015","0.4957","","-0.93%"
"01/20/2023","0.5002","0.5030","0.5051","0.5004","","-0.44%"
"01/19/2023","0.5024","0.5026","0.5050","0.4989","","0.05%"
"01/18/2023","0.5021","0.5025","0.5031","0.4978","","0.00%"
"01/17/2023","0.5021","0.5063","0.5066","0.5014","","-0.75%"
"01/16/2023","0.5059","0.5096","0.5104","0.5058","","-0.62%"
"01/13/2023","0.5091","0.5069","0.5107","0.5058","","0.55%"
"01/12/2023","0.5063","0.5076","0.5115","0.5056","","-0.18%"
"01/11/2023","0.5072","0.5111","0.5123","0.5065","","-0.65%"
"01/10/2023","0.5105","0.5128","0.5143","0.5105","","-0.29%"
"01/09/2023","0.5120","0.5128","0.5192","0.5115","","-0.02%"
"01/06/2023","0.5121","0.5157","0.5189","0.5114","","-0.51%"
"01/05/2023","0.5147","0.5120","0.5166","0.5114","","0.61%"
"01/04/2023","0.5116","0.5105","0.5130","0.5103","","0.37%"
"01/03/2023","0.5097","0.5083","0.5133","0.5060","","0.44%"
"01/02/2023","0.5075","0.5094","0.5110","0.5079","","-0.46%"
"12/30/2022","0.5098","0.5053","0.5121","0.5033","","1.10%"
"12/29/2022","0.5043","0.5075","0.5094","0.5043","","-0.49%"
"12/28/2022","0.5067","0.5050","0.5078","0.5020","","0.49%"
"12/27/2022","0.5042","0.5024","0.5064","0.5014","","0.49%"
"12/26/2022","0.5018","0.5012","0.5044","0.5010","","0.24%"
"12/23/2022","0.5006","0.5004","0.5018","0.4984","","0.18%"
"12/22/2022","0.4997","0.4966","0.5018","0.4946","","0.76%"
"12/21/2022","0.4959","0.4977","0.4998","0.4959","","-0.26%"
"12/20/2022","0.4972","0.4954","0.4989","0.4945","","0.46%"
"12/19/2022","0.4949","0.4965","0.4970","0.4923","","-0.16%"
"12/16/2022","0.4957","0.4900","0.4971","0.4897","","1.18%"
"12/15/2022","0.4899","0.4892","0.4953","0.4881","","0.30%"
"12/14/2022","0.4884","0.4901","0.4926","0.4877","","-0.33%"
"12/13/2022","0.4900","0.4921","0.4938","0.4852","","-0.31%"
"12/12/2022","0.4916","0.4924","0.4939","0.4893","","-0.13%"
"12/09/2022","0.4922","0.4923","0.4940","0.4908","","0.18%"
"12/08/2022","0.4913","0.4925","0.4947","0.4914","","-0.11%"
"12/07/2022","0.4919","0.4900","0.4943","0.4890","","0.46%"
"12/06/2022","0.4896","0.4888","0.4906","0.4859","","0.26%"
"12/05/2022","0.4883","0.4848","0.4903","0.4848","","0.95%"
"12/02/2022","0.4837","0.4817","0.4877","0.4793","","0.54%"
"12/01/2022","0.4811","0.4836","0.4869","0.4793","","0.19%"
"11/30/2022","0.4802","0.4802","0.4873","0.4802","","0.09%"
"11/29/2022","0.4797","0.4781","0.4816","0.4778","","0.44%"
"11/28/2022","0.4776","0.4776","0.4795","0.4729","","0.08%"
"11/25/2022","0.4773","0.4782","0.4787","0.4760","","-0.05%"
"11/24/2022","0.4775","0.4783","0.4800","0.4772","","-0.07%"
"11/23/2022","0.4778","0.4859","0.4862","0.4772","","-1.53%"
"11/22/2022","0.4853","0.4850","0.4888","0.4842","","0.19%"
"11/21/2022","0.4843","0.4870","0.4875","0.4830","","-0.67%"
"11/18/2022","0.4876","0.4859","0.4891","0.4848","","0.71%"
"11/17/2022","0.4842","0.4839","0.4866","0.4791","","0.27%"
"11/16/2022","0.4829","0.4844","0.4853","0.4804","","-0.22%"
"11/15/2022","0.4839","0.4845","0.4888","0.4824","","-0.03%"
"11/14/2022","0.4841","0.4804","0.4884","0.4804","","0.96%"
"11/11/2022","0.4795","0.4839","0.4895","0.4796","","-0.71%"
"11/10/2022","0.4829","0.4904","0.4919","0.4829","","-1.35%"
"11/09/2022","0.4895","0.4871","0.4910","0.4866","","0.57%"
"11/08/2022","0.4868","0.4899","0.4905","0.4859","","-0.40%"
"11/07/2022","0.4887","0.4939","0.4939","0.4886","","-0.94%"
"11/04/2022","0.4933","0.4901","0.4962","0.4892","","0.76%"
"11/03/2022","0.4896","0.4870","0.4909","0.4856","","0.65%"
"11/02/2022","0.4864","0.4860","0.4878","0.4817","","0.31%"
"11/01/2022","0.4849","0.4823","0.4869","0.4803","","0.59%"
"10/31/2022","0.4821","0.4871","0.4872","0.4815","","-0.95%"
"10/28/2022","0.4867","0.4868","0.4900","0.4860","","0.05%"
"10/27/2022","0.4865","0.4868","0.4882","0.4831","","0.13%"
"10/26/2022","0.4859","0.4840","0.4902","0.4820","","0.50%"
"10/25/2022","0.4834","0.4893","0.4898","0.4817","","-1.04%"
"10/24/2022","0.4885","0.4868","0.4916","0.4863","","0.35%"
"10/21/2022","0.4868","0.4920","0.4947","0.4874","","-0.92%"
"10/20/2022","0.4913","0.4895","0.4922","0.4878","","0.49%"
"10/19/2022","0.4890","0.4893","0.4911","0.4876","","0.00%"
"10/18/2022","0.4890","0.4890","0.4917","0.4874","","0.13%"
"10/17/2022","0.4884","0.4949","0.4951","0.4883","","-1.05%"
"10/14/2022","0.4935","0.4949","0.4963","0.4891","","-0.18%"
"10/13/2022","0.4944","0.4963","0.5016","0.4949","","-0.25%"
"10/12/2022","0.4957","0.4994","0.4998","0.4961","","-0.64%"
"10/11/2022","0.4989","0.4980","0.5013","0.4947","","0.33%"
"10/10/2022","0.4972","0.4977","0.5011","0.4936","","-0.05%"
"10/07/2022","0.4975","0.4963","0.4990","0.4939","","0.45%"
"10/06/2022","0.4952","0.4951","0.4985","0.4929","","0.00%"
"10/05/2022","0.4953","0.4924","0.4990","0.4922","","0.71%"
"10/04/2022","0.4918","0.4974","0.4984","0.4920","","-1.01%"
"10/03/2022","0.4968","0.5007","0.5082","0.4970","","-0.74%"
"09/30/2022","0.5005","0.4995","0.5028","0.4978","","0.34%"
"09/29/2022","0.4988","0.4880","0.5007","0.4879","","2.13%"
"09/28/2022","0.4884","0.4870","0.4925","0.4849","","0.06%"
"09/27/2022","0.4881","0.4932","0.4933","0.4872","","-0.93%"
"09/26/2022","0.4927","0.4911","0.4939","0.4890","","0.41%"
"09/23/2022","0.4907","0.4931","0.4938","0.4898","","-0.39%"
"09/22/2022","0.4926","0.4919","0.4943","0.4873","","0.24%"
"09/21/2022","0.4914","0.4914","0.4924","0.4883","","0.09%"
"09/20/2022","0.4910","0.4911","0.4929","0.4894","","0.16%"
"09/19/2022","0.4902","0.4898","0.4934","0.4887","","-0.04%"
"09/16/2022","0.4904","0.4915","0.4932","0.4894","","-0.27%"
"09/15/2022","0.4917","0.4919","0.4936","0.4893","","0.10%"
"09/14/2022","0.4912","0.4961","0.4969","0.4904","","-1.05%"
"09/13/2022","0.4964","0.4861","0.4973","0.4831","","2.25%"
"09/12/2022","0.4855","0.4922","0.4923","0.4854","","-1.26%"
"09/09/2022","0.4917","0.4940","0.4959","0.4917","","-0.40%"
"09/08/2022","0.4937","0.4917","0.4958","0.4900","","0.51%"
"09/07/2022","0.4912","0.4916","0.4943","0.4903","","0.05%"
"09/06/2022","0.4909","0.4915","0.4931","0.4886","","-0.08%"
"09/05/2022","0.4913","0.4917","0.4938","0.4889","","0.43%"
"09/02/2022","0.4892","0.4895","0.4929","0.4878","","0.02%"
"09/01/2022","0.4891","0.4831","0.4938","0.4822","","1.28%"
"08/31/2022","0.4829","0.4817","0.4850","0.4808","","0.37%"
"08/30/2022","0.4812","0.4806","0.4819","0.4775","","0.26%"
"08/29/2022","0.4799","0.4758","0.4818","0.4751","","0.43%"
"08/26/2022","0.4778","0.4773","0.4788","0.4728","","0.26%"
"08/25/2022","0.4766","0.4770","0.4807","0.4757","","0.00%"
"08/24/2022","0.4766","0.4776","0.4788","0.4753","","-0.10%"
"08/23/2022","0.4770","0.4812","0.4814","0.4758","","-0.74%"
"08/22/2022","0.4806","0.4798","0.4819","0.4776","","0.23%"
"08/19/2022","0.4795","0.4788","0.4823","0.4766","","0.27%"
"08/18/2022","0.4782","0.4790","0.4802","0.4768","","-0.06%"
"08/17/2022","0.4785","0.4803","0.4818","0.4781","","-0.16%"
"08/16/2022","0.4793","0.4826","0.4849","0.4789","","-0.70%"
"08/15/2022","0.4827","0.4800","0.4848","0.4767","","0.60%"
"08/12/2022","0.4798","0.4807","0.4832","0.4794","","-0.25%"
"08/11/2022","0.4810","0.4851","0.4855","0.4789","","-0.72%"
"08/10/2022","0.4845","0.4907","0.4925","0.4835","","-1.23%"
"08/09/2022","0.4905","0.4903","0.4924","0.4882","","0.13%"
"08/08/2022","0.4899","0.4952","0.4963","0.4892","","-1.08%"
"08/05/2022","0.4953","0.4940","0.4966","0.4925","","0.42%"
"08/04/2022","0.4932","0.4978","0.4982","0.4934","","-0.79%"
"08/03/2022","0.4971","0.4993","0.5000","0.4966","","-0.36%"
"08/02/2022","0.4989","0.4976","0.5006","0.4966","","0.29%"
"08/01/2022","0.4975","0.5041","0.5043","0.4957","","-1.22%"
"07/29/2022","0.5036","0.5058","0.5067","0.5012","","-0.12%"
"07/28/2022","0.5042","0.5069","0.5096","0.5048","","-0.15%"
"07/27/2022","0.5050","0.5100","0.5106","0.5041","","-0.87%"
"07/26/2022","0.5094","0.5094","0.5104","0.5073","","0.04%"
"07/25/2022","0.5092","0.5101","0.5116","0.5078","","0.03%"
"07/22/2022","0.5091","0.5090","0.5105","0.5077","","0.13%"
"07/21/2022","0.5084","0.5093","0.5114","0.5078","","-0.05%"
"07/20/2022","0.5087","0.5098","0.5114","0.5080","","-0.09%"
"07/19/2022","0.5091","0.5113","0.5122","0.5090","","-0.40%"
"07/18/2022","0.5112","0.5126","0.5139","0.5098","","-0.17%"
"07/15/2022","0.5120","0.5176","0.5192","0.5118","","-0.96%"
"07/14/2022","0.5170","0.5144","0.5189","0.5135","","0.54%"
"07/13/2022","0.5142","0.5177","0.5184","0.5138","","-0.70%"
"07/12/2022","0.5178","0.5189","0.5209","0.5156","","-0.11%"
"07/11/2022","0.5184","0.5168","0.5206","0.5158","","0.40%"
"07/08/2022","0.5163","0.5178","0.5214","0.5156","","-0.21%"
"07/07/2022","0.5174","0.5208","0.5221","0.5170","","-0.61%"
"07/06/2022","0.5206","0.5222","0.5259","0.5191","","-0.23%"
"07/05/2022","0.5218","0.5228","0.5282","0.5220","","-0.11%"
"07/04/2022","0.5223","0.5265","0.5283","0.5221","","-0.64%"
"07/01/2022","0.5257","0.5220","0.5292","0.5211","","0.79%"
"06/30/2022","0.5216","0.5162","0.5253","0.5159","","1.11%"
"06/29/2022","0.5158","0.5125","0.5175","0.5118","","0.72%"
"06/28/2022","0.5121","0.5110","0.5143","0.5099","","0.36%"
"06/27/2022","0.5103","0.5099","0.5127","0.5074","","0.20%"
"06/24/2022","0.5093","0.5152","0.5161","0.5073","","-1.04%"
"06/23/2022","0.5147","0.5130","0.5170","0.5117","","0.44%"
"06/22/2022","0.5124","0.5160","0.5177","0.5126","","-0.62%"
"06/21/2022","0.5156","0.5149","0.5174","0.5110","","0.23%"
"06/20/2022","0.5144","0.5152","0.5190","0.5143","","-0.02%"
"06/17/2022","0.5145","0.5165","0.5174","0.5131","","-0.19%"
"06/16/2022","0.5155","0.5124","0.5175","0.5112","","0.76%"
"06/15/2022","0.5116","0.5146","0.5164","0.5103","","-0.41%"
"06/14/2022","0.5137","0.5131","0.5161","0.5106","","0.25%"
"06/13/2022","0.5124","0.5059","0.5146","0.5026","","1.33%"
"06/10/2022","0.5057","0.5025","0.5066","0.5021","","0.73%"
"06/09/2022","0.5021","0.4991","0.5031","0.4967","","0.78%"
"06/08/2022","0.4982","0.5012","0.5022","0.4969","","-0.45%"
"06/07/2022","0.5004","0.5002","0.5026","0.4993","","-0.04%"
"06/06/2022","0.5006","0.5007","0.5022","0.4979","","0.15%"
"06/03/2022","0.4999","0.4995","0.5022","0.4979","","0.14%"
"06/02/2022","0.4991","0.5004","0.5015","0.4986","","-0.16%"
"06/01/2022","0.5000","0.4983","0.5024","0.4952","","0.42%"
"05/31/2022","0.4979","0.5012","0.5034","0.4967","","-0.60%"
"05/30/2022","0.5009","0.4997","0.5037","0.4969","","0.24%"
"05/27/2022","0.4997","0.4971","0.5019","0.4958","","0.64%"
"05/26/2022","0.4965","0.4999","0.5013","0.4949","","-0.49%"
"05/25/2022","0.4989","0.5044","0.5044","0.4988","","-0.93%"
"05/24/2022","0.5036","0.5021","0.5063","0.5009","","0.42%"
"05/23/2022","0.5015","0.5022","0.5058","0.4999","","0.03%"
"05/20/2022","0.5014","0.5012","0.5049","0.4994","","0.19%"
"05/19/2022","0.5004","0.5015","0.5041","0.4997","","-0.30%"
"05/18/2022","0.5019","0.4969","0.5026","0.4953","","1.11%"
"05/17/2022","0.4964","0.4993","0.5006","0.4959","","-0.48%"
"05/16/2022","0.4987","0.5021","0.5042","0.4985","","-0.43%"
"05/13/2022","0.5009","0.5073","0.5077","0.5002","","-1.19%"
"05/12/2022","0.5069","0.5128","0.5128","0.5068","","-0.93%"
"05/11/2022","0.5117","0.5128","0.5149","0.5083","","-0.15%"
"05/10/2022","0.5124","0.5105","0.5168","0.5096","","0.47%"
"05/09/2022","0.5100","0.5102","0.5127","0.5068","","0.07%"
"05/06/2022","0.5097","0.5135","0.5139","0.5074","","-0.61%"
"05/05/2022","0.5128","0.5069","0.5153","0.5061","","1.25%"
"05/04/2022","0.5064","0.5066","0.5131","0.5061","","0.20%"
"05/03/2022","0.5055","0.5083","0.5117","0.5058","","-0.50%"
"05/02/2022","0.5080","0.5057","0.5100","0.5044","","0.49%"
"04/29/2022","0.5056","0.5022","0.5071","0.4988","","0.95%"
"04/28/2022","0.5008","0.5055","0.5065","0.5001","","-0.76%"
"04/27/2022","0.5046","0.5056","0.5079","0.5028","","0.30%"
"04/26/2022","0.5031","0.5006","0.5041","0.5005","","0.59%"
"04/25/2022","0.5002","0.5031","0.5032","0.4984","","-0.55%"
"04/22/2022","0.5029","0.5030","0.5040","0.5003","","0.13%"
"04/21/2022","0.5023","0.5018","0.5036","0.4984","","0.22%"
"04/20/2022","0.5012","0.5060","0.5066","0.5008","","-0.92%"
"04/19/2022","0.5058","0.5083","0.5094","0.5053","","-0.33%"
"04/18/2022","0.5075","0.5052","0.5094","0.5049","","0.52%"
"04/15/2022","0.5049","0.5047","0.5062","0.5035","","0.20%"
"04/14/2022","0.5038","0.5033","0.5057","0.5014","","0.22%"
"04/13/2022","0.5027","0.5032","0.5064","0.5024","","-0.04%"
"04/12/2022","0.5029","0.5043","0.5068","0.5022","","-0.14%"
"04/11/2022","0.5036","0.5062","0.5074","0.5035","","-0.46%"
"04/08/2022","0.5059","0.5075","0.5089","0.5055","","-0.16%"
"04/07/2022","0.5068","0.5086","0.5090","0.5062","","-0.25%"
"04/06/2022","0.5080","0.5053","0.5105","0.5040","","0.48%"
"04/05/2022","0.5056","0.5044","0.5062","0.5023","","0.29%"
"04/04/2022","0.5042","0.5034","0.5063","0.5028","","0.20%"
"04/01/2022","0.5032","0.5033","0.5046","0.5014","","0.02%"
"03/31/2022","0.5031","0.5007","0.5047","0.4990","","0.58%"
"03/30/2022","0.5002","0.5015","0.5033","0.4996","","-0.11%"
"03/29/2022","0.5007","0.5056","0.5067","0.5008","","-0.91%"
"03/28/2022","0.5053","0.5053","0.5072","0.5038","","0.16%"
"03/25/2022","0.5045","0.5059","0.5075","0.5038","","-0.05%"
"03/24/2022","0.5048","0.5060","0.5084","0.5047","","-0.10%"
"03/23/2022","0.5053","0.5050","0.5082","0.5040","","0.11%"
"03/22/2022","0.5047","0.5068","0.5089","0.5044","","-0.34%"
"03/21/2022","0.5064","0.5101","0.5105","0.5057","","-0.56%"
"03/18/2022","0.5092","0.5096","0.5113","0.5084","","0.08%"
"03/17/2022","0.5088","0.5116","0.5138","0.5089","","-0.49%"
"03/16/2022","0.5114","0.5140","0.5166","0.5116","","-0.40%"
"03/15/2022","0.5134","0.5155","0.5163","0.5129","","-0.27%"
"03/14/2022","0.5148","0.5130","0.5166","0.5116","","0.41%"
"03/11/2022","0.5127","0.5166","0.5168","0.5110","","-0.65%"
"03/10/2022","0.5160","0.5156","0.5183","0.5144","","0.16%"
"03/09/2022","0.5153","0.5216","0.5226","0.5148","","-1.11%"
"03/08/2022","0.5210","0.5199","0.5244","0.5193","","0.38%"
"03/07/2022","0.5191","0.5176","0.5220","0.5168","","0.32%"
"03/04/2022","0.5174","0.5145","0.5205","0.5131","","0.76%"
"03/03/2022","0.5135","0.5099","0.5150","0.5094","","0.76%"
"03/02/2022","0.5096","0.5112","0.5143","0.5095","","-0.14%"
"03/01/2022","0.5103","0.5083","0.5138","0.5067","","0.48%"
"02/28/2022","0.5079","0.5113","0.5185","0.5066","","-0.48%"
"02/25/2022","0.5103","0.5131","0.5172","0.5110","","-0.32%"
"02/24/2022","0.5120","0.5123","0.5208","0.5114","","0.05%"
"02/23/2022","0.5117","0.5099","0.5132","0.5089","","0.45%"
"02/22/2022","0.5094","0.5076","0.5126","0.5067","","0.42%"
"02/21/2022","0.5073","0.5063","0.5095","0.5030","","0.25%"
"02/18/2022","0.5060","0.5066","0.5072","0.5036","","-0.02%"
"02/17/2022","0.5061","0.5034","0.5074","0.5020","","0.64%"
"02/16/2022","0.5028","0.5069","0.5080","0.5015","","-0.79%"
"02/15/2022","0.5068","0.5128","0.5137","0.5065","","-1.02%"
"02/14/2022","0.5120","0.5109","0.5143","0.5086","","0.31%"
"02/11/2022","0.5104","0.5078","0.5110","0.5067","","0.53%"
"02/10/2022","0.5078","0.5042","0.5092","0.5036","","0.77%"
"02/09/2022","0.5039","0.5049","0.5065","0.5035","","-0.09%"
"02/08/2022","0.5043","0.5019","0.5074","0.5016","","0.56%"
"02/07/2022","0.5015","0.5064","0.5067","0.5009","","-0.52%"
"02/04/2022","0.5041","0.5014","0.5046","0.4993","","0.59%"
"02/03/2022","0.5011","0.4985","0.5026","0.4982","","0.62%"
"02/02/2022","0.4980","0.4980","0.4990","0.4956","","0.18%"
"02/01/2022","0.4971","0.4976","0.4994","0.4960","","-0.15%"
"01/31/2022","0.4979","0.5025","0.5033","0.4975","","-0.94%"
"01/28/2022","0.5026","0.5018","0.5042","0.5012","","0.28%"
"01/27/2022","0.5012","0.5034","0.5035","0.5002","","-0.35%"
"01/26/2022","0.5029","0.5024","0.5045","0.5011","","0.31%"
"01/25/2022","0.5014","0.4997","0.5049","0.4989","","0.50%"
"01/24/2022","0.4989","0.4959","0.5033","0.4956","","0.62%"
"01/21/2022","0.4958","0.4944","0.4973","0.4937","","0.29%"
"01/20/2022","0.4944","0.4944","0.4955","0.4927","","0.13%"
"01/19/2022","0.4938","0.4930","0.4952","0.4911","","0.21%"
"01/18/2022","0.4927","0.4900","0.4940","0.4896","","0.67%"
"01/17/2022","0.4895","0.4891","0.4912","0.4885","","0.13%"
"01/14/2022","0.4888","0.4895","0.4909","0.4875","","-0.08%"
"01/13/2022","0.4893","0.4892","0.4911","0.4879","","0.09%"
"01/12/2022","0.4888","0.4883","0.4904","0.4870","","0.33%"
"01/11/2022","0.4872","0.4916","0.4922","0.4871","","-0.76%"
"01/10/2022","0.4909","0.4876","0.4943","0.4870","","0.85%"
"01/07/2022","0.4868","0.4875","0.4892","0.4859","","0.03%"
"01/06/2022","0.4866","0.4873","0.4904","0.4866","","-0.17%"
"01/05/2022","0.4875","0.4843","0.4885","0.4840","","0.72%"
"01/04/2022","0.4840","0.4895","0.4896","0.4833","","-0.96%"
"01/03/2022","0.4887","0.4880","0.4900","0.4847","","0.11%"
"12/31/2021","0.4882","0.4873","0.4903","0.4864","","0.28%"
"12/30/2021","0.4868","0.4906","0.4907","0.4860","","-0.58%"
"12/29/2021","0.4896","0.4870","0.4908","0.4865","","0.62%"
"12/28/2021","0.4866","0.4887","0.4906","0.4857","","-0.36%"
"12/27/2021","0.4884","0.4952","0.4953","0.4880","","-1.26%"
"12/24/2021","0.4946","0.4949","0.4963","0.4936","","0.00%"
"12/23/2021","0.4946","0.4966","0.4971","0.4937","","-0.35%"
"12/22/2021","0.4963","0.4967","0.4981","0.4952","","0.05%"
"12/21/2021","0.4961","0.4971","0.4978","0.4941","","-0.16%"
"12/20/2021","0.4969","0.4906","0.4979","0.4900","","1.39%"
"12/17/2021","0.4901","0.4867","0.4918","0.4862","","0.72%"
"12/16/2021","0.4866","0.4900","0.4909","0.4851","","-0.63%"
"12/15/2021","0.4897","0.4928","0.4937","0.4897","","-0.58%"
"12/14/2021","0.4925","0.4889","0.4934","0.4874","","0.86%"
"12/13/2021","0.4884","0.4869","0.4897","0.4862","","0.41%"
"12/10/2021","0.4864","0.4863","0.4882","0.4852","","0.08%"
"12/09/2021","0.4860","0.4884","0.4905","0.4855","","-0.42%"
"12/08/2021","0.4881","0.4916","0.4929","0.4880","","-0.63%"
"12/07/2021","0.4911","0.4967","0.4971","0.4907","","-1.04%"
"12/06/2021","0.4963","0.4959","0.4996","0.4943","","0.14%"
"12/03/2021","0.4956","0.4964","0.4974","0.4943","","0.00%"
"12/02/2021","0.4956","0.4965","0.4979","0.4947","","-0.17%"
"12/01/2021","0.4965","0.4951","0.4973","0.4931","","0.34%"
"11/30/2021","0.4948","0.4949","0.4979","0.4931","","0.12%"
"11/29/2021","0.4942","0.4997","0.5003","0.4932","","-0.91%"
"11/26/2021","0.4987","0.4950","0.5004","0.4943","","0.80%"
"11/25/2021","0.4947","0.4924","0.4958","0.4898","","0.56%"
"11/24/2021","0.4920","0.4904","0.4982","0.4898","","0.46%"
"11/23/2021","0.4898","0.4838","0.4920","0.4833","","1.34%"
"11/22/2021","0.4833","0.4849","0.4855","0.4830","","-0.24%"
"11/19/2021","0.4845","0.4832","0.4851","0.4830","","0.34%"
"11/18/2021","0.4828","0.4824","0.4850","0.4815","","0.14%"
"11/17/2021","0.4822","0.4845","0.4854","0.4767","","-0.30%"
"11/16/2021","0.4836","0.4861","0.4877","0.4832","","-0.45%"
"11/15/2021","0.4858","0.4872","0.4876","0.4857","","-0.20%"
"11/12/2021","0.4868","0.4880","0.4883","0.4866","","-0.18%"
"11/11/2021","0.4877","0.4885","0.4886","0.4858","","0.00%"
"11/10/2021","0.4876","0.4864","0.4885","0.4854","","0.38%"
"11/09/2021","0.4858","0.4870","0.4874","0.4848","","-0.13%"
"11/08/2021","0.4864","0.4860","0.4874","0.4822","","0.14%"
"11/05/2021","0.4858","0.4858","0.4876","0.4847","","0.12%"
"11/04/2021","0.4852","0.4866","0.4888","0.4852","","-0.22%"
"11/03/2021","0.4862","0.4902","0.4913","0.4862","","-0.63%"
"11/02/2021","0.4893","0.4872","0.4920","0.4845","","0.55%"
"11/01/2021","0.4866","0.4936","0.4942","0.4864","","-1.31%"
"10/29/2021","0.4931","0.4952","0.4956","0.4917","","-0.32%"
"10/28/2021","0.4947","0.4991","0.4992","0.4944","","-0.78%"
"10/27/2021","0.4985","0.5011","0.5015","0.4982","","-0.48%"
"10/26/2021","0.5009","0.5013","0.5021","0.5008","","0.00%"
"10/25/2021","0.5010","0.5024","0.5034","0.5008","","-0.20%"
"10/22/2021","0.5020","0.5020","0.5030","0.5011","","0.07%"
"10/21/2021","0.5016","0.5023","0.5030","0.5014","","-0.09%"
"10/20/2021","0.5021","0.5034","0.5038","0.5020","","-0.25%"
"10/19/2021","0.5033","0.5006","0.5039","0.5005","","0.62%"
"10/18/2021","0.5002","0.5005","0.5024","0.4999","","0.00%"
"10/15/2021","0.5003","0.5002","0.5016","0.4997","","0.07%"
"10/14/2021","0.4999","0.5022","0.5026","0.4994","","-0.25%"
"10/13/2021","0.5012","0.5012","0.5031","0.5004","","0.06%"
"10/12/2021","0.5009","0.5004","0.5016","0.4991","","0.15%"
"10/11/2021","0.5001","0.5017","0.5027","0.5000","","-0.27%"
"10/08/2021","0.5015","0.5004","0.5020","0.4999","","0.30%"
"10/07/2021","0.5000","0.5022","0.5024","0.4999","","-0.32%"
"10/06/2021","0.5016","0.5013","0.5047","0.5011","","0.11%"
"10/05/2021","0.5010","0.5001","0.5023","0.4998","","0.27%"
"10/04/2021","0.4997","0.4994","0.5009","0.4984","","0.20%"
"10/01/2021","0.4987","0.5002","0.5011","0.4985","","-0.24%"
"09/30/2021","0.4999","0.4974","0.5013","0.4968","","0.56%"
"09/29/2021","0.4971","0.4977","0.4981","0.4957","","0.07%"
"09/28/2021","0.4968","0.4956","0.4982","0.4953","","0.28%"
"09/27/2021","0.4954","0.4946","0.4964","0.4946","","0.24%"
"09/24/2021","0.4943","0.4951","0.4960","0.4941","","-0.14%"
"09/23/2021","0.4949","0.4959","0.4967","0.4947","","0.00%"
"09/22/2021","0.4949","0.4958","0.4968","0.4947","","-0.10%"
"09/21/2021","0.4954","0.4970","0.4970","0.4952","","-0.21%"
"09/20/2021","0.4965","0.4962","0.4977","0.4959","","0.15%"
"09/17/2021","0.4958","0.4977","0.4989","0.4953","","-0.33%"
"09/16/2021","0.4974","0.4983","0.4987","0.4966","","-0.11%"
"09/15/2021","0.4979","0.4987","0.4989","0.4974","","-0.08%"
"09/14/2021","0.4983","0.4973","0.4995","0.4966","","0.22%"
"09/13/2021","0.4973","0.4965","0.4981","0.4958","","0.20%"
"09/10/2021","0.4963","0.4966","0.4977","0.4962","","0.06%"
"09/09/2021","0.4960","0.4960","0.4976","0.4952","","0.07%"
"09/08/2021","0.4956","0.4958","0.4970","0.4954","","0.05%"
"09/07/2021","0.4954","0.4961","0.4968","0.4950","","0.01%"
"09/06/2021","0.4954","0.4964","0.4969","0.4950","","-0.10%"
"09/03/2021","0.4959","0.4966","0.4985","0.4955","","-0.02%"
"09/02/2021","0.4960","0.4964","0.4972","0.4957","","0.05%"
"09/01/2021","0.4957","0.4961","0.4973","0.4948","","-0.01%"
"08/31/2021","0.4958","0.4974","0.4979","0.4956","","-0.24%"
"08/30/2021","0.4969","0.4976","0.4989","0.4970","","-0.10%"
"08/27/2021","0.4974","0.4978","0.4994","0.4969","","0.00%"
"08/26/2021","0.4974","0.4984","0.4988","0.4963","","-0.10%"
"08/25/2021","0.4979","0.4973","0.5004","0.4963","","0.21%"
"08/24/2021","0.4969","0.4973","0.4984","0.4960","","-0.05%"
"08/23/2021","0.4971","0.4982","0.4992","0.4971","","-0.17%"
"08/20/2021","0.4979","0.5001","0.5004","0.4978","","-0.39%"
"08/19/2021","0.4999","0.4986","0.5015","0.4974","","0.31%"
"08/18/2021","0.4983","0.4991","0.5006","0.4976","","-0.09%"
"08/17/2021","0.4988","0.4983","0.4996","0.4966","","0.18%"
"08/16/2021","0.4979","0.4965","0.4987","0.4959","","0.36%"
"08/13/2021","0.4961","0.4974","0.4981","0.4956","","-0.19%"
"08/12/2021","0.4970","0.4986","0.4990","0.4969","","-0.25%"
"08/11/2021","0.4983","0.4977","0.4990","0.4955","","0.23%"
"08/10/2021","0.4972","0.4965","0.4984","0.4963","","0.18%"
"08/09/2021","0.4963","0.4975","0.4987","0.4957","","-0.19%"
"08/06/2021","0.4972","0.4973","0.4982","0.4965","","0.02%"
"08/05/2021","0.4971","0.4969","0.4981","0.4964","","0.14%"
"08/04/2021","0.4964","0.4961","0.4980","0.4957","","0.13%"
"08/03/2021","0.4958","0.4990","0.4996","0.4958","","-0.58%"
"08/02/2021","0.4987","0.4997","0.5005","0.4975","","-0.07%"
"07/30/2021","0.4990","0.5018","0.5024","0.4989","","-0.44%"
"07/29/2021","0.5013","0.5007","0.5032","0.5007","","0.04%"
"07/28/2021","0.5010","0.4999","0.5028","0.4992","","0.32%"
"07/27/2021","0.4994","0.5023","0.5033","0.4994","","-0.51%"
"07/26/2021","0.5020","0.5049","0.5052","0.5020","","-0.51%"
"07/23/2021","0.5046","0.5060","0.5072","0.5042","","-0.21%"
"07/22/2021","0.5056","0.5067","0.5073","0.5052","","-0.07%"
"07/21/2021","0.5060","0.5077","0.5094","0.5056","","-0.25%"
"07/20/2021","0.5073","0.5082","0.5096","0.5070","","-0.16%"
"07/19/2021","0.5081","0.5077","0.5092","0.5069","","0.16%"
"07/16/2021","0.5073","0.5070","0.5088","0.5053","","0.21%"
"07/15/2021","0.5062","0.5045","0.5075","0.5035","","0.42%"
"07/14/2021","0.5041","0.5077","0.5084","0.5041","","-0.69%"
"07/13/2021","0.5076","0.5068","0.5086","0.5066","","0.22%"
"07/12/2021","0.5065","0.5063","0.5078","0.5053","","0.12%"
"07/09/2021","0.5059","0.5052","0.5070","0.5042","","0.16%"
"07/08/2021","0.5050","0.5056","0.5066","0.5044","","-0.02%"
"07/07/2021","0.5051","0.5055","0.5070","0.5045","","0.04%"
"07/06/2021","0.5049","0.5048","0.5063","0.5038","","0.09%"
"07/05/2021","0.5045","0.5050","0.5062","0.5041","","-0.05%"
"07/02/2021","0.5047","0.5053","0.5060","0.5039","","0.00%"
"07/01/2021","0.5047","0.5048","0.5062","0.5037","","0.07%"
"06/30/2021","0.5044","0.5036","0.5056","0.5029","","0.22%"
"06/29/2021","0.5032","0.5047","0.5059","0.5027","","-0.24%"
"06/28/2021","0.5045","0.5036","0.5055","0.5027","","0.35%"
"06/25/2021","0.5027","0.5012","0.5045","0.5008","","0.42%"
"06/24/2021","0.5006","0.5023","0.5036","0.5005","","-0.28%"
"06/23/2021","0.5020","0.5029","0.5035","0.5008","","-0.12%"
"06/22/2021","0.5026","0.5049","0.5061","0.5025","","-0.42%"
"06/21/2021","0.5047","0.5081","0.5086","0.5039","","-0.60%"
"06/18/2021","0.5078","0.5070","0.5087","0.5062","","0.23%"
"06/17/2021","0.5066","0.5092","0.5096","0.5058","","-0.45%"
"06/16/2021","0.5089","0.5059","0.5096","0.5055","","0.65%"
"06/15/2021","0.5056","0.5071","0.5073","0.5054","","-0.22%"
"06/14/2021","0.5067","0.5084","0.5091","0.5069","","-0.24%"
"06/11/2021","0.5079","0.5074","0.5093","0.5070","","0.20%"
"06/10/2021","0.5069","0.5077","0.5084","0.5067","","-0.07%"
"06/09/2021","0.5073","0.5068","0.5086","0.5066","","0.13%"
"06/08/2021","0.5066","0.5074","0.5087","0.5065","","-0.10%"
"06/07/2021","0.5071","0.5084","0.5086","0.5069","","-0.18%"
"06/04/2021","0.5080","0.5085","0.5095","0.5074","","-0.03%"
"06/03/2021","0.5082","0.5091","0.5096","0.5078","","-0.09%"
"06/02/2021","0.5087","0.5079","0.5103","0.5072","","0.20%"
"06/01/2021","0.5076","0.5099","0.5106","0.5070","","-0.39%"
"05/31/2021","0.5096","0.5104","0.5113","0.5091","","-0.04%"
"05/28/2021","0.5098","0.5079","0.5117","0.5077","","0.44%"
"05/27/2021","0.5076","0.5082","0.5102","0.5076","","-0.05%"
"05/26/2021","0.5078","0.5057","0.5093","0.5055","","0.51%"
"05/25/2021","0.5053","0.5062","0.5075","0.5053","","-0.10%"
"05/24/2021","0.5058","0.5059","0.5076","0.5054","","0.02%"
"05/21/2021","0.5057","0.5059","0.5067","0.5049","","0.02%"
"05/20/2021","0.5056","0.5077","0.5078","0.5052","","-0.34%"
"05/19/2021","0.5073","0.5064","0.5093","0.5057","","0.26%"
"05/18/2021","0.5060","0.5093","0.5103","0.5055","","-0.58%"
"05/17/2021","0.5089","0.5088","0.5103","0.5078","","0.12%"
"05/14/2021","0.5083","0.5095","0.5111","0.5079","","-0.16%"
"05/13/2021","0.5092","0.5093","0.5113","0.5084","","0.08%"
"05/12/2021","0.5088","0.5117","0.5128","0.5082","","-0.54%"
"05/11/2021","0.5115","0.5081","0.5124","0.5066","","0.72%"
"05/10/2021","0.5078","0.5057","0.5090","0.5050","","0.57%"
"05/07/2021","0.5049","0.5040","0.5071","0.5034","","0.31%"
"05/06/2021","0.5034","0.5045","0.5050","0.5023","","-0.20%"
"05/05/2021","0.5044","0.5040","0.5054","0.5034","","0.15%"
"05/04/2021","0.5037","0.5021","0.5047","0.5019","","0.37%"
"05/03/2021","0.5018","0.5013","0.5024","0.5007","","0.12%"
"04/30/2021","0.5012","0.5020","0.5025","0.5005","","-0.08%"
"04/29/2021","0.5016","0.5018","0.5027","0.5009","","0.05%"
"04/28/2021","0.5014","0.4999","0.5025","0.4992","","0.36%"
"04/27/2021","0.4996","0.4992","0.5007","0.4988","","0.15%"
"04/26/2021","0.4988","0.5011","0.5019","0.4989","","-0.45%"
"04/23/2021","0.5011","0.5019","0.5023","0.5004","","-0.13%"
"04/22/2021","0.5017","0.5033","0.5043","0.5017","","-0.22%"
"04/21/2021","0.5028","0.5000","0.5038","0.4997","","0.63%"
"04/20/2021","0.4997","0.5007","0.5022","0.4996","","-0.12%"
"04/19/2021","0.5003","0.5029","0.5034","0.5003","","-0.45%"
"04/16/2021","0.5026","0.5029","0.5035","0.5021","","-0.04%"
"04/15/2021","0.5027","0.5024","0.5036","0.5014","","0.12%"
"04/14/2021","0.5021","0.5031","0.5042","0.5018","","-0.09%"
"04/13/2021","0.5026","0.5032","0.5054","0.5017","","0.02%"
"04/12/2021","0.5025","0.5022","0.5039","0.5018","","0.17%"
"04/09/2021","0.5017","0.5009","0.5030","0.5002","","0.22%"
"04/08/2021","0.5006","0.5033","0.5036","0.5006","","-0.43%"
"04/07/2021","0.5028","0.5040","0.5052","0.5020","","-0.16%"
"04/06/2021","0.5036","0.5041","0.5060","0.5033","","-0.03%"
"04/05/2021","0.5037","0.5072","0.5072","0.5035","","-0.63%"
"04/02/2021","0.5069","0.5074","0.5081","0.5063","","-0.06%"
"04/01/2021","0.5072","0.5100","0.5100","0.5066","","-0.40%"
"03/31/2021","0.5092","0.5076","0.5106","0.5075","","0.40%"
"03/30/2021","0.5072","0.5071","0.5080","0.5056","","0.11%"
"03/29/2021","0.5066","0.5093","0.5116","0.5065","","-0.47%"
"03/26/2021","0.5090","0.5084","0.5098","0.5074","","0.23%"
"03/25/2021","0.5078","0.5078","0.5092","0.5049","","0.07%"
"03/24/2021","0.5075","0.5055","0.5080","0.5038","","0.41%"
"03/23/2021","0.5054","0.5066","0.5072","0.5048","","-0.24%"
"03/22/2021","0.5066","0.5071","0.5084","0.5063","","0.00%"
"03/19/2021","0.5066","0.5058","0.5079","0.5037","","0.30%"
"03/18/2021","0.5051","0.5057","0.5076","0.5047","","0.07%"
"03/17/2021","0.5048","0.5059","0.5075","0.5042","","-0.18%"
"03/16/2021","0.5057","0.5089","0.5097","0.5056","","-0.59%"
"03/15/2021","0.5087","0.5118","0.5118","0.5081","","-0.35%"
"03/12/2021","0.5105","0.5092","0.5116","0.5087","","0.36%"
"03/11/2021","0.5087","0.5106","0.5113","0.5086","","-0.28%"
"03/10/2021","0.5101","0.5111","0.5120","0.5097","","-0.14%"
"03/09/2021","0.5108","0.5124","0.5125","0.5096","","-0.25%"
"03/08/2021","0.5121","0.5129","0.5135","0.5099","","-0.02%"
"03/05/2021","0.5123","0.5128","0.5131","0.5103","","-0.07%"
"03/04/2021","0.5126","0.5114","0.5131","0.5103","","0.24%"
"03/03/2021","0.5114","0.5097","0.5124","0.5080","","0.45%"
"03/02/2021","0.5091","0.5109","0.5111","0.5091","","-0.28%"
"03/01/2021","0.5105","0.5115","0.5128","0.5085","","-0.08%"
"02/26/2021","0.5109","0.5086","0.5121","0.5085","","0.11%"
"02/25/2021","0.5103","0.5056","0.5112","0.5040","","1.01%"
"02/24/2021","0.5052","0.5055","0.5072","0.5050","","0.07%"
"02/23/2021","0.5049","0.5054","0.5068","0.5043","","0.06%"
"02/22/2021","0.5046","0.5065","0.5079","0.5046","","-0.30%"
"02/19/2021","0.5061","0.5044","0.5074","0.5043","","0.42%"
"02/18/2021","0.5040","0.5059","0.5071","0.5036","","-0.24%"
"02/17/2021","0.5053","0.5018","0.5068","0.5017","","0.77%"
"02/16/2021","0.5014","0.5021","0.5028","0.5006","","-0.04%"
"02/15/2021","0.5016","0.5035","0.5037","0.5018","","-0.27%"
"02/12/2021","0.5029","0.5031","0.5043","0.5027","","0.09%"
"02/11/2021","0.5025","0.5045","0.5063","0.5028","","-0.36%"
"02/10/2021","0.5043","0.5054","0.5066","0.5032","","-0.08%"
"02/09/2021","0.5047","0.5054","0.5074","0.5041","","-0.02%"
"02/08/2021","0.5048","0.5086","0.5101","0.5045","","-0.69%"
"02/05/2021","0.5083","0.5086","0.5106","0.5061","","0.00%"
"02/04/2021","0.5083","0.5109","0.5121","0.5072","","-0.40%"
"02/03/2021","0.5103","0.5109","0.5130","0.5099","","-0.06%"
"02/02/2021","0.5107","0.5095","0.5128","0.5092","","0.32%"
"02/01/2021","0.5091","0.5101","0.5101","0.5064","","-0.11%"
"01/29/2021","0.5096","0.5090","0.5114","0.5073","","0.20%"
"01/28/2021","0.5086","0.5039","0.5100","0.5029","","0.97%"
"01/27/2021","0.5038","0.5049","0.5057","0.5034","","-0.15%"
"01/26/2021","0.5045","0.5056","0.5066","0.5038","","-0.13%"
"01/25/2021","0.5052","0.5049","0.5075","0.5034","","0.13%"
"01/22/2021","0.5045","0.5068","0.5077","0.5043","","-0.34%"
"01/21/2021","0.5063","0.5050","0.5093","0.5039","","0.29%"
"01/20/2021","0.5048","0.5023","0.5065","0.5014","","0.46%"
"01/19/2021","0.5025","0.4982","0.5030","0.4959","","0.97%"
"01/18/2021","0.4977","0.5044","0.5091","0.4944","","-1.27%"
"01/15/2021","0.5041","0.4921","0.5078","0.4920","","2.56%"
"01/14/2021","0.4915","0.4839","0.4942","0.4815","","1.69%"
"01/13/2021","0.4833","0.4887","0.4889","0.4830","","-0.79%"
"01/12/2021","0.4872","0.4894","0.4917","0.4865","","-0.41%"
"01/11/2021","0.4892","0.4917","0.4933","0.4890","","-0.59%"
"01/08/2021","0.4921","0.4913","0.4934","0.4912","","0.22%"
"01/07/2021","0.4910","0.4925","0.4932","0.4907","","-0.28%"
"01/06/2021","0.4924","0.4960","0.4964","0.4916","","-0.70%"
"01/05/2021","0.4958","0.4968","0.4991","0.4947","","-0.14%"
"01/04/2021","0.4965","0.4923","0.4978","0.4919","","0.85%"
"01/01/2021","0.4923","0.4924","0.4927","0.4923","","0.11%"
"12/31/2020","0.4918","0.4930","0.4938","0.4902","","-0.11%"
"12/30/2020","0.4924","0.4929","0.4936","0.4913","","-0.01%"
"12/29/2020","0.4924","0.4928","0.4935","0.4912","","0.03%"
"12/28/2020","0.4923","0.4923","0.4937","0.4911","","0.10%"
"12/25/2020","0.4918","0.4923","0.4944","0.4918","","-0.05%"
"12/24/2020","0.4920","0.4918","0.4933","0.4915","","0.13%"
"12/23/2020","0.4913","0.4940","0.4944","0.4914","","-0.44%"
"12/22/2020","0.4935","0.4967","0.4967","0.4928","","-0.40%"
"12/21/2020","0.4955","0.4952","0.4980","0.4940","","0.18%"
"12/18/2020","0.4946","0.4963","0.4966","0.4945","","-0.25%"
"12/17/2020","0.4958","0.4977","0.4982","0.4957","","-0.34%"
"12/16/2020","0.4975","0.4977","0.4988","0.4963","","0.09%"
"12/15/2020","0.4971","0.4978","0.4984","0.4967","","-0.04%"
"12/14/2020","0.4973","0.4974","0.4991","0.4961","","0.05%"
"12/11/2020","0.4970","0.4973","0.4980","0.4961","","0.08%"
"12/10/2020","0.4966","0.4970","0.4980","0.4956","","-0.07%"
"12/09/2020","0.4970","0.4989","0.4999","0.4960","","-0.28%"
"12/08/2020","0.4984","0.4985","0.4995","0.4964","","0.00%"
"12/07/2020","0.4984","0.5005","0.5016","0.4978","","-0.34%"
"12/04/2020","0.5001","0.4991","0.5014","0.4979","","0.30%"
"12/03/2020","0.4986","0.5006","0.5017","0.4974","","-0.29%"
"12/02/2020","0.5001","0.5004","0.5025","0.4997","","0.03%"
"12/01/2020","0.4999","0.5025","0.5039","0.4999","","-0.44%"
"11/30/2020","0.5021","0.5043","0.5048","0.5018","","-0.38%"
"11/27/2020","0.5040","0.5052","0.5056","0.5035","","-0.18%"
"11/26/2020","0.5049","0.5046","0.5065","0.5031","","0.17%"
"11/25/2020","0.5041","0.5056","0.5069","0.5040","","-0.32%"
"11/24/2020","0.5057","0.5084","0.5092","0.5052","","-0.44%"
"11/23/2020","0.5080","0.5089","0.5097","0.5075","","-0.14%"
"11/20/2020","0.5087","0.5085","0.5099","0.5078","","0.16%"
"11/19/2020","0.5079","0.5105","0.5111","0.5073","","-0.45%"
"11/18/2020","0.5102","0.5115","0.5133","0.5093","","-0.19%"
"11/17/2020","0.5112","0.5108","0.5137","0.5104","","0.08%"
"11/16/2020","0.5108","0.5097","0.5122","0.5085","","0.26%"
"11/13/2020","0.5094","0.5098","0.5102","0.5079","","0.00%"
"11/12/2020","0.5094","0.5091","0.5116","0.5089","","0.15%"
"11/11/2020","0.5087","0.5111","0.5136","0.5089","","-0.40%"
"11/10/2020","0.5107","0.5081","0.5122","0.5075","","0.55%"
"11/09/2020","0.5079","0.5104","0.5133","0.5059","","-0.37%"
"11/06/2020","0.5098","0.5114","0.5121","0.5084","","-0.27%"
"11/05/2020","0.5112","0.5102","0.5122","0.5089","","0.34%"
"11/04/2020","0.5095","0.5116","0.5127","0.5046","","-0.20%"
"11/03/2020","0.5105","0.5097","0.5125","0.5083","","0.22%"
"11/02/2020","0.5094","0.5092","0.5107","0.5072","","0.15%"
"10/30/2020","0.5086","0.5090","0.5120","0.5086","","0.03%"
"10/29/2020","0.5085","0.5066","0.5102","0.5059","","0.44%"
"10/28/2020","0.5062","0.5045","0.5074","0.5036","","0.40%"
"10/27/2020","0.5042","0.5055","0.5065","0.5034","","-0.18%"
"10/26/2020","0.5052","0.5047","0.5060","0.5034","","0.17%"
"10/23/2020","0.5043","0.5056","0.5069","0.5038","","-0.19%"
"10/22/2020","0.5053","0.5077","0.5083","0.5050","","-0.37%"
"10/21/2020","0.5072","0.5064","0.5092","0.5062","","0.22%"
"10/20/2020","0.5060","0.5065","0.5074","0.5054","","0.00%"
"10/19/2020","0.5061","0.5045","0.5070","0.5038","","0.42%"
"10/16/2020","0.5040","0.5039","0.5059","0.5021","","0.09%"
"10/15/2020","0.5035","0.5036","0.5054","0.5018","","0.18%"
"10/14/2020","0.5026","0.5027","0.5041","0.5021","","0.10%"
"10/13/2020","0.5021","0.5031","0.5038","0.5014","","-0.02%"
"10/12/2020","0.5022","0.5046","0.5063","0.4993","","-0.42%"
"10/09/2020","0.5043","0.4992","0.5055","0.4992","","1.08%"
"10/08/2020","0.4989","0.5013","0.5017","0.4988","","-0.39%"
"10/07/2020","0.5009","0.5037","0.5039","0.5008","","-0.55%"
"10/06/2020","0.5036","0.5017","0.5040","0.5010","","0.44%"
"10/05/2020","0.5014","0.5056","0.5057","0.5010","","-0.75%"
"10/02/2020","0.5052","0.5045","0.5064","0.5040","","0.20%"
"10/01/2020","0.5042","0.5040","0.5054","0.5033","","0.10%"
"09/30/2020","0.5038","0.5054","0.5071","0.5029","","-0.26%"
"09/29/2020","0.5051","0.5087","0.5087","0.5049","","-0.65%"
"09/28/2020","0.5084","0.5102","0.5109","0.5074","","-0.26%"
"09/25/2020","0.5097","0.5093","0.5111","0.5081","","0.12%"
"09/24/2020","0.5091","0.5087","0.5116","0.5074","","0.15%"
"09/23/2020","0.5083","0.5062","0.5100","0.5049","","0.46%"
"09/22/2020","0.5060","0.5076","0.5109","0.5059","","-0.27%"
"09/21/2020","0.5073","0.5048","0.5094","0.5047","","0.56%"
"09/18/2020","0.5045","0.5063","0.5076","0.5042","","-0.27%"
"09/17/2020","0.5059","0.5062","0.5073","0.5047","","0.00%"
"09/16/2020","0.5059","0.5051","0.5068","0.5045","","0.24%"
"09/15/2020","0.5047","0.5045","0.5064","0.5036","","0.14%"
"09/14/2020","0.5040","0.5060","0.5076","0.5030","","-0.39%"
"09/11/2020","0.5060","0.5009","0.5076","0.4998","","1.08%"
"09/10/2020","0.5006","0.4970","0.5020","0.4962","","0.79%"
"09/09/2020","0.4966","0.4955","0.4982","0.4947","","0.31%"
"09/08/2020","0.4951","0.4947","0.4962","0.4940","","0.17%"
"09/07/2020","0.4943","0.4926","0.4952","0.4926","","0.45%"
"09/04/2020","0.4921","0.4915","0.4933","0.4911","","0.20%"
"09/03/2020","0.4911","0.4919","0.4935","0.4912","","-0.09%"
"09/02/2020","0.4915","0.4929","0.4934","0.4913","","-0.23%"
"09/01/2020","0.4926","0.4895","0.4933","0.4894","","0.68%"
"08/31/2020","0.4893","0.4895","0.4919","0.4892","","0.06%"
"08/28/2020","0.4890","0.4892","0.4915","0.4888","","0.01%"
"08/27/2020","0.4889","0.4938","0.4948","0.4868","","-0.94%"
"08/26/2020","0.4936","0.4919","0.4941","0.4916","","0.37%"
"08/25/2020","0.4917","0.4917","0.4929","0.4914","","0.05%"
"08/24/2020","0.4915","0.4917","0.4927","0.4913","","0.01%"
"08/21/2020","0.4914","0.4918","0.4930","0.4909","","-0.02%"
"08/20/2020","0.4915","0.4920","0.4923","0.4911","","-0.02%"
"08/19/2020","0.4916","0.4914","0.4926","0.4904","","0.08%"
"08/18/2020","0.4912","0.4910","0.4922","0.4907","","0.10%"
"08/17/2020","0.4907","0.4899","0.4920","0.4896","","0.28%"
"08/14/2020","0.4893","0.4900","0.4909","0.4891","","-0.11%"
"08/13/2020","0.4899","0.4915","0.4921","0.4891","","-0.27%"
"08/12/2020","0.4912","0.4915","0.4919","0.4896","","0.08%"
"08/11/2020","0.4908","0.4895","0.4918","0.4888","","0.36%"
"08/10/2020","0.4891","0.4894","0.4912","0.4873","","-0.02%"
"08/07/2020","0.4892","0.4893","0.4905","0.4882","","0.03%"
"08/06/2020","0.4890","0.4907","0.4917","0.4889","","-0.23%"
"08/05/2020","0.4901","0.4900","0.4929","0.4897","","0.17%"
"08/04/2020","0.4893","0.4886","0.4912","0.4872","","0.30%"
"08/03/2020","0.4879","0.4878","0.4904","0.4875","","0.00%"
"07/31/2020","0.4879","0.4857","0.4888","0.4855","","0.47%"
"07/30/2020","0.4856","0.4860","0.4874","0.4853","","-0.05%"
"07/29/2020","0.4858","0.4873","0.4880","0.4856","","-0.25%"
"07/28/2020","0.4870","0.4882","0.4886","0.4869","","-0.15%"
"07/27/2020","0.4878","0.4860","0.4885","0.4849","","0.40%"
"07/24/2020","0.4858","0.4877","0.4881","0.4861","","-0.33%"
"07/23/2020","0.4875","0.4891","0.4895","0.4869","","-0.26%"
"07/22/2020","0.4888","0.4898","0.4910","0.4880","","-0.11%"
"07/21/2020","0.4893","0.4904","0.4910","0.4882","","-0.14%"
"07/20/2020","0.4900","0.4912","0.4920","0.4898","","-0.07%"
"07/17/2020","0.4904","0.4932","0.4936","0.4900","","-0.53%"
"07/16/2020","0.4930","0.4904","0.4937","0.4889","","0.57%"
"07/15/2020","0.4902","0.4910","0.4924","0.4895","","-0.06%"
"07/14/2020","0.4905","0.4927","0.4934","0.4895","","-0.40%"
"07/13/2020","0.4924","0.4937","0.4946","0.4908","","-0.23%"
"07/10/2020","0.4936","0.4938","0.4944","0.4922","","0.00%"
"07/09/2020","0.4936","0.4927","0.4942","0.4914","","0.23%"
"07/08/2020","0.4924","0.4917","0.4934","0.4909","","0.20%"
"07/07/2020","0.4915","0.4927","0.4940","0.4901","","-0.16%"
"07/06/2020","0.4922","0.4862","0.4934","0.4860","","1.26%"
"07/03/2020","0.4861","0.4871","0.4876","0.4850","","-0.15%"
"07/02/2020","0.4869","0.4883","0.4891","0.4860","","-0.21%"
"07/01/2020","0.4879","0.4903","0.4907","0.4874","","-0.43%"
"06/30/2020","0.4900","0.4873","0.4913","0.4870","","0.59%"
"06/29/2020","0.4871","0.4847","0.4886","0.4840","","0.53%"
"06/26/2020","0.4846","0.4856","0.4861","0.4843","","-0.09%"
"06/25/2020","0.4850","0.4862","0.4882","0.4851","","-0.18%"
"06/24/2020","0.4859","0.4855","0.4868","0.4835","","0.11%"
"06/23/2020","0.4854","0.4866","0.4872","0.4845","","-0.21%"
"06/22/2020","0.4864","0.4879","0.4889","0.4860","","-0.25%"
"06/19/2020","0.4876","0.4868","0.4885","0.4862","","0.20%"
"06/18/2020","0.4866","0.4870","0.4891","0.4857","","-0.05%"
"06/17/2020","0.4869","0.4883","0.4886","0.4861","","-0.25%"
"06/16/2020","0.4881","0.4905","0.4918","0.4872","","-0.43%"
"06/15/2020","0.4902","0.4909","0.4938","0.4903","","0.00%"
"06/12/2020","0.4902","0.4908","0.4923","0.4877","","-0.06%"
"06/11/2020","0.4905","0.4867","0.4912","0.4854","","0.81%"
"06/10/2020","0.4865","0.4873","0.4890","0.4855","","-0.11%"
"06/09/2020","0.4870","0.4879","0.4892","0.4864","","-0.12%"
"06/08/2020","0.4876","0.4899","0.4907","0.4865","","-0.38%"
"06/05/2020","0.4895","0.4856","0.4902","0.4852","","0.79%"
"06/04/2020","0.4857","0.4884","0.4898","0.4851","","-0.47%"
"06/03/2020","0.4879","0.4892","0.4902","0.4863","","-0.28%"
"06/02/2020","0.4893","0.4903","0.4917","0.4879","","-0.10%"
"06/01/2020","0.4898","0.4916","0.4937","0.4890","","-0.28%"
"05/29/2020","0.4912","0.4914","0.4933","0.4905","","0.06%"
"05/28/2020","0.4909","0.4882","0.4922","0.4873","","0.64%"
"05/27/2020","0.4878","0.4921","0.4924","0.4875","","-0.84%"
"05/26/2020","0.4919","0.4942","0.4952","0.4912","","-0.42%"
"05/25/2020","0.4940","0.4952","0.4955","0.4925","","-0.18%"
"05/22/2020","0.4948","0.4950","0.4962","0.4937","","0.04%"
"05/21/2020","0.4947","0.4951","0.4963","0.4936","","-0.05%"
"05/20/2020","0.4949","0.4950","0.4958","0.4926","","0.04%"
"05/19/2020","0.4947","0.4963","0.4978","0.4943","","-0.30%"
"05/18/2020","0.4962","0.4981","0.4990","0.4949","","-0.31%"
"05/15/2020","0.4977","0.4997","0.4997","0.4965","","-0.22%"
"05/14/2020","0.4988","0.4981","0.5020","0.4968","","0.19%"
"05/13/2020","0.4979","0.4963","0.4984","0.4944","","0.38%"
"05/12/2020","0.4960","0.4945","0.4966","0.4943","","0.39%"
"05/11/2020","0.4940","0.4958","0.4976","0.4938","","-0.40%"
"05/08/2020","0.4960","0.4952","0.4968","0.4935","","0.22%"
"05/07/2020","0.4949","0.4951","0.4965","0.4943","","0.00%"
"05/06/2020","0.4949","0.4980","0.4981","0.4933","","-0.56%"
"05/05/2020","0.4976","0.5000","0.5006","0.4972","","-0.36%"
"05/04/2020","0.4994","0.4964","0.5018","0.4964","","0.64%"
"05/01/2020","0.4962","0.4936","0.4971","0.4932","","0.59%"
"04/30/2020","0.4933","0.4946","0.4975","0.4911","","-0.20%"
"04/29/2020","0.4943","0.4949","0.4969","0.4937","","-0.05%"
"04/28/2020","0.4946","0.4943","0.4968","0.4919","","0.22%"
"04/27/2020","0.4935","0.4972","0.4981","0.4937","","-0.80%"
"04/24/2020","0.4975","0.5003","0.5006","0.4958","","-0.50%"
"04/23/2020","0.5000","0.4999","0.5044","0.4985","","0.04%"
"04/22/2020","0.4998","0.5019","0.5028","0.4981","","-0.36%"
"04/21/2020","0.5016","0.5033","0.5048","0.4995","","-0.30%"
"04/20/2020","0.5031","0.5074","0.5078","0.5012","","-0.70%"
"04/17/2020","0.5067","0.5072","0.5083","0.5050","","-0.07%"
"04/16/2020","0.5070","0.5102","0.5109","0.5066","","-0.55%"
"04/15/2020","0.5098","0.5087","0.5123","0.5076","","0.32%"
"04/14/2020","0.5082","0.5069","0.5093","0.5046","","0.34%"
"04/13/2020","0.5065","0.5082","0.5095","0.5048","","-0.27%"
"04/10/2020","0.5078","0.5079","0.5103","0.5070","","-0.02%"
"04/09/2020","0.5079","0.5078","0.5093","0.5066","","0.13%"
"04/08/2020","0.5073","0.5085","0.5105","0.5071","","-0.16%"
"04/07/2020","0.5081","0.5057","0.5115","0.5036","","0.57%"
"04/06/2020","0.5052","0.5127","0.5129","0.5048","","-1.29%"
"04/03/2020","0.5118","0.5106","0.5144","0.5095","","0.26%"
"04/02/2020","0.5105","0.5074","0.5162","0.5057","","0.63%"
"04/01/2020","0.5073","0.5006","0.5081","0.4994","","1.40%"
"03/31/2020","0.5003","0.5028","0.5040","0.4989","","-0.44%"
"03/30/2020","0.5025","0.5023","0.5066","0.5017","","0.01%"
"03/27/2020","0.5025","0.5081","0.5116","0.5017","","-1.02%"
"03/26/2020","0.5076","0.5086","0.5138","0.5051","","-0.08%"
"03/25/2020","0.5081","0.5115","0.5141","0.5045","","-0.63%"
"03/24/2020","0.5113","0.5202","0.5216","0.5090","","-1.91%"
"03/23/2020","0.5213","0.5088","0.5247","0.5085","","2.62%"
"03/20/2020","0.5080","0.5121","0.5157","0.5055","","-0.48%"
"03/19/2020","0.5104","0.5280","0.5365","0.5105","","-3.26%"
"03/18/2020","0.5276","0.5436","0.5509","0.5276","","-3.04%"
"03/17/2020","0.5442","0.5390","0.5539","0.5383","","1.02%"
"03/16/2020","0.5387","0.5233","0.5410","0.5217","","3.10%"
"03/13/2020","0.5225","0.5199","0.5295","0.5196","","0.56%"
"03/12/2020","0.5196","0.5119","0.5256","0.5103","","1.53%"
"03/11/2020","0.5117","0.5076","0.5151","0.5065","","0.87%"
"03/10/2020","0.5073","0.5072","0.5094","0.5048","","0.15%"
"03/09/2020","0.5066","0.5040","0.5099","0.5030","","0.83%"
"03/06/2020","0.5024","0.5021","0.5046","0.5003","","0.09%"
"03/05/2020","0.5019","0.4981","0.5027","0.4968","","0.81%"
"03/04/2020","0.4979","0.4957","0.5000","0.4955","","0.51%"
"03/03/2020","0.4954","0.4996","0.5003","0.4922","","-0.81%"
"03/02/2020","0.4994","0.4964","0.5020","0.4959","","0.78%"
"02/28/2020","0.4956","0.4938","0.4997","0.4927","","0.42%"
"02/27/2020","0.4935","0.4892","0.4942","0.4884","","0.94%"
"02/26/2020","0.4889","0.4900","0.4909","0.4881","","-0.17%"
"02/25/2020","0.4897","0.4877","0.4904","0.4870","","0.47%"
"02/24/2020","0.4875","0.4862","0.4906","0.4861","","0.32%"
"02/21/2020","0.4859","0.4878","0.4885","0.4858","","-0.36%"
"02/20/2020","0.4876","0.4895","0.4906","0.4874","","-0.33%"
"02/19/2020","0.4893","0.4889","0.4902","0.4874","","0.16%"
"02/18/2020","0.4885","0.4900","0.4909","0.4876","","-0.26%"
"02/17/2020","0.4897","0.4908","0.4922","0.4897","","-0.09%"
"02/14/2020","0.4902","0.4907","0.4921","0.4894","","-0.05%"
"02/13/2020","0.4904","0.4925","0.4926","0.4901","","-0.31%"
"02/12/2020","0.4920","0.4906","0.4926","0.4893","","0.37%"
"02/11/2020","0.4902","0.4899","0.4910","0.4879","","0.15%"
"02/10/2020","0.4894","0.4897","0.4921","0.4892","","0.00%"
"02/07/2020","0.4894","0.4921","0.4921","0.4891","","-0.41%"
"02/06/2020","0.4915","0.4934","0.4947","0.4915","","-0.33%"
"02/05/2020","0.4931","0.4928","0.4954","0.4919","","0.16%"
"02/04/2020","0.4923","0.4905","0.4938","0.4901","","0.48%"
"02/03/2020","0.4900","0.4971","0.4974","0.4901","","-1.47%"
"01/31/2020","0.4973","0.4976","0.4979","0.4966","","0.05%"
"01/30/2020","0.4970","0.4977","0.4983","0.4968","","-0.07%"
"01/29/2020","0.4974","0.4979","0.4990","0.4973","","-0.05%"
"01/28/2020","0.4977","0.4987","0.4991","0.4976","","-0.13%"
"01/27/2020","0.4983","0.4984","0.4996","0.4978","","0.09%"
"01/24/2020","0.4979","0.4983","0.4987","0.4974","","-0.03%"
"01/23/2020","0.4981","0.5011","0.5013","0.4979","","-0.54%"
"01/22/2020","0.5008","0.5005","0.5018","0.4994","","0.10%"
"01/21/2020","0.5002","0.5034","0.5036","0.5001","","-0.57%"
"01/20/2020","0.5031","0.5037","0.5056","0.5030","","-0.11%"
"01/17/2020","0.5037","0.5022","0.5044","0.5022","","0.34%"
"01/16/2020","0.5020","0.5015","0.5029","0.5014","","0.12%"
"01/15/2020","0.5014","0.5034","0.5036","0.5013","","-0.37%"
"01/14/2020","0.5033","0.5025","0.5047","0.5021","","0.25%"
"01/13/2020","0.5020","0.5008","0.5042","0.5008","","0.25%"
"01/10/2020","0.5008","0.4993","0.5019","0.4984","","0.38%"
"01/09/2020","0.4988","0.4984","0.5014","0.4978","","0.18%"
"01/08/2020","0.4979","0.4993","0.5002","0.4977","","-0.17%"
"01/07/2020","0.4988","0.4979","0.5006","0.4979","","0.16%"
"01/06/2020","0.4980","0.4995","0.5001","0.4976","","-0.30%"
"01/03/2020","0.4995","0.4955","0.5000","0.4944","","0.97%"
"01/02/2020","0.4947","0.4965","0.4972","0.4950","","-0.28%"
"01/01/2020","0.4961","0.4960","0.4966","0.4959","","0.07%"
"12/31/2019","0.4957","0.4953","0.4973","0.4949","","0.15%"
"12/30/2019","0.4950","0.4943","0.4969","0.4943","","0.20%"
"12/27/2019","0.4940","0.4959","0.4965","0.4940","","-0.29%"
"12/26/2019","0.4954","0.4970","0.4974","0.4949","","-0.21%"
"12/25/2019","0.4965","0.4961","0.4981","0.4959","","0.17%"
"12/24/2019","0.4956","0.4951","0.4967","0.4942","","0.10%"
"12/23/2019","0.4951","0.4960","0.4965","0.4945","","-0.18%"
"12/20/2019","0.4960","0.4962","0.4967","0.4953","","-0.03%"
"12/19/2019","0.4961","0.4993","0.4998","0.4958","","-0.49%"
"12/18/2019","0.4986","0.4985","0.5011","0.4981","","0.07%"
"12/17/2019","0.4982","0.5001","0.5005","0.4982","","-0.27%"
"12/16/2019","0.4995","0.4979","0.5003","0.4971","","0.35%"
"12/13/2019","0.4978","0.4983","0.4998","0.4968","","0.10%"
"12/12/2019","0.4973","0.4930","0.4985","0.4928","","0.92%"
"12/11/2019","0.4928","0.4944","0.4949","0.4926","","-0.26%"
"12/10/2019","0.4940","0.4927","0.4948","0.4918","","0.36%"
"12/09/2019","0.4923","0.4934","0.4938","0.4921","","-0.10%"
"12/06/2019","0.4927","0.4919","0.4942","0.4913","","0.24%"
"12/05/2019","0.4916","0.4928","0.4941","0.4913","","-0.19%"
"12/04/2019","0.4925","0.4935","0.4942","0.4914","","-0.12%"
"12/03/2019","0.4931","0.4934","0.4948","0.4922","","-0.02%"
"12/02/2019","0.4932","0.4938","0.4945","0.4925","","-0.12%"
"11/29/2019","0.4938","0.4942","0.4959","0.4933","","-0.03%"
"11/28/2019","0.4940","0.4930","0.4949","0.4922","","0.24%"
"11/27/2019","0.4928","0.4929","0.4949","0.4922","","0.15%"
"11/26/2019","0.4920","0.4925","0.4944","0.4909","","-0.08%"
"11/25/2019","0.4924","0.4929","0.4945","0.4904","","-0.03%"
"11/22/2019","0.4926","0.4930","0.4936","0.4912","","-0.03%"
"11/21/2019","0.4927","0.4934","0.4935","0.4903","","-0.05%"
"11/20/2019","0.4930","0.4932","0.4946","0.4919","","0.07%"
"11/19/2019","0.4926","0.4925","0.4937","0.4918","","0.10%"
"11/18/2019","0.4921","0.4956","0.4957","0.4916","","-0.61%"
"11/15/2019","0.4952","0.4961","0.4976","0.4950","","-0.14%"
"11/14/2019","0.4958","0.4973","0.4983","0.4951","","-0.20%"
"11/13/2019","0.4968","0.5000","0.5001","0.4969","","-0.53%"
"11/12/2019","0.4995","0.4995","0.5034","0.4991","","0.06%"
"11/11/2019","0.4992","0.4994","0.5002","0.4979","","0.06%"
"11/08/2019","0.4989","0.5007","0.5016","0.4988","","-0.30%"
"11/07/2019","0.5004","0.4987","0.5013","0.4971","","0.45%"
"11/06/2019","0.4982","0.4977","0.5000","0.4974","","0.10%"
"11/05/2019","0.4977","0.4997","0.5021","0.4975","","-0.32%"
"11/04/2019","0.4993","0.5010","0.5028","0.4992","","-0.38%"
"11/01/2019","0.5012","0.5005","0.5021","0.4997","","0.22%"
"10/31/2019","0.5001","0.5001","0.5024","0.4994","","0.06%"
"10/30/2019","0.4998","0.4989","0.5015","0.4987","","0.22%"
"10/29/2019","0.4987","0.4998","0.5013","0.4986","","-0.15%"
"10/28/2019","0.4995","0.5002","0.5014","0.4988","","-0.12%"
"10/25/2019","0.5001","0.5002","0.5009","0.4994","","-0.03%"
"10/24/2019","0.5002","0.4996","0.5007","0.4973","","0.29%"
"10/23/2019","0.4988","0.4994","0.5009","0.4985","","-0.04%"
"10/22/2019","0.4990","0.5004","0.5011","0.4988","","-0.23%"
"10/21/2019","0.5002","0.5003","0.5012","0.4990","","0.16%"
"10/18/2019","0.4994","0.5002","0.5012","0.4984","","-0.15%"
"10/17/2019","0.5001","0.4981","0.5009","0.4970","","0.55%"
"10/16/2019","0.4974","0.4969","0.4990","0.4958","","0.12%"
"10/15/2019","0.4968","0.4968","0.4978","0.4959","","0.12%"
"10/14/2019","0.4962","0.4940","0.4971","0.4940","","0.52%"
"10/11/2019","0.4936","0.4930","0.4951","0.4927","","0.21%"
"10/10/2019","0.4926","0.4913","0.4935","0.4908","","0.36%"
"10/09/2019","0.4909","0.4908","0.4921","0.4899","","0.07%"
"10/08/2019","0.4905","0.4914","0.4931","0.4901","","-0.11%"
"10/07/2019","0.4911","0.4867","0.4917","0.4867","","0.87%"
"10/04/2019","0.4868","0.4889","0.4890","0.4862","","-0.34%"
"10/03/2019","0.4884","0.4884","0.4905","0.4874","","0.10%"
"10/02/2019","0.4880","0.4872","0.4890","0.4866","","0.23%"
"10/01/2019","0.4868","0.4864","0.4880","0.4861","","0.19%"
"09/30/2019","0.4859","0.4889","0.4893","0.4861","","-0.53%"
"09/27/2019","0.4885","0.4891","0.4903","0.4883","","0.00%"
"09/26/2019","0.4885","0.4920","0.4940","0.4884","","-0.60%"
"09/25/2019","0.4915","0.4917","0.4926","0.4900","","0.10%"
"09/24/2019","0.4910","0.4938","0.4948","0.4909","","-0.47%"
"09/23/2019","0.4933","0.4963","0.4967","0.4928","","-0.61%"
"09/20/2019","0.4963","0.4956","0.4971","0.4951","","0.20%"
"09/19/2019","0.4954","0.4992","0.4992","0.4944","","-0.69%"
"09/18/2019","0.4988","0.5003","0.5007","0.4973","","-0.17%"
"09/17/2019","0.4996","0.5017","0.5020","0.4997","","-0.34%"
"09/16/2019","0.5013","0.4985","0.5020","0.4979","","0.65%"
"09/13/2019","0.4981","0.4994","0.4997","0.4974","","-0.14%"
"09/12/2019","0.4988","0.4974","0.5013","0.4974","","0.34%"
"09/11/2019","0.4971","0.4985","0.4994","0.4970","","-0.16%"
"09/10/2019","0.4979","0.4952","0.4989","0.4950","","0.65%"
"09/09/2019","0.4947","0.4947","0.4956","0.4936","","0.02%"
"09/06/2019","0.4946","0.4925","0.4954","0.4916","","0.51%"
"09/05/2019","0.4921","0.4935","0.4952","0.4907","","-0.17%"
"09/04/2019","0.4929","0.4930","0.4946","0.4925","","-0.02%"
"09/03/2019","0.4930","0.4937","0.4949","0.4925","","-0.07%"
"09/02/2019","0.4934","0.4933","0.4944","0.4925","","0.09%"
"08/30/2019","0.4929","0.4942","0.4954","0.4927","","-0.18%"
"08/29/2019","0.4938","0.4923","0.4947","0.4916","","0.41%"
"08/28/2019","0.4918","0.4914","0.4939","0.4912","","0.06%"
"08/27/2019","0.4915","0.4924","0.4927","0.4904","","-0.08%"
"08/26/2019","0.4919","0.4914","0.4944","0.4908","","-0.45%"
"08/23/2019","0.4941","0.4965","0.4971","0.4941","","-0.41%"
"08/22/2019","0.4961","0.4990","0.4994","0.4956","","-0.49%"
"08/21/2019","0.4986","0.4997","0.5005","0.4983","","-0.21%"
"08/20/2019","0.4996","0.4998","0.5004","0.4984","","-0.02%"
"08/19/2019","0.4997","0.5031","0.5045","0.4996","","-0.60%"
"08/16/2019","0.5027","0.5033","0.5044","0.5020","","-0.06%"
"08/15/2019","0.5031","0.5013","0.5035","0.4989","","0.46%"
"08/14/2019","0.5008","0.4950","0.5023","0.4944","","1.34%"
"08/13/2019","0.4941","0.4924","0.4952","0.4916","","0.41%"
"08/12/2019","0.4921","0.4921","0.4950","0.4916","","-0.02%"
"08/09/2019","0.4922","0.4940","0.4940","0.4918","","-0.29%"
"08/08/2019","0.4936","0.4929","0.4949","0.4925","","0.26%"
"08/07/2019","0.4923","0.4959","0.4965","0.4921","","-0.69%"
"08/06/2019","0.4958","0.4947","0.4980","0.4941","","0.33%"
"08/05/2019","0.4941","0.5029","0.5036","0.4938","","-1.76%"
"08/02/2019","0.5030","0.5088","0.5093","0.5027","","-1.13%"
"08/01/2019","0.5088","0.5102","0.5113","0.5080","","-0.22%"
"07/31/2019","0.5099","0.5068","0.5106","0.5042","","0.59%"
"07/30/2019","0.5069","0.5106","0.5114","0.5067","","-0.72%"
"07/29/2019","0.5106","0.5121","0.5124","0.5103","","-0.25%"
"07/26/2019","0.5119","0.5138","0.5138","0.5111","","-0.26%"
"07/25/2019","0.5132","0.5127","0.5136","0.5120","","0.15%"
"07/24/2019","0.5124","0.5145","0.5156","0.5117","","-0.32%"
"07/23/2019","0.5141","0.5125","0.5148","0.5122","","0.34%"
"07/22/2019","0.5123","0.5143","0.5152","0.5119","","-0.33%"
"07/19/2019","0.5140","0.5135","0.5151","0.5131","","0.15%"
"07/18/2019","0.5133","0.5152","0.5155","0.5134","","-0.31%"
"07/17/2019","0.5149","0.5159","0.5161","0.5145","","-0.18%"
"07/16/2019","0.5158","0.5162","0.5168","0.5147","","0.00%"
"07/15/2019","0.5158","0.5158","0.5170","0.5136","","0.00%"
"07/12/2019","0.5158","0.5168","0.5172","0.5156","","-0.15%"
"07/11/2019","0.5166","0.5170","0.5177","0.5157","","0.04%"
"07/10/2019","0.5164","0.5178","0.5196","0.5165","","-0.18%"
"07/09/2019","0.5173","0.5190","0.5192","0.5170","","-0.23%"
"07/08/2019","0.5185","0.5185","0.5204","0.5182","","0.03%"
"07/05/2019","0.5183","0.5186","0.5197","0.5175","","0.05%"
"07/04/2019","0.5181","0.5187","0.5203","0.5180","","0.00%"
"07/03/2019","0.5181","0.5199","0.5212","0.5181","","-0.29%"
"07/02/2019","0.5196","0.5227","0.5235","0.5188","","-0.52%"
"07/01/2019","0.5224","0.5194","0.5235","0.5194","","0.59%"
"06/28/2019","0.5193","0.5195","0.5212","0.5184","","0.04%"
"06/27/2019","0.5191","0.5220","0.5231","0.5192","","-0.53%"
"06/26/2019","0.5219","0.5233","0.5237","0.5214","","-0.19%"
"06/25/2019","0.5228","0.5236","0.5245","0.5220","","0.03%"
"06/24/2019","0.5227","0.5265","0.5267","0.5229","","-0.61%"
"06/21/2019","0.5259","0.5241","0.5299","0.5222","","0.42%"
"06/20/2019","0.5237","0.5198","0.5251","0.5193","","0.87%"
"06/19/2019","0.5192","0.5226","0.5233","0.5196","","-0.50%"
"06/18/2019","0.5218","0.5210","0.5232","0.5205","","0.22%"
"06/17/2019","0.5206","0.5199","0.5221","0.5199","","0.09%"
"06/14/2019","0.5202","0.5198","0.5213","0.5189","","0.15%"
"06/13/2019","0.5194","0.5193","0.5203","0.5181","","0.10%"
"06/12/2019","0.5189","0.5182","0.5196","0.5170","","0.23%"
"06/11/2019","0.5177","0.5164","0.5189","0.5163","","0.29%"
"06/10/2019","0.5162","0.5174","0.5179","0.5154","","-0.10%"
"06/07/2019","0.5167","0.5204","0.5216","0.5171","","-0.64%"
"06/06/2019","0.5200","0.5216","0.5222","0.5195","","-0.27%"
"06/05/2019","0.5215","0.5238","0.5240","0.5211","","-0.39%"
"06/04/2019","0.5235","0.5231","0.5245","0.5220","","0.09%"
"06/03/2019","0.5231","0.5249","0.5265","0.5227","","-0.32%"
"05/31/2019","0.5247","0.5261","0.5267","0.5245","","-0.22%"
"05/30/2019","0.5259","0.5226","0.5264","0.5226","","0.69%"
"05/29/2019","0.5223","0.5225","0.5238","0.5222","","0.00%"
"05/28/2019","0.5222","0.5224","0.5233","0.5211","","0.00%"
"05/27/2019","0.5222","0.5224","0.5237","0.5215","","0.08%"
"05/24/2019","0.5217","0.5223","0.5229","0.5210","","-0.01%"
"05/23/2019","0.5218","0.5232","0.5233","0.5217","","-0.17%"
"05/22/2019","0.5227","0.5245","0.5246","0.5225","","-0.27%"
"05/21/2019","0.5241","0.5182","0.5246","0.5179","","1.22%"
"05/20/2019","0.5178","0.5166","0.5186","0.5161","","0.34%"
"05/17/2019","0.5160","0.5190","0.5191","0.5157","","-0.49%"
"05/16/2019","0.5186","0.5194","0.5201","0.5181","","-0.16%"
"05/15/2019","0.5194","0.5197","0.5207","0.5182","","0.01%"
"05/14/2019","0.5194","0.5201","0.5213","0.5191","","-0.03%"
"05/13/2019","0.5195","0.5222","0.5222","0.5183","","-0.35%"
"05/10/2019","0.5214","0.5230","0.5255","0.5212","","-0.24%"
"05/09/2019","0.5226","0.5266","0.5269","0.5223","","-0.68%"
"05/08/2019","0.5262","0.5300","0.5308","0.5257","","-0.63%"
"05/07/2019","0.5295","0.5302","0.5308","0.5286","","0.01%"
"05/06/2019","0.5295","0.5320","0.5333","0.5283","","-0.43%"
"05/03/2019","0.5318","0.5343","0.5349","0.5314","","-0.42%"
"05/02/2019","0.5340","0.5334","0.5352","0.5329","","0.21%"
"05/01/2019","0.5329","0.5347","0.5347","0.5317","","-0.27%"
"04/30/2019","0.5343","0.5361","0.5366","0.5339","","-0.34%"
"04/29/2019","0.5361","0.5381","0.5383","0.5357","","-0.30%"
"04/26/2019","0.5377","0.5382","0.5400","0.5376","","-0.01%"
"04/25/2019","0.5378","0.5391","0.5393","0.5378","","-0.18%"
"04/24/2019","0.5387","0.5357","0.5397","0.5356","","0.62%"
"04/23/2019","0.5354","0.5354","0.5372","0.5344","","0.09%"
"04/22/2019","0.5349","0.5360","0.5363","0.5349","","-0.14%"
"04/19/2019","0.5357","0.5359","0.5365","0.5355","","0.07%"
"04/18/2019","0.5353","0.5340","0.5364","0.5332","","0.29%"
"04/17/2019","0.5338","0.5314","0.5354","0.5313","","0.51%"
"04/16/2019","0.5311","0.5308","0.5321","0.5298","","0.12%"
"04/15/2019","0.5304","0.5317","0.5326","0.5304","","-0.26%"
"04/12/2019","0.5318","0.5326","0.5332","0.5314","","-0.14%"
"04/11/2019","0.5325","0.5330","0.5339","0.5324","","-0.02%"
"04/10/2019","0.5326","0.5331","0.5337","0.5318","","-0.05%"
"04/09/2019","0.5329","0.5337","0.5347","0.5327","","-0.09%"
"04/08/2019","0.5333","0.5332","0.5346","0.5322","","0.14%"
"04/05/2019","0.5326","0.5340","0.5345","0.5318","","-0.19%"
"04/04/2019","0.5336","0.5366","0.5373","0.5335","","-0.48%"
"04/03/2019","0.5362","0.5388","0.5401","0.5361","","-0.41%"
"04/02/2019","0.5384","0.5393","0.5399","0.5383","","-0.20%"
"04/01/2019","0.5395","0.5408","0.5419","0.5391","","-0.30%"
"03/29/2019","0.5411","0.5381","0.5414","0.5376","","0.63%"
"03/28/2019","0.5377","0.5401","0.5412","0.5375","","-0.39%"
"03/27/2019","0.5399","0.5390","0.5411","0.5384","","0.18%"
"03/26/2019","0.5389","0.5408","0.5409","0.5383","","-0.26%"
"03/25/2019","0.5403","0.5385","0.5413","0.5385","","0.36%"
"03/22/2019","0.5383","0.5378","0.5394","0.5363","","0.24%"
"03/21/2019","0.5371","0.5370","0.5391","0.5355","","0.11%"
"03/20/2019","0.5365","0.5375","0.5398","0.5361","","-0.13%"
"03/19/2019","0.5372","0.5372","0.5379","0.5361","","0.10%"
"03/18/2019","0.5367","0.5355","0.5376","0.5351","","0.24%"
"03/15/2019","0.5354","0.5375","0.5378","0.5353","","-0.20%"
"03/14/2019","0.5365","0.5369","0.5376","0.5341","","0.00%"
"03/13/2019","0.5365","0.5384","0.5397","0.5364","","-0.31%"
"03/12/2019","0.5382","0.5388","0.5401","0.5382","","0.02%"
"03/11/2019","0.5380","0.5400","0.5404","0.5379","","-0.31%"
"03/08/2019","0.5397","0.5400","0.5411","0.5388","","0.00%"
"03/07/2019","0.5398","0.5379","0.5405","0.5373","","0.48%"
"03/06/2019","0.5372","0.5391","0.5400","0.5373","","-0.23%"
"03/05/2019","0.5384","0.5402","0.5414","0.5386","","-0.25%"
"03/04/2019","0.5398","0.5415","0.5430","0.5399","","-0.25%"
"03/01/2019","0.5411","0.5414","0.5420","0.5400","","0.05%"
"02/28/2019","0.5408","0.5404","0.5428","0.5386","","0.16%"
"02/27/2019","0.5400","0.5399","0.5424","0.5398","","0.05%"
"02/26/2019","0.5397","0.5393","0.5415","0.5380","","0.18%"
"02/25/2019","0.5388","0.5382","0.5411","0.5377","","0.26%"
"02/22/2019","0.5373","0.5386","0.5388","0.5370","","-0.18%"
"02/21/2019","0.5383","0.5370","0.5396","0.5366","","0.35%"
"02/20/2019","0.5365","0.5355","0.5392","0.5354","","0.30%"
"02/19/2019","0.5349","0.5347","0.5374","0.5336","","0.11%"
"02/18/2019","0.5343","0.5349","0.5363","0.5340","","0.09%"
"02/15/2019","0.5338","0.5371","0.5384","0.5338","","-0.62%"
"02/14/2019","0.5371","0.5404","0.5410","0.5365","","-0.54%"
"02/13/2019","0.5400","0.5370","0.5406","0.5369","","0.58%"
"02/12/2019","0.5369","0.5369","0.5386","0.5365","","-0.04%"
"02/11/2019","0.5371","0.5399","0.5399","0.5360","","-0.52%"
"02/08/2019","0.5399","0.5388","0.5406","0.5383","","0.17%"
"02/07/2019","0.5390","0.5369","0.5394","0.5367","","0.37%"
"02/06/2019","0.5370","0.5355","0.5378","0.5348","","0.34%"
"02/05/2019","0.5352","0.5353","0.5366","0.5343","","-0.07%"
"02/04/2019","0.5356","0.5395","0.5400","0.5353","","-0.69%"
"02/01/2019","0.5393","0.5422","0.5422","0.5375","","-0.52%"
"01/31/2019","0.5421","0.5445","0.5468","0.5413","","-0.42%"
"01/30/2019","0.5444","0.5467","0.5492","0.5442","","-0.38%"
"01/29/2019","0.5465","0.5447","0.5467","0.5441","","0.33%"
"01/28/2019","0.5447","0.5433","0.5457","0.5432","","0.35%"
"01/25/2019","0.5428","0.5429","0.5462","0.5425","","-0.06%"
"01/24/2019","0.5431","0.5414","0.5434","0.5406","","0.37%"
"01/23/2019","0.5411","0.5407","0.5438","0.5406","","0.09%"
"01/22/2019","0.5406","0.5435","0.5447","0.5404","","-0.55%"
"01/21/2019","0.5436","0.5444","0.5451","0.5433","","-0.13%"
"01/18/2019","0.5443","0.5447","0.5463","0.5438","","-0.07%"
"01/17/2019","0.5447","0.5452","0.5468","0.5443","","-0.16%"
"01/16/2019","0.5456","0.5445","0.5461","0.5428","","0.22%"
"01/15/2019","0.5444","0.5414","0.5447","0.5410","","0.57%"
"01/14/2019","0.5413","0.5424","0.5450","0.5393","","-0.33%"
"01/11/2019","0.5431","0.5409","0.5460","0.5404","","0.48%"
"01/10/2019","0.5405","0.5373","0.5419","0.5373","","0.43%"
"01/09/2019","0.5382","0.5395","0.5413","0.5374","","-0.24%"
"01/08/2019","0.5395","0.5413","0.5417","0.5389","","-0.33%"
"01/07/2019","0.5413","0.5399","0.5422","0.5375","","0.24%"
"01/04/2019","0.5400","0.5424","0.5434","0.5391","","-0.44%"
"01/03/2019","0.5424","0.5471","0.5471","0.5419","","-0.88%"
"01/02/2019","0.5472","0.5435","0.5485","0.5435","","0.79%"
"01/01/2019","0.5429","0.5432","0.5432","0.5429","","-0.07%"
"12/31/2018","0.5433","0.5470","0.5487","0.5431","","-0.71%"
"12/28/2018","0.5472","0.5493","0.5510","0.5464","","-0.36%"
"12/27/2018","0.5492","0.5488","0.5512","0.5465","","0.09%"
"12/26/2018","0.5487","0.5490","0.5500","0.5466","","-0.05%"
"12/25/2018","0.5490","0.5464","0.5492","0.5464","","0.48%"
"12/24/2018","0.5464","0.5453","0.5483","0.5452","","0.16%"
"12/21/2018","0.5455","0.5466","0.5474","0.5448","","-0.26%"
"12/20/2018","0.5469","0.5447","0.5476","0.5437","","0.22%"
"12/19/2018","0.5457","0.5454","0.5462","0.5435","","0.04%"
"12/18/2018","0.5455","0.5462","0.5467","0.5447","","-0.16%"
"12/17/2018","0.5464","0.5464","0.5484","0.5456","","0.13%"
"12/14/2018","0.5457","0.5471","0.5475","0.5453","","-0.26%"
"12/13/2018","0.5471","0.5450","0.5474","0.5450","","0.37%"
"12/12/2018","0.5451","0.5437","0.5463","0.5434","","0.28%"
"12/11/2018","0.5436","0.5416","0.5450","0.5414","","0.37%"
"12/10/2018","0.5416","0.5431","0.5431","0.5392","","-0.24%"
"12/07/2018","0.5429","0.5429","0.5444","0.5422","","-0.04%"
"12/06/2018","0.5431","0.5429","0.5439","0.5402","","-0.07%"
"12/05/2018","0.5435","0.5467","0.5470","0.5425","","-0.53%"
"12/04/2018","0.5464","0.5413","0.5473","0.5411","","0.96%"
"12/03/2018","0.5412","0.5340","0.5415","0.5339","","1.37%"
"11/30/2018","0.5339","0.5339","0.5361","0.5326","","-0.04%"
"11/29/2018","0.5341","0.5346","0.5364","0.5334","","-0.11%"
"11/28/2018","0.5347","0.5373","0.5381","0.5344","","-0.50%"
"11/27/2018","0.5374","0.5358","0.5379","0.5344","","0.39%"
"11/26/2018","0.5353","0.5377","0.5389","0.5342","","-0.43%"
"11/23/2018","0.5376","0.5393","0.5394","0.5373","","-0.33%"
"11/22/2018","0.5394","0.5379","0.5400","0.5370","","0.22%"
"11/21/2018","0.5382","0.5376","0.5401","0.5371","","0.17%"
"11/20/2018","0.5373","0.5333","0.5377","0.5330","","0.75%"
"11/19/2018","0.5333","0.5339","0.5362","0.5329","","-0.06%"
"11/16/2018","0.5336","0.5342","0.5357","0.5327","","-0.19%"
"11/15/2018","0.5346","0.5311","0.5363","0.5310","","0.64%"
"11/14/2018","0.5312","0.5304","0.5327","0.5302","","0.15%"
"11/13/2018","0.5304","0.5304","0.5321","0.5296","","-0.02%"
"11/12/2018","0.5305","0.5288","0.5311","0.5269","","0.47%"
"11/09/2018","0.5280","0.5309","0.5316","0.5273","","-0.60%"
"11/08/2018","0.5312","0.5300","0.5313","0.5281","","0.25%"
"11/07/2018","0.5299","0.5329","0.5331","0.5296","","-0.56%"
"11/06/2018","0.5329","0.5327","0.5343","0.5319","","0.04%"
"11/05/2018","0.5327","0.5356","0.5356","0.5323","","-0.56%"
"11/02/2018","0.5357","0.5347","0.5370","0.5342","","0.21%"
"11/01/2018","0.5346","0.5331","0.5354","0.5328","","0.26%"
"10/31/2018","0.5332","0.5323","0.5347","0.5320","","0.09%"
"10/30/2018","0.5327","0.5329","0.5332","0.5316","","-0.04%"
"10/29/2018","0.5329","0.5324","0.5333","0.5314","","0.17%"
"10/26/2018","0.5320","0.5316","0.5336","0.5306","","0.04%"
"10/25/2018","0.5318","0.5308","0.5326","0.5301","","0.17%"
"10/24/2018","0.5309","0.5293","0.5312","0.5290","","0.32%"
"10/23/2018","0.5292","0.5266","0.5301","0.5266","","0.40%"
"10/22/2018","0.5271","0.5283","0.5283","0.5255","","-0.11%"
"10/19/2018","0.5277","0.5278","0.5293","0.5274","","-0.04%"
"10/18/2018","0.5279","0.5270","0.5286","0.5255","","0.21%"
"10/17/2018","0.5268","0.5268","0.5276","0.5259","","0.02%"
"10/16/2018","0.5267","0.5271","0.5276","0.5256","","-0.09%"
"10/15/2018","0.5272","0.5242","0.5283","0.5225","","0.69%"
"10/12/2018","0.5236","0.5277","0.5277","0.5229","","-0.65%"
"10/11/2018","0.5270","0.5244","0.5283","0.5230","","0.50%"
"10/10/2018","0.5244","0.5253","0.5262","0.5228","","-0.17%"
"10/09/2018","0.5253","0.5255","0.5272","0.5250","","-0.08%"
"10/08/2018","0.5257","0.5271","0.5278","0.5222","","-0.40%"
"10/05/2018","0.5278","0.5292","0.5298","0.5270","","-0.30%"
"10/04/2018","0.5294","0.5305","0.5313","0.5285","","-0.19%"
"10/03/2018","0.5304","0.5311","0.5317","0.5274","","-0.15%"
"10/02/2018","0.5312","0.5295","0.5323","0.5293","","0.32%"
"10/01/2018","0.5295","0.5296","0.5309","0.5285","","-0.02%"
"09/28/2018","0.5296","0.5234","0.5302","0.5233","","1.17%"
"09/27/2018","0.5235","0.5207","0.5255","0.5204","","0.50%"
"09/26/2018","0.5209","0.5221","0.5227","0.5205","","-0.25%"
"09/25/2018","0.5222","0.5215","0.5228","0.5205","","0.12%"
"09/24/2018","0.5216","0.5206","0.5222","0.5199","","0.15%"
"09/21/2018","0.5208","0.5215","0.5230","0.5202","","-0.15%"
"09/20/2018","0.5216","0.5232","0.5238","0.5215","","-0.38%"
"09/19/2018","0.5236","0.5231","0.5244","0.5219","","0.10%"
"09/18/2018","0.5231","0.5223","0.5232","0.5202","","0.13%"
"09/17/2018","0.5224","0.5211","0.5234","0.5206","","0.25%"
"09/14/2018","0.5211","0.5208","0.5216","0.5197","","0.02%"
"09/13/2018","0.5210","0.5209","0.5245","0.5209","","-0.02%"
"09/12/2018","0.5211","0.5210","0.5230","0.5205","","0.04%"
"09/11/2018","0.5209","0.5227","0.5228","0.5204","","-0.31%"
"09/10/2018","0.5225","0.5242","0.5248","0.5221","","-0.50%"
"09/07/2018","0.5251","0.5246","0.5252","0.5231","","0.15%"
"09/06/2018","0.5243","0.5272","0.5280","0.5241","","-0.53%"
"09/05/2018","0.5271","0.5286","0.5311","0.5269","","-0.25%"
"09/04/2018","0.5284","0.5294","0.5315","0.5282","","-0.23%"
"09/03/2018","0.5296","0.5271","0.5306","0.5271","","0.30%"
"08/31/2018","0.5280","0.5281","0.5291","0.5262","","0.00%"
"08/30/2018","0.5280","0.5291","0.5298","0.5271","","-0.23%"
"08/29/2018","0.5292","0.5332","0.5341","0.5288","","-0.75%"
"08/28/2018","0.5332","0.5322","0.5337","0.5314","","0.21%"
"08/27/2018","0.5321","0.5317","0.5347","0.5307","","0.09%"
"08/24/2018","0.5316","0.5305","0.5336","0.5282","","0.25%"
"08/23/2018","0.5303","0.5306","0.5309","0.5283","","-0.06%"
"08/22/2018","0.5306","0.5316","0.5326","0.5294","","-0.19%"
"08/21/2018","0.5316","0.5330","0.5351","0.5310","","-0.24%"
"08/20/2018","0.5329","0.5333","0.5363","0.5328","","0.11%"
"08/17/2018","0.5323","0.5334","0.5347","0.5319","","-0.19%"
"08/16/2018","0.5333","0.5312","0.5354","0.5312","","0.41%"
"08/15/2018","0.5311","0.5347","0.5349","0.5309","","-0.71%"
"08/14/2018","0.5349","0.5359","0.5379","0.5346","","-0.19%"
"08/13/2018","0.5359","0.5427","0.5427","0.5357","","-1.25%"
"08/10/2018","0.5427","0.5409","0.5437","0.5385","","0.30%"
"08/09/2018","0.5411","0.5380","0.5415","0.5379","","0.56%"
"08/08/2018","0.5381","0.5384","0.5414","0.5377","","-0.07%"
"08/07/2018","0.5385","0.5406","0.5423","0.5384","","-0.43%"
"08/06/2018","0.5408","0.5403","0.5429","0.5378","","0.17%"
"08/03/2018","0.5399","0.5393","0.5426","0.5364","","0.11%"
"08/02/2018","0.5393","0.5385","0.5413","0.5383","","0.11%"
"08/01/2018","0.5387","0.5384","0.5422","0.5375","","-0.02%"
"07/31/2018","0.5388","0.5381","0.5398","0.5361","","0.22%"
"07/30/2018","0.5376","0.5356","0.5382","0.5340","","0.30%"
"07/27/2018","0.5360","0.5371","0.5390","0.5354","","-0.24%"
"07/26/2018","0.5373","0.5367","0.5397","0.5357","","0.13%"
"07/25/2018","0.5366","0.5377","0.5400","0.5365","","-0.15%"
"07/24/2018","0.5374","0.5369","0.5383","0.5339","","0.11%"
"07/23/2018","0.5368","0.5358","0.5378","0.5337","","0.17%"
"07/20/2018","0.5359","0.5377","0.5393","0.5353","","-0.39%"
"07/19/2018","0.5380","0.5415","0.5419","0.5373","","-0.61%"
"07/18/2018","0.5413","0.5413","0.5433","0.5404","","-0.06%"
"07/17/2018","0.5416","0.5415","0.5438","0.5408","","-0.09%"
"07/16/2018","0.5421","0.5444","0.5464","0.5406","","-0.29%"
"07/13/2018","0.5437","0.5455","0.5472","0.5430","","-0.37%"
"07/12/2018","0.5457","0.5462","0.5488","0.5445","","-0.09%"
"07/11/2018","0.5462","0.5481","0.5488","0.5443","","-0.29%"
"07/10/2018","0.5478","0.5484","0.5498","0.5471","","-0.16%"
"07/09/2018","0.5487","0.5453","0.5494","0.5453","","0.59%"
"07/06/2018","0.5455","0.5486","0.5486","0.5447","","-0.53%"
"07/05/2018","0.5484","0.5501","0.5502","0.5461","","-0.35%"
"07/04/2018","0.5503","0.5494","0.5529","0.5493","","0.15%"
"07/03/2018","0.5495","0.5492","0.5512","0.5460","","0.02%"
"07/02/2018","0.5494","0.5530","0.5531","0.5491","","-0.53%"
"06/29/2018","0.5523","0.5516","0.5537","0.5508","","0.13%"
"06/28/2018","0.5516","0.5521","0.5530","0.5495","","-0.14%"
"06/27/2018","0.5524","0.5530","0.5540","0.5502","","-0.07%"
"06/26/2018","0.5528","0.5534","0.5542","0.5505","","-0.11%"
"06/25/2018","0.5534","0.5544","0.5550","0.5514","","-0.13%"
"06/22/2018","0.5541","0.5578","0.5578","0.5535","","-0.68%"
"06/21/2018","0.5579","0.5595","0.5596","0.5564","","-0.27%"
"06/20/2018","0.5594","0.5599","0.5629","0.5590","","-0.07%"
"06/19/2018","0.5598","0.5657","0.5658","0.5595","","-1.01%"
"06/18/2018","0.5655","0.5627","0.5659","0.5619","","0.46%"
"06/15/2018","0.5629","0.5648","0.5654","0.5617","","-0.35%"
"06/14/2018","0.5649","0.5606","0.5651","0.5604","","0.66%"
"06/13/2018","0.5612","0.5605","0.5633","0.5595","","0.16%"
"06/12/2018","0.5603","0.5578","0.5612","0.5573","","0.48%"
"06/11/2018","0.5576","0.5573","0.5589","0.5568","","0.14%"
"06/08/2018","0.5568","0.5583","0.5585","0.5565","","-0.32%"
"06/07/2018","0.5586","0.5590","0.5597","0.5569","","-0.07%"
"06/06/2018","0.5590","0.5565","0.5597","0.5564","","0.41%"
"06/05/2018","0.5567","0.5557","0.5592","0.5556","","0.05%"
"06/04/2018","0.5564","0.5542","0.5592","0.5538","","0.40%"
"06/01/2018","0.5542","0.5559","0.5567","0.5524","","-0.22%"
"05/31/2018","0.5554","0.5560","0.5584","0.5553","","-0.13%"
"05/30/2018","0.5561","0.5598","0.5601","0.5553","","-0.64%"
"05/29/2018","0.5597","0.5584","0.5615","0.5569","","0.21%"
"05/28/2018","0.5585","0.5569","0.5595","0.5556","","0.20%"
"05/25/2018","0.5574","0.5591","0.5593","0.5546","","-0.25%"
"05/24/2018","0.5588","0.5592","0.5606","0.5582","","-0.07%"
"05/23/2018","0.5592","0.5595","0.5612","0.5579","","-0.02%"
"05/22/2018","0.5593","0.5597","0.5618","0.5583","","-0.07%"
"05/21/2018","0.5597","0.5633","0.5650","0.5597","","-0.60%"
"05/18/2018","0.5631","0.5643","0.5645","0.5624","","-0.21%"
"05/17/2018","0.5643","0.5631","0.5653","0.5607","","0.25%"
"05/16/2018","0.5629","0.5642","0.5658","0.5622","","-0.25%"
"05/15/2018","0.5643","0.5670","0.5671","0.5626","","-0.42%"
"05/14/2018","0.5667","0.5634","0.5673","0.5634","","0.39%"
"05/11/2018","0.5645","0.5608","0.5655","0.5607","","0.55%"
"05/10/2018","0.5614","0.5635","0.5653","0.5595","","-0.34%"
"05/09/2018","0.5633","0.5678","0.5695","0.5622","","-0.81%"
"05/08/2018","0.5679","0.5665","0.5683","0.5642","","0.26%"
"05/07/2018","0.5664","0.5688","0.5704","0.5662","","-0.26%"
"05/04/2018","0.5679","0.5697","0.5713","0.5675","","-0.23%"
"05/03/2018","0.5692","0.5694","0.5727","0.5683","","-0.07%"
"05/02/2018","0.5696","0.5697","0.5705","0.5654","","-0.02%"
"05/01/2018","0.5697","0.5678","0.5722","0.5677","","0.33%"
"04/30/2018","0.5678","0.5663","0.5692","0.5656","","0.23%"
"04/27/2018","0.5665","0.5658","0.5675","0.5649","","0.07%"
"04/26/2018","0.5661","0.5676","0.5690","0.5642","","-0.18%"
"04/25/2018","0.5671","0.5649","0.5692","0.5648","","0.32%"
"04/24/2018","0.5653","0.5615","0.5663","0.5605","","0.69%"
"04/23/2018","0.5614","0.5608","0.5625","0.5599","","0.14%"
"04/20/2018","0.5606","0.5602","0.5622","0.5599","","-0.02%"
"04/19/2018","0.5607","0.5602","0.5613","0.5587","","0.14%"
"04/18/2018","0.5599","0.5592","0.5608","0.5587","","0.14%"
"04/17/2018","0.5591","0.5624","0.5625","0.5587","","-0.53%"
"04/16/2018","0.5621","0.5598","0.5628","0.5569","","0.29%"
"04/13/2018","0.5605","0.5581","0.5623","0.5575","","0.41%"
"04/12/2018","0.5582","0.5596","0.5611","0.5575","","-0.29%"
"04/11/2018","0.5598","0.5573","0.5606","0.5573","","0.45%"
"04/10/2018","0.5573","0.5584","0.5599","0.5566","","-0.14%"
"04/09/2018","0.5581","0.5611","0.5619","0.5575","","-0.50%"
"04/06/2018","0.5609","0.5594","0.5617","0.5590","","0.25%"
"04/05/2018","0.5595","0.5614","0.5618","0.5585","","-0.23%"
"04/04/2018","0.5608","0.5614","0.5625","0.5591","","-0.09%"
"04/03/2018","0.5613","0.5614","0.5627","0.5592","","-0.04%"
"04/02/2018","0.5615","0.5571","0.5616","0.5569","","0.93%"
"03/30/2018","0.5563","0.5572","0.5597","0.5556","","-0.18%"
"03/29/2018","0.5573","0.5568","0.5595","0.5561","","0.09%"
"03/28/2018","0.5568","0.5550","0.5576","0.5542","","0.25%"
"03/27/2018","0.5554","0.5577","0.5600","0.5537","","-0.36%"
"03/26/2018","0.5574","0.5524","0.5584","0.5520","","1.03%"
"03/23/2018","0.5517","0.5498","0.5536","0.5496","","0.42%"
"03/22/2018","0.5494","0.5483","0.5516","0.5481","","0.26%"
"03/21/2018","0.5480","0.5494","0.5537","0.5480","","-0.24%"
"03/20/2018","0.5493","0.5483","0.5506","0.5480","","0.18%"
"03/19/2018","0.5483","0.5454","0.5490","0.5451","","0.48%"
"03/16/2018","0.5457","0.5460","0.5474","0.5454","","-0.05%"
"03/15/2018","0.5460","0.5435","0.5466","0.5424","","0.39%"
"03/14/2018","0.5439","0.5430","0.5442","0.5416","","0.18%"
"03/13/2018","0.5429","0.5442","0.5452","0.5422","","-0.20%"
"03/12/2018","0.5440","0.5434","0.5455","0.5433","","0.00%"
"03/09/2018","0.5440","0.5455","0.5468","0.5424","","-0.24%"
"03/08/2018","0.5453","0.5461","0.5471","0.5437","","-0.22%"
"03/07/2018","0.5465","0.5484","0.5502","0.5454","","-0.27%"
"03/06/2018","0.5480","0.5459","0.5495","0.5451","","0.40%"
"03/05/2018","0.5458","0.5426","0.5474","0.5426","","0.63%"
"03/02/2018","0.5424","0.5454","0.5464","0.5413","","-0.55%"
"03/01/2018","0.5454","0.5490","0.5493","0.5445","","-0.69%"
"02/28/2018","0.5492","0.5514","0.5521","0.5482","","-0.40%"
"02/27/2018","0.5514","0.5510","0.5535","0.5498","","0.00%"
"02/26/2018","0.5514","0.5501","0.5544","0.5501","","0.24%"
"02/23/2018","0.5501","0.5500","0.5516","0.5494","","-0.02%"
"02/22/2018","0.5502","0.5503","0.5517","0.5488","","-0.07%"
"02/21/2018","0.5506","0.5514","0.5526","0.5487","","-0.11%"
"02/20/2018","0.5512","0.5524","0.5535","0.5500","","-0.24%"
"02/19/2018","0.5525","0.5586","0.5587","0.5519","","-1.13%"
"02/16/2018","0.5588","0.5565","0.5595","0.5555","","0.36%"
"02/15/2018","0.5568","0.5549","0.5589","0.5523","","0.32%"
"02/14/2018","0.5550","0.5577","0.5603","0.5545","","-0.47%"
"02/13/2018","0.5576","0.5565","0.5586","0.5541","","0.20%"
"02/12/2018","0.5565","0.5587","0.5601","0.5552","","-0.36%"
"02/09/2018","0.5585","0.5552","0.5621","0.5548","","0.45%"
"02/08/2018","0.5560","0.5574","0.5577","0.5504","","-0.25%"
"02/07/2018","0.5574","0.5544","0.5579","0.5541","","0.58%"
"02/06/2018","0.5542","0.5495","0.5560","0.5490","","0.84%"
"02/05/2018","0.5496","0.5475","0.5504","0.5460","","0.38%"
"02/02/2018","0.5475","0.5443","0.5480","0.5441","","0.53%"
"02/01/2018","0.5446","0.5434","0.5459","0.5420","","0.15%"
"01/31/2018","0.5438","0.5404","0.5443","0.5400","","0.63%"
"01/30/2018","0.5404","0.5362","0.5413","0.5359","","0.76%"
"01/29/2018","0.5363","0.5371","0.5389","0.5360","","-0.02%"
"01/26/2018","0.5364","0.5360","0.5370","0.5347","","-0.07%"
"01/25/2018","0.5368","0.5354","0.5400","0.5345","","0.28%"
"01/24/2018","0.5353","0.5327","0.5362","0.5323","","0.53%"
"01/23/2018","0.5325","0.5335","0.5353","0.5318","","-0.13%"
"01/22/2018","0.5332","0.5332","0.5353","0.5329","","-0.06%"
"01/19/2018","0.5335","0.5326","0.5354","0.5316","","0.23%"
"01/18/2018","0.5323","0.5351","0.5362","0.5314","","-0.52%"
"01/17/2018","0.5351","0.5321","0.5374","0.5320","","0.49%"
"01/16/2018","0.5325","0.5286","0.5334","0.5279","","0.80%"
"01/15/2018","0.5283","0.5259","0.5294","0.5259","","0.55%"
"01/12/2018","0.5254","0.5263","0.5286","0.5251","","-0.17%"
"01/11/2018","0.5263","0.5264","0.5274","0.5253","","-0.04%"
"01/10/2018","0.5265","0.5270","0.5288","0.5256","","-0.13%"
"01/09/2018","0.5272","0.5304","0.5309","0.5267","","-0.60%"
"01/08/2018","0.5304","0.5290","0.5312","0.5284","","0.26%"
"01/05/2018","0.5290","0.5309","0.5324","0.5288","","-0.34%"
"01/04/2018","0.5308","0.5310","0.5320","0.5295","","-0.02%"
"01/03/2018","0.5309","0.5323","0.5333","0.5301","","-0.19%"
"01/02/2018","0.5319","0.5342","0.5353","0.5314","","-0.26%"
"01/01/2018","0.5333","0.5334","0.5336","0.5333","","-0.30%"