record_id	entity	year	source_group	source_file	source_doc	source_page	source_section	row_type	asset_class_raw	asset_class_std	project_id	project_name	metric	value_num	value_text	unit	currency	date_precision	event_date	event_year	event_month	confidence	include_in_k	include_in_productive_k	needs_monthly_timing	notes
HPC_EVT_008	HPC	2010	HPC_BIG_PROJECTS	Haifa_big_projects.csv	Haifa_big_projects.csv		new_terminal	event	berth_infrastructure + STS & RTG cranes + gate/IT	mixed_terminal_infrastructure	HPC_CarmelTerminal_Expansion_2010	New Carmel container terminal (Phase I)	event_amount_nominal	220000.0		NIS_thousands	NIS	year_month	2010-10	2010.0	2010-10	medium	yes	yes	no	amount_status=Approx. HPC share; IPC spent ~₪1.8b on infra | event_type=addition | sources=Wikipedia (Namal Hefa):contentReference[oaicite:119]{index=119}; Calcalist 2009:contentReference[oaicite:120]{index=120} | Major expansion: 700m quay, 16m depth, 273 dunam yard:contentReference[oaicite:121]{index=121}. Opened Oct 2010. IPC built civil works (~₪1.8b):contentReference[oaicite:122]{index=122}, HPC invested in 6 new STS and 12 RTG cranes plus systems (est. ~₪200–250m). Hugely increased Haifa’s container capacity (doubling throughput):contentReference[oaicite:123]{index=123}.
HPC_EVT_009	HPC	2011	HPC_BIG_PROJECTS	Haifa_big_projects.csv	Haifa_big_projects.csv		equipment_procurement	event	service_fleet (ASD tugboat)	service_fleet	HPC_New_Tug_Ilan1_2011	"Purchase tugboat ""Ilan 1"" (70t BP)"	event_amount_nominal	45000.0		NIS_thousands	NIS	year_month	2011-10	2011.0	2011-10	medium	yes	yes	no	amount_status=Approx cost: €9.6m | event_type=addition | sources=Calcalist 22.3.2009:contentReference[oaicite:124]{index=124}; Ynet 2015:contentReference[oaicite:125]{index=125} | Ordered ~2009, delivered 2011: a new powerful escort tug (Ilan 1) for Haifa Port. Cost ~₪45m. Improved capability to berth large vessels. Asset transferred to IPC in 2020 Sea Dept sale.
HPC_EVT_010	HPC	2015	HPC_BIG_PROJECTS	Haifa_big_projects.csv	Haifa_big_projects.csv		equipment_procurement	event	service_fleet (ASD tugboat)	service_fleet	HPC_New_Tug_Elad_2015	"Purchase tugboat ""Elad"" (75t BP)"	event_amount_nominal	43000.0		NIS_thousands	NIS	year_month	2015-11	2015.0	2015-11	high	yes	yes	no	amount_status=Cost ~€10m | event_type=addition | sources=Ynet News 24.11.2015:contentReference[oaicite:126]{index=126} | Second new-generation tug acquired by HPC. Arrived Nov 2015:contentReference[oaicite:127]{index=127}, cost ~₪43m. Augmented Haifa’s fleet for mega-ships (2M alliance):contentReference[oaicite:128]{index=128}. Like Ilan1, left HPC in 2020 sale.
HPC_EVT_004	HPC	2018	HPC_BIG_PROJECTS	Haifa_big_projects.csv	Haifa_big_projects.csv		capital_equipment_upgrade	event	ship_to_shore_cranes + yard_gantry_cranes	cranes	HPC_5STS_4Gantry_Mod_2018	5 STS cranes (Kishon) + Modify 4 yard cranes	event_amount_nominal			NIS_thousands	NIS	year				high	yes	yes	yes	amount_status=No standalone cost disclosed (part of multi-year capex program) | event_type=addition_and_upgrade | sources=HPC Q3 2022 Interim Rep – Note on crane projects | Multi-year crane program: purchase of 5 new STS for Kishon and heightening/extension of 4 RTGs at Carmel. Noted in 2022 after supplier insolvency; project continued under administrator:contentReference[oaicite:113]{index=113}. Cost envelope not stated (~could be >₪100m). Commissioning expected 2022–2024 (phased). Included as major capacity upgrade event.
HPC_RAW_2018_04	HPC	2018	HPC_FINANCIALS_RAW	haifa_financials_raw.tsv	files_privatizations_hifa-port_eng_HaifaPort_FinancialStatment_HPC_2019-eng.pdf	FS position; CF; notes	aggregate_financials_raw	annual_summary		total			admin_dep_amort	4013.0		NIS_thousands	NIS	year		2018.0		medium	yes	yes		
HPC_RAW_2018_02	HPC	2018	HPC_FINANCIALS_RAW	haifa_financials_raw.tsv	files_privatizations_hifa-port_eng_HaifaPort_FinancialStatment_HPC_2019-eng.pdf	FS position; CF; notes	aggregate_financials_raw	annual_summary		total			depr_amort_total_cf_adj	67012.0		NIS_thousands	NIS	year		2018.0		medium	yes	yes		
HPC_RAW_2018_03	HPC	2018	HPC_FINANCIALS_RAW	haifa_financials_raw.tsv	files_privatizations_hifa-port_eng_HaifaPort_FinancialStatment_HPC_2019-eng.pdf	FS position; CF; notes	aggregate_financials_raw	annual_summary		total			operating_depreciation	63370.0		NIS_thousands	NIS	year		2018.0		medium	yes	yes		
HPC_RAW_2018_01	HPC	2018	HPC_FINANCIALS_RAW	haifa_financials_raw.tsv	files_privatizations_hifa-port_eng_HaifaPort_FinancialStatment_HPC_2019-eng.pdf	FS position; CF; notes	aggregate_financials_raw	annual_summary		total			ppe_net_eoy	1163539.0		NIS_thousands	NIS	year		2018.0		medium	yes	yes		
HPC_RAW_2018_07	HPC	2018	HPC_FINANCIALS_RAW	haifa_financials_raw.tsv	files_privatizations_hifa-port_eng_HaifaPort_FinancialStatment_HPC_2019-eng.pdf	FS position; CF; notes	aggregate_financials_raw	annual_summary		total			proceeds_realization_fixed_assets	1759.0		NIS_thousands	NIS	year		2018.0		medium	yes	yes		
HPC_RAW_2018_05	HPC	2018	HPC_FINANCIALS_RAW	haifa_financials_raw.tsv	files_privatizations_hifa-port_eng_HaifaPort_FinancialStatment_HPC_2019-eng.pdf	FS position; CF; notes	aggregate_financials_raw	annual_summary		total			purchase_fixed_assets_cashflow	-30896.0		NIS_thousands	NIS	year		2018.0		medium	yes	yes		
HPC_RAW_2018_06	HPC	2018	HPC_FINANCIALS_RAW	haifa_financials_raw.tsv	files_privatizations_hifa-port_eng_HaifaPort_FinancialStatment_HPC_2019-eng.pdf	FS position; CF; notes	aggregate_financials_raw	annual_summary		total			purchase_intangibles_cashflow	-1113.0		NIS_thousands	NIS	year		2018.0		medium	yes	yes		
HPC_RAW_2019_04	HPC	2019	HPC_FINANCIALS_RAW	haifa_financials_raw.tsv	files_privatizations_hifa-port_eng_HaifaPort_FinancialStatment_HPC_2019-eng.pdf	FS position; CF; notes	aggregate_financials_raw	annual_summary		total			admin_dep_amort	6038.0		NIS_thousands	NIS	year		2019.0		medium	yes	yes		
HPC_RAW_2019_02	HPC	2019	HPC_FINANCIALS_RAW	haifa_financials_raw.tsv	files_privatizations_hifa-port_eng_HaifaPort_FinancialStatment_HPC_2019-eng.pdf	FS position; CF; notes	aggregate_financials_raw	annual_summary		total			depr_amort_total_cf_adj	67739.0		NIS_thousands	NIS	year		2019.0		medium	yes	yes		
HPC_RAW_2019_03	HPC	2019	HPC_FINANCIALS_RAW	haifa_financials_raw.tsv	files_privatizations_hifa-port_eng_HaifaPort_FinancialStatment_HPC_2019-eng.pdf	FS position; CF; notes	aggregate_financials_raw	annual_summary		total			operating_depreciation	61517.0		NIS_thousands	NIS	year		2019.0		medium	yes	yes		
HPC_RAW_2019_01	HPC	2019	HPC_FINANCIALS_RAW	haifa_financials_raw.tsv	files_privatizations_hifa-port_eng_HaifaPort_FinancialStatment_HPC_2019-eng.pdf	FS position; CF; notes	aggregate_financials_raw	annual_summary		total			ppe_net_eoy	1010641.0		NIS_thousands	NIS	year		2019.0		medium	yes	yes		
HPC_RAW_2019_07	HPC	2019	HPC_FINANCIALS_RAW	haifa_financials_raw.tsv	files_privatizations_hifa-port_eng_HaifaPort_FinancialStatment_HPC_2019-eng.pdf	FS position; CF; notes	aggregate_financials_raw	annual_summary		total			proceeds_realization_fixed_assets	1688.0		NIS_thousands	NIS	year		2019.0		medium	yes	yes		
HPC_RAW_2019_05	HPC	2019	HPC_FINANCIALS_RAW	haifa_financials_raw.tsv	files_privatizations_hifa-port_eng_HaifaPort_FinancialStatment_HPC_2019-eng.pdf	FS position; CF; notes	aggregate_financials_raw	annual_summary		total			purchase_fixed_assets_cashflow	-25025.0		NIS_thousands	NIS	year		2019.0		medium	yes	yes		
HPC_RAW_2019_06	HPC	2019	HPC_FINANCIALS_RAW	haifa_financials_raw.tsv	files_privatizations_hifa-port_eng_HaifaPort_FinancialStatment_HPC_2019-eng.pdf	FS position; CF; notes	aggregate_financials_raw	annual_summary		total			purchase_intangibles_cashflow	-1763.0		NIS_thousands	NIS	year		2019.0		medium	yes	yes		
HPC_EVT_001	HPC	2020	HPC_BIG_PROJECTS	Haifa_big_projects.csv	Haifa_big_projects.csv		reactivation_and_infrastructure	event	berth_infrastructure + yard + gate + IT (equipment redeployed)	mixed_terminal_infrastructure	HPC_Kishon_East_Reactivate_2020	Reactivation of Kishon East general-cargo terminal	event_amount_nominal			NIS_thousands	NIS	year_month	2020-11	2020.0	2020-11	low	yes	yes	no	amount_status=Not disclosed separately (bundled in 2020 additions) | event_type=addition | sources=HPC 2020 Annual Report (Hebrew) section on Kishon East; Port2Port 29.11.2020 news | Kishon East basin returned to HPC and reopened for operations in Q4 2020 after infrastructure works:contentReference[oaicite:109]{index=109}. Cost included in 2020 PPE additions (no standalone figure).
HPC_EVT_006	HPC	2020	HPC_BIG_PROJECTS	Haifa_big_projects.csv	Haifa_big_projects.csv		business_divestiture	event	service_fleet + infrastructure + goodwill	marine_assets_disposal	HPC_Sea_Department_Transfer_2020	Transfer of Marine Dept to IPC	event_amount_nominal	180000.0		NIS_thousands	NIS	year_month	2020-11	2020.0	2020-11	medium	yes	yes	no	amount_status=Sale price (approx; IPC payment ~₪180m). Book value of disposed assets TBD. | event_type=disposal | sources=HPC 2020 Annual Report – IPC agreement; HPC 2024 FS Note 1B | Sale of all pilotage/towage operations and assets to IPC, effective Nov 3 2020. IPC paid ~₪180m:contentReference[oaicite:116]{index=116}. Represents a one-time **removal** of HPC capital (tugboats, etc.). For K series, we ultimately want the book value of disposed assets (not the sale price).
HPC_RAW_2020_04	HPC	2020	HPC_FINANCIALS_RAW	haifa_financials_raw.tsv	"חברת נמל חיפה בע""מ הדוח השנתי לשנת 2021.pdf"	Balance sheet; cash-flow; notes	aggregate_financials_raw	annual_summary		total			admin_dep_amort	6565.0		NIS_thousands	NIS	year		2020.0		medium	yes	yes		Historical cost; IFRS (pre-2023 restatement)
HPC_RAW_2020_02	HPC	2020	HPC_FINANCIALS_RAW	haifa_financials_raw.tsv	"חברת נמל חיפה בע""מ הדוח השנתי לשנת 2021.pdf"	Balance sheet; cash-flow; notes	aggregate_financials_raw	annual_summary		total			depr_amort_total_cf_adj	70474.0		NIS_thousands	NIS	year		2020.0		medium	yes	yes		Historical cost; IFRS (pre-2023 restatement)
HPC_RAW_2020_03	HPC	2020	HPC_FINANCIALS_RAW	haifa_financials_raw.tsv	"חברת נמל חיפה בע""מ הדוח השנתי לשנת 2021.pdf"	Balance sheet; cash-flow; notes	aggregate_financials_raw	annual_summary		total			operating_depreciation	63909.0		NIS_thousands	NIS	year		2020.0		medium	yes	yes		Historical cost; IFRS (pre-2023 restatement)
HPC_RAW_2020_01	HPC	2020	HPC_FINANCIALS_RAW	haifa_financials_raw.tsv	"חברת נמל חיפה בע""מ הדוח השנתי לשנת 2021.pdf"	Balance sheet; cash-flow; notes	aggregate_financials_raw	annual_summary		total			ppe_net_eoy	987773.0		NIS_thousands	NIS	year		2020.0		medium	yes	yes		Historical cost; IFRS (pre-2023 restatement)
HPC_RAW_2020_07	HPC	2020	HPC_FINANCIALS_RAW	haifa_financials_raw.tsv	"חברת נמל חיפה בע""מ הדוח השנתי לשנת 2021.pdf"	Balance sheet; cash-flow; notes	aggregate_financials_raw	annual_summary		total			proceeds_realization_fixed_assets	497.0		NIS_thousands	NIS	year		2020.0		medium	yes	yes		Historical cost; IFRS (pre-2023 restatement)
HPC_RAW_2020_05	HPC	2020	HPC_FINANCIALS_RAW	haifa_financials_raw.tsv	"חברת נמל חיפה בע""מ הדוח השנתי לשנת 2021.pdf"	Balance sheet; cash-flow; notes	aggregate_financials_raw	annual_summary		total			purchase_fixed_assets_cashflow	-49285.0		NIS_thousands	NIS	year		2020.0		medium	yes	yes		Historical cost; IFRS (pre-2023 restatement)
HPC_RAW_2020_06	HPC	2020	HPC_FINANCIALS_RAW	haifa_financials_raw.tsv	"חברת נמל חיפה בע""מ הדוח השנתי לשנת 2021.pdf"	Balance sheet; cash-flow; notes	aggregate_financials_raw	annual_summary		total			purchase_intangibles_cashflow	-4316.0		NIS_thousands	NIS	year		2020.0		medium	yes	yes		Historical cost; IFRS (pre-2023 restatement)
HPC_EVT_002	HPC	2021	HPC_BIG_PROJECTS	Haifa_big_projects.csv	Haifa_big_projects.csv		berth_rehabilitation	event	berth_infrastructure	berth_infrastructure	HPC_Kishon_West_Rehab_2021	Structural rehabilitation of Kishon West pier	event_amount_nominal	30000.0		NIS_thousands	NIS	year_month	2021-03		2021-03	medium	yes	yes	yes	amount_status=Estimated HPC share of total project cost | event_type=addition | sources=IPC 2022 Annual Report (Hebrew) p.X; HPC 2024 FS Note 25A | Joint IPC-HPC project to reinforce Kishon West pier (Mar 2021–Dec 2025). Total ~₪64m+VAT; HPC share ~₪25–30m:contentReference[oaicite:110]{index=110}. As of 2024, ~₪3.5m still uncapitalized:contentReference[oaicite:111]{index=111}. Commission upon completion (~Q4 2025).
HPC_RAW_2021_04	HPC	2021	HPC_FINANCIALS_RAW	haifa_financials_raw.tsv	"חברת נמל חיפה בע""מ הדוח השנתי לשנת 2021.pdf"	Balance sheet; cash-flow; notes	aggregate_financials_raw	annual_summary		total			admin_dep_amort	6440.0		NIS_thousands	NIS	year		2021.0		medium	yes	yes		Historical cost; IFRS (pre-2023 restatement)
HPC_RAW_2021_02	HPC	2021	HPC_FINANCIALS_RAW	haifa_financials_raw.tsv	"חברת נמל חיפה בע""מ הדוח השנתי לשנת 2021.pdf"	Balance sheet; cash-flow; notes	aggregate_financials_raw	annual_summary		total			depr_amort_total_cf_adj	72280.0		NIS_thousands	NIS	year		2021.0		medium	yes	yes		Historical cost; IFRS (pre-2023 restatement)
HPC_RAW_2021_03	HPC	2021	HPC_FINANCIALS_RAW	haifa_financials_raw.tsv	"חברת נמל חיפה בע""מ הדוח השנתי לשנת 2021.pdf"	Balance sheet; cash-flow; notes	aggregate_financials_raw	annual_summary		total			operating_depreciation	65611.0		NIS_thousands	NIS	year		2021.0		medium	yes	yes		Historical cost; IFRS (pre-2023 restatement)
HPC_RAW_2021_01	HPC	2021	HPC_FINANCIALS_RAW	haifa_financials_raw.tsv	"חברת נמל חיפה בע""מ הדוח השנתי לשנת 2021.pdf"	Balance sheet; cash-flow; notes	aggregate_financials_raw	annual_summary		total			ppe_net_eoy	998346.0		NIS_thousands	NIS	year		2021.0		medium	yes	yes		Historical cost; IFRS (pre-2023 restatement)
HPC_RAW_2021_07	HPC	2021	HPC_FINANCIALS_RAW	haifa_financials_raw.tsv	"חברת נמל חיפה בע""מ הדוח השנתי לשנת 2021.pdf"	Balance sheet; cash-flow; notes	aggregate_financials_raw	annual_summary		total			proceeds_realization_fixed_assets	0.0		NIS_thousands	NIS	year		2021.0		medium	yes	yes		Historical cost; IFRS (pre-2023 restatement)
HPC_RAW_2021_05	HPC	2021	HPC_FINANCIALS_RAW	haifa_financials_raw.tsv	"חברת נמל חיפה בע""מ הדוח השנתי לשנת 2021.pdf"	Balance sheet; cash-flow; notes	aggregate_financials_raw	annual_summary		total			purchase_fixed_assets_cashflow	-75222.0		NIS_thousands	NIS	year		2021.0		medium	yes	yes		Historical cost; IFRS (pre-2023 restatement)
HPC_RAW_2021_06	HPC	2021	HPC_FINANCIALS_RAW	haifa_financials_raw.tsv	"חברת נמל חיפה בע""מ הדוח השנתי לשנת 2021.pdf"	Balance sheet; cash-flow; notes	aggregate_financials_raw	annual_summary		total			purchase_intangibles_cashflow	-2642.0		NIS_thousands	NIS	year		2021.0		medium	yes	yes		Historical cost; IFRS (pre-2023 restatement)
HPC_EVT_005	HPC	2022	HPC_BIG_PROJECTS	Haifa_big_projects.csv	Haifa_big_projects.csv		temporary_facility (leased)	event	leased_operating_equipment (not PPE)	leased_operating_equipment	HPC_Temporary_Passenger_Terminal_2022	Temporary cruise terminal (structural issues)	event_amount_nominal	8800.0		NIS_thousands	NIS	year_month	2022-04	2022.0	2022-04	high	no	no	no	amount_status=Expense (lease; not capitalized) | event_type=operating_project_not_PPE | sources=HPC 2022 Q1/Q3 Reports – material events | After structural faults found in main terminal, a temporary facility was set up nearby in 2022. Estimated cost ~₪7–8.8m:contentReference[oaicite:114]{index=114}:contentReference[oaicite:115]{index=115} as operating expense (equipment rental), not capitalized. Included here for record, but **excluded from K stock**.
HPC_RAW_2022_01	HPC	2022	HPC_FINANCIALS_RAW	haifa_financials_raw.tsv	Haifa Port Company Ltd.pdf	Note 8 opening balances	aggregate_financials_raw	annual_summary		total			ppe_net_eoy	1006064.0		NIS_thousands	NIS	year		2022.0		medium	yes	yes		Historical cost PPE; opening balances from Note 8
HPC_NOTE8_2023_CRANES_accdep_changes_assets_held_for_sale	HPC	2023	HPC_2024_AR	Haifa Port Company Ltd.pdf	Haifa Port Company Ltd. 2024 annual report	48.0	Note 8 Fixed assets, net	ppe_rollforward	Cranes	cranes			accdep_changes_assets_held_for_sale	0.0		NIS_thousands	NIS	year		2023.0		high	yes	yes		Manual extraction from Note 8 table.
HPC_NOTE8_2023_CRANES_accdep_close	HPC	2023	HPC_2024_AR	Haifa Port Company Ltd.pdf	Haifa Port Company Ltd. 2024 annual report	48.0	Note 8 Fixed assets, net	ppe_rollforward	Cranes	cranes			accdep_close	516497.0		NIS_thousands	NIS	year		2023.0		high	yes	yes		Manual extraction from Note 8 table.
HPC_NOTE8_2023_CRANES_accdep_open	HPC	2023	HPC_2024_AR	Haifa Port Company Ltd.pdf	Haifa Port Company Ltd. 2024 annual report	48.0	Note 8 Fixed assets, net	ppe_rollforward	Cranes	cranes			accdep_open	618490.0		NIS_thousands	NIS	year		2023.0		high	yes	yes		Manual extraction from Note 8 table.
HPC_NOTE8_2023_CRANES_accdep_redemptions_derecognitions_transfers	HPC	2023	HPC_2024_AR	Haifa Port Company Ltd.pdf	Haifa Port Company Ltd. 2024 annual report	48.0	Note 8 Fixed assets, net	ppe_rollforward	Cranes	cranes			accdep_redemptions_derecognitions_transfers	-138227.0		NIS_thousands	NIS	year		2023.0		high	yes	yes		Manual extraction from Note 8 table.
HPC_NOTE8_2023_CRANES_accdep_terminated_leases_derecognition	HPC	2023	HPC_2024_AR	Haifa Port Company Ltd.pdf	Haifa Port Company Ltd. 2024 annual report	48.0	Note 8 Fixed assets, net	ppe_rollforward	Cranes	cranes			accdep_terminated_leases_derecognition	0.0		NIS_thousands	NIS	year		2023.0		high	yes	yes		Manual extraction from Note 8 table.
HPC_NOTE8_2023_CRANES_changes_assets_held_for_sale	HPC	2023	HPC_2024_AR	Haifa Port Company Ltd.pdf	Haifa Port Company Ltd. 2024 annual report	48.0	Note 8 Fixed assets, net	ppe_rollforward	Cranes	cranes			changes_assets_held_for_sale	0.0		NIS_thousands	NIS	year		2023.0		high	yes	yes		Manual extraction from Note 8 table.
HPC_NOTE8_2023_CRANES_cost_close	HPC	2023	HPC_2024_AR	Haifa Port Company Ltd.pdf	Haifa Port Company Ltd. 2024 annual report	48.0	Note 8 Fixed assets, net	ppe_rollforward	Cranes	cranes			cost_close	1251787.0		NIS_thousands	NIS	year		2023.0		high	yes	yes		Manual extraction from Note 8 table.
HPC_NOTE8_2023_CRANES_cost_open	HPC	2023	HPC_2024_AR	Haifa Port Company Ltd.pdf	Haifa Port Company Ltd. 2024 annual report	48.0	Note 8 Fixed assets, net	ppe_rollforward	Cranes	cranes			cost_open	1331134.0		NIS_thousands	NIS	year		2023.0		high	yes	yes		Manual extraction from Note 8 table.
HPC_NOTE8_2023_CRANES_depreciation_expense	HPC	2023	HPC_2024_AR	Haifa Port Company Ltd.pdf	Haifa Port Company Ltd. 2024 annual report	48.0	Note 8 Fixed assets, net	ppe_rollforward	Cranes	cranes			depreciation_expense	36234.0		NIS_thousands	NIS	year		2023.0		high	yes	yes		Manual extraction from Note 8 table.
HPC_NOTE8_2023_CRANES_impairment_change	HPC	2023	HPC_2024_AR	Haifa Port Company Ltd.pdf	Haifa Port Company Ltd. 2024 annual report	48.0	Note 8 Fixed assets, net	ppe_rollforward	Cranes	cranes			impairment_change	7324.0		NIS_thousands	NIS	year		2023.0		high	yes	yes		Manual extraction from Note 8 table.
HPC_NOTE8_2023_CRANES_nbv_close	HPC	2023	HPC_2024_AR	Haifa Port Company Ltd.pdf	Haifa Port Company Ltd. 2024 annual report	48.0	Note 8 Fixed assets, net	ppe_rollforward	Cranes	cranes			nbv_close	735290.0		NIS_thousands	NIS	year		2023.0		high	yes	yes		Manual extraction from Note 8 table.
HPC_NOTE8_2023_CRANES_new_leases_additions	HPC	2023	HPC_2024_AR	Haifa Port Company Ltd.pdf	Haifa Port Company Ltd. 2024 annual report	48.0	Note 8 Fixed assets, net	ppe_rollforward	Cranes	cranes			new_leases_additions	0.0		NIS_thousands	NIS	year		2023.0		high	yes	yes	yes	Manual extraction from Note 8 table.
HPC_NOTE8_2023_CRANES_purchases	HPC	2023	HPC_2024_AR	Haifa Port Company Ltd.pdf	Haifa Port Company Ltd. 2024 annual report	48.0	Note 8 Fixed assets, net	ppe_rollforward	Cranes	cranes			purchases	58517.0		NIS_thousands	NIS	year		2023.0		high	yes	yes	yes	Manual extraction from Note 8 table.
HPC_NOTE8_2023_CRANES_realizations_derecognitions_transfers	HPC	2023	HPC_2024_AR	Haifa Port Company Ltd.pdf	Haifa Port Company Ltd. 2024 annual report	48.0	Note 8 Fixed assets, net	ppe_rollforward	Cranes	cranes			realizations_derecognitions_transfers	-145188.0		NIS_thousands	NIS	year		2023.0		high	yes	yes	yes	Manual extraction from Note 8 table.
HPC_NOTE8_2023_CRANES_terminated_leases_derecognition	HPC	2023	HPC_2024_AR	Haifa Port Company Ltd.pdf	Haifa Port Company Ltd. 2024 annual report	48.0	Note 8 Fixed assets, net	ppe_rollforward	Cranes	cranes			terminated_leases_derecognition	0.0		NIS_thousands	NIS	year		2023.0		high	yes	yes		Manual extraction from Note 8 table.
HPC_NOTE8_2023_INFRASTRUCTU_accdep_changes_assets_held_for_sale	HPC	2023	HPC_2024_AR	Haifa Port Company Ltd.pdf	Haifa Port Company Ltd. 2024 annual report	48.0	Note 8 Fixed assets, net	ppe_rollforward	Infrastructure and buildings	infrastructure_buildings			accdep_changes_assets_held_for_sale	0.0		NIS_thousands	NIS	year		2023.0		high	yes	yes		Manual extraction from Note 8 table.
HPC_NOTE8_2023_INFRASTRUCTU_accdep_close	HPC	2023	HPC_2024_AR	Haifa Port Company Ltd.pdf	Haifa Port Company Ltd. 2024 annual report	48.0	Note 8 Fixed assets, net	ppe_rollforward	Infrastructure and buildings	infrastructure_buildings			accdep_close	111452.0		NIS_thousands	NIS	year		2023.0		high	yes	yes		Manual extraction from Note 8 table.
HPC_NOTE8_2023_INFRASTRUCTU_accdep_open	HPC	2023	HPC_2024_AR	Haifa Port Company Ltd.pdf	Haifa Port Company Ltd. 2024 annual report	48.0	Note 8 Fixed assets, net	ppe_rollforward	Infrastructure and buildings	infrastructure_buildings			accdep_open	98959.0		NIS_thousands	NIS	year		2023.0		high	yes	yes		Manual extraction from Note 8 table.
HPC_NOTE8_2023_INFRASTRUCTU_accdep_redemptions_derecognitions_transfers	HPC	2023	HPC_2024_AR	Haifa Port Company Ltd.pdf	Haifa Port Company Ltd. 2024 annual report	48.0	Note 8 Fixed assets, net	ppe_rollforward	Infrastructure and buildings	infrastructure_buildings			accdep_redemptions_derecognitions_transfers	0.0		NIS_thousands	NIS	year		2023.0		high	yes	yes		Manual extraction from Note 8 table.
HPC_NOTE8_2023_INFRASTRUCTU_accdep_terminated_leases_derecognition	HPC	2023	HPC_2024_AR	Haifa Port Company Ltd.pdf	Haifa Port Company Ltd. 2024 annual report	48.0	Note 8 Fixed assets, net	ppe_rollforward	Infrastructure and buildings	infrastructure_buildings			accdep_terminated_leases_derecognition	0.0		NIS_thousands	NIS	year		2023.0		high	yes	yes		Manual extraction from Note 8 table.
HPC_NOTE8_2023_INFRASTRUCTU_changes_assets_held_for_sale	HPC	2023	HPC_2024_AR	Haifa Port Company Ltd.pdf	Haifa Port Company Ltd. 2024 annual report	48.0	Note 8 Fixed assets, net	ppe_rollforward	Infrastructure and buildings	infrastructure_buildings			changes_assets_held_for_sale	0.0		NIS_thousands	NIS	year		2023.0		high	yes	yes		Manual extraction from Note 8 table.
HPC_NOTE8_2023_INFRASTRUCTU_cost_close	HPC	2023	HPC_2024_AR	Haifa Port Company Ltd.pdf	Haifa Port Company Ltd. 2024 annual report	48.0	Note 8 Fixed assets, net	ppe_rollforward	Infrastructure and buildings	infrastructure_buildings			cost_close	273233.0		NIS_thousands	NIS	year		2023.0		high	yes	yes		Manual extraction from Note 8 table.
HPC_NOTE8_2023_INFRASTRUCTU_cost_open	HPC	2023	HPC_2024_AR	Haifa Port Company Ltd.pdf	Haifa Port Company Ltd. 2024 annual report	48.0	Note 8 Fixed assets, net	ppe_rollforward	Infrastructure and buildings	infrastructure_buildings			cost_open	251760.0		NIS_thousands	NIS	year		2023.0		high	yes	yes		Manual extraction from Note 8 table.
HPC_NOTE8_2023_INFRASTRUCTU_depreciation_expense	HPC	2023	HPC_2024_AR	Haifa Port Company Ltd.pdf	Haifa Port Company Ltd. 2024 annual report	48.0	Note 8 Fixed assets, net	ppe_rollforward	Infrastructure and buildings	infrastructure_buildings			depreciation_expense	12493.0		NIS_thousands	NIS	year		2023.0		high	yes	yes		Manual extraction from Note 8 table.
HPC_NOTE8_2023_INFRASTRUCTU_impairment_change	HPC	2023	HPC_2024_AR	Haifa Port Company Ltd.pdf	Haifa Port Company Ltd. 2024 annual report	48.0	Note 8 Fixed assets, net	ppe_rollforward	Infrastructure and buildings	infrastructure_buildings			impairment_change	0.0		NIS_thousands	NIS	year		2023.0		high	yes	yes		Manual extraction from Note 8 table.
HPC_NOTE8_2023_INFRASTRUCTU_nbv_close	HPC	2023	HPC_2024_AR	Haifa Port Company Ltd.pdf	Haifa Port Company Ltd. 2024 annual report	48.0	Note 8 Fixed assets, net	ppe_rollforward	Infrastructure and buildings	infrastructure_buildings			nbv_close	161781.0		NIS_thousands	NIS	year		2023.0		high	yes	yes		Manual extraction from Note 8 table.
HPC_NOTE8_2023_INFRASTRUCTU_new_leases_additions	HPC	2023	HPC_2024_AR	Haifa Port Company Ltd.pdf	Haifa Port Company Ltd. 2024 annual report	48.0	Note 8 Fixed assets, net	ppe_rollforward	Infrastructure and buildings	infrastructure_buildings			new_leases_additions	0.0		NIS_thousands	NIS	year		2023.0		high	yes	yes	yes	Manual extraction from Note 8 table.
HPC_NOTE8_2023_INFRASTRUCTU_purchases	HPC	2023	HPC_2024_AR	Haifa Port Company Ltd.pdf	Haifa Port Company Ltd. 2024 annual report	48.0	Note 8 Fixed assets, net	ppe_rollforward	Infrastructure and buildings	infrastructure_buildings			purchases	21473.0		NIS_thousands	NIS	year		2023.0		high	yes	yes	yes	Manual extraction from Note 8 table.
HPC_NOTE8_2023_INFRASTRUCTU_realizations_derecognitions_transfers	HPC	2023	HPC_2024_AR	Haifa Port Company Ltd.pdf	Haifa Port Company Ltd. 2024 annual report	48.0	Note 8 Fixed assets, net	ppe_rollforward	Infrastructure and buildings	infrastructure_buildings			realizations_derecognitions_transfers	0.0		NIS_thousands	NIS	year		2023.0		high	yes	yes	yes	Manual extraction from Note 8 table.
HPC_NOTE8_2023_INFRASTRUCTU_terminated_leases_derecognition	HPC	2023	HPC_2024_AR	Haifa Port Company Ltd.pdf	Haifa Port Company Ltd. 2024 annual report	48.0	Note 8 Fixed assets, net	ppe_rollforward	Infrastructure and buildings	infrastructure_buildings			terminated_leases_derecognition	0.0		NIS_thousands	NIS	year		2023.0		high	yes	yes		Manual extraction from Note 8 table.
HPC_NOTE8_2023_OTHEROPERATI_accdep_changes_assets_held_for_sale	HPC	2023	HPC_2024_AR	Haifa Port Company Ltd.pdf	Haifa Port Company Ltd. 2024 annual report	48.0	Note 8 Fixed assets, net	ppe_rollforward	Other operational equipment	other_operational_equipment			accdep_changes_assets_held_for_sale	-27523.0		NIS_thousands	NIS	year		2023.0		high	yes	yes		Manual extraction from Note 8 table.
HPC_NOTE8_2023_OTHEROPERATI_accdep_close	HPC	2023	HPC_2024_AR	Haifa Port Company Ltd.pdf	Haifa Port Company Ltd. 2024 annual report	48.0	Note 8 Fixed assets, net	ppe_rollforward	Other operational equipment	other_operational_equipment			accdep_close	186956.0		NIS_thousands	NIS	year		2023.0		high	yes	yes		Manual extraction from Note 8 table.
HPC_NOTE8_2023_OTHEROPERATI_accdep_open	HPC	2023	HPC_2024_AR	Haifa Port Company Ltd.pdf	Haifa Port Company Ltd. 2024 annual report	48.0	Note 8 Fixed assets, net	ppe_rollforward	Other operational equipment	other_operational_equipment			accdep_open	203913.0		NIS_thousands	NIS	year		2023.0		high	yes	yes		Manual extraction from Note 8 table.
HPC_NOTE8_2023_OTHEROPERATI_accdep_redemptions_derecognitions_transfers	HPC	2023	HPC_2024_AR	Haifa Port Company Ltd.pdf	Haifa Port Company Ltd. 2024 annual report	48.0	Note 8 Fixed assets, net	ppe_rollforward	Other operational equipment	other_operational_equipment			accdep_redemptions_derecognitions_transfers	-2383.0		NIS_thousands	NIS	year		2023.0		high	yes	yes		Manual extraction from Note 8 table.
HPC_NOTE8_2023_OTHEROPERATI_accdep_terminated_leases_derecognition	HPC	2023	HPC_2024_AR	Haifa Port Company Ltd.pdf	Haifa Port Company Ltd. 2024 annual report	48.0	Note 8 Fixed assets, net	ppe_rollforward	Other operational equipment	other_operational_equipment			accdep_terminated_leases_derecognition	0.0		NIS_thousands	NIS	year		2023.0		high	yes	yes		Manual extraction from Note 8 table.
HPC_NOTE8_2023_OTHEROPERATI_changes_assets_held_for_sale	HPC	2023	HPC_2024_AR	Haifa Port Company Ltd.pdf	Haifa Port Company Ltd. 2024 annual report	48.0	Note 8 Fixed assets, net	ppe_rollforward	Other operational equipment	other_operational_equipment			changes_assets_held_for_sale	-27523.0		NIS_thousands	NIS	year		2023.0		high	yes	yes		Manual extraction from Note 8 table.
HPC_NOTE8_2023_OTHEROPERATI_cost_close	HPC	2023	HPC_2024_AR	Haifa Port Company Ltd.pdf	Haifa Port Company Ltd. 2024 annual report	48.0	Note 8 Fixed assets, net	ppe_rollforward	Other operational equipment	other_operational_equipment			cost_close	257373.0		NIS_thousands	NIS	year		2023.0		high	yes	yes		Manual extraction from Note 8 table.
HPC_NOTE8_2023_OTHEROPERATI_cost_open	HPC	2023	HPC_2024_AR	Haifa Port Company Ltd.pdf	Haifa Port Company Ltd. 2024 annual report	48.0	Note 8 Fixed assets, net	ppe_rollforward	Other operational equipment	other_operational_equipment			cost_open	274149.0		NIS_thousands	NIS	year		2023.0		high	yes	yes		Manual extraction from Note 8 table.
HPC_NOTE8_2023_OTHEROPERATI_depreciation_expense	HPC	2023	HPC_2024_AR	Haifa Port Company Ltd.pdf	Haifa Port Company Ltd. 2024 annual report	48.0	Note 8 Fixed assets, net	ppe_rollforward	Other operational equipment	other_operational_equipment			depreciation_expense	12949.0		NIS_thousands	NIS	year		2023.0		high	yes	yes		Manual extraction from Note 8 table.
HPC_NOTE8_2023_OTHEROPERATI_impairment_change	HPC	2023	HPC_2024_AR	Haifa Port Company Ltd.pdf	Haifa Port Company Ltd. 2024 annual report	48.0	Note 8 Fixed assets, net	ppe_rollforward	Other operational equipment	other_operational_equipment			impairment_change	0.0		NIS_thousands	NIS	year		2023.0		high	yes	yes		Manual extraction from Note 8 table.
HPC_NOTE8_2023_OTHEROPERATI_nbv_close	HPC	2023	HPC_2024_AR	Haifa Port Company Ltd.pdf	Haifa Port Company Ltd. 2024 annual report	48.0	Note 8 Fixed assets, net	ppe_rollforward	Other operational equipment	other_operational_equipment			nbv_close	70417.0		NIS_thousands	NIS	year		2023.0		high	yes	yes		Manual extraction from Note 8 table.
HPC_NOTE8_2023_OTHEROPERATI_new_leases_additions	HPC	2023	HPC_2024_AR	Haifa Port Company Ltd.pdf	Haifa Port Company Ltd. 2024 annual report	48.0	Note 8 Fixed assets, net	ppe_rollforward	Other operational equipment	other_operational_equipment			new_leases_additions	0.0		NIS_thousands	NIS	year		2023.0		high	yes	yes	yes	Manual extraction from Note 8 table.
HPC_NOTE8_2023_OTHEROPERATI_purchases	HPC	2023	HPC_2024_AR	Haifa Port Company Ltd.pdf	Haifa Port Company Ltd. 2024 annual report	48.0	Note 8 Fixed assets, net	ppe_rollforward	Other operational equipment	other_operational_equipment			purchases	12752.0		NIS_thousands	NIS	year		2023.0		high	yes	yes	yes	Manual extraction from Note 8 table.
HPC_NOTE8_2023_OTHEROPERATI_realizations_derecognitions_transfers	HPC	2023	HPC_2024_AR	Haifa Port Company Ltd.pdf	Haifa Port Company Ltd. 2024 annual report	48.0	Note 8 Fixed assets, net	ppe_rollforward	Other operational equipment	other_operational_equipment			realizations_derecognitions_transfers	-2005.0		NIS_thousands	NIS	year		2023.0		high	yes	yes	yes	Manual extraction from Note 8 table.
HPC_NOTE8_2023_OTHEROPERATI_terminated_leases_derecognition	HPC	2023	HPC_2024_AR	Haifa Port Company Ltd.pdf	Haifa Port Company Ltd. 2024 annual report	48.0	Note 8 Fixed assets, net	ppe_rollforward	Other operational equipment	other_operational_equipment			terminated_leases_derecognition	0.0		NIS_thousands	NIS	year		2023.0		high	yes	yes		Manual extraction from Note 8 table.
HPC_NOTE8_2023_RIGHTOFUSEAS_accdep_changes_assets_held_for_sale	HPC	2023	HPC_2024_AR	Haifa Port Company Ltd.pdf	Haifa Port Company Ltd. 2024 annual report	48.0	Note 8 Fixed assets, net	ppe_rollforward	Right of Use asset	right_of_use_assets			accdep_changes_assets_held_for_sale	0.0		NIS_thousands	NIS	year		2023.0		high	yes	yes		Manual extraction from Note 8 table.
HPC_NOTE8_2023_RIGHTOFUSEAS_accdep_close	HPC	2023	HPC_2024_AR	Haifa Port Company Ltd.pdf	Haifa Port Company Ltd. 2024 annual report	48.0	Note 8 Fixed assets, net	ppe_rollforward	Right of Use asset	right_of_use_assets			accdep_close	4053.0		NIS_thousands	NIS	year		2023.0		high	yes	yes		Manual extraction from Note 8 table.
HPC_NOTE8_2023_RIGHTOFUSEAS_accdep_open	HPC	2023	HPC_2024_AR	Haifa Port Company Ltd.pdf	Haifa Port Company Ltd. 2024 annual report	48.0	Note 8 Fixed assets, net	ppe_rollforward	Right of Use asset	right_of_use_assets			accdep_open	5578.0		NIS_thousands	NIS	year		2023.0		high	yes	yes		Manual extraction from Note 8 table.
HPC_NOTE8_2023_RIGHTOFUSEAS_accdep_redemptions_derecognitions_transfers	HPC	2023	HPC_2024_AR	Haifa Port Company Ltd.pdf	Haifa Port Company Ltd. 2024 annual report	48.0	Note 8 Fixed assets, net	ppe_rollforward	Right of Use asset	right_of_use_assets			accdep_redemptions_derecognitions_transfers	0.0		NIS_thousands	NIS	year		2023.0		high	yes	yes		Manual extraction from Note 8 table.
HPC_NOTE8_2023_RIGHTOFUSEAS_accdep_terminated_leases_derecognition	HPC	2023	HPC_2024_AR	Haifa Port Company Ltd.pdf	Haifa Port Company Ltd. 2024 annual report	48.0	Note 8 Fixed assets, net	ppe_rollforward	Right of Use asset	right_of_use_assets			accdep_terminated_leases_derecognition	-4647.0		NIS_thousands	NIS	year		2023.0		high	yes	yes		Manual extraction from Note 8 table.
HPC_NOTE8_2023_RIGHTOFUSEAS_changes_assets_held_for_sale	HPC	2023	HPC_2024_AR	Haifa Port Company Ltd.pdf	Haifa Port Company Ltd. 2024 annual report	48.0	Note 8 Fixed assets, net	ppe_rollforward	Right of Use asset	right_of_use_assets			changes_assets_held_for_sale	0.0		NIS_thousands	NIS	year		2023.0		high	yes	yes		Manual extraction from Note 8 table.
HPC_NOTE8_2023_RIGHTOFUSEAS_cost_close	HPC	2023	HPC_2024_AR	Haifa Port Company Ltd.pdf	Haifa Port Company Ltd. 2024 annual report	48.0	Note 8 Fixed assets, net	ppe_rollforward	Right of Use asset	right_of_use_assets			cost_close	10477.0		NIS_thousands	NIS	year		2023.0		high	yes	yes		Manual extraction from Note 8 table.
HPC_NOTE8_2023_RIGHTOFUSEAS_cost_open	HPC	2023	HPC_2024_AR	Haifa Port Company Ltd.pdf	Haifa Port Company Ltd. 2024 annual report	48.0	Note 8 Fixed assets, net	ppe_rollforward	Right of Use asset	right_of_use_assets			cost_open	8323.0		NIS_thousands	NIS	year		2023.0		high	yes	yes		Manual extraction from Note 8 table.
HPC_NOTE8_2023_RIGHTOFUSEAS_depreciation_expense	HPC	2023	HPC_2024_AR	Haifa Port Company Ltd.pdf	Haifa Port Company Ltd. 2024 annual report	48.0	Note 8 Fixed assets, net	ppe_rollforward	Right of Use asset	right_of_use_assets			depreciation_expense	3122.0		NIS_thousands	NIS	year		2023.0		high	yes	yes		Manual extraction from Note 8 table.
HPC_NOTE8_2023_RIGHTOFUSEAS_impairment_change	HPC	2023	HPC_2024_AR	Haifa Port Company Ltd.pdf	Haifa Port Company Ltd. 2024 annual report	48.0	Note 8 Fixed assets, net	ppe_rollforward	Right of Use asset	right_of_use_assets			impairment_change	0.0		NIS_thousands	NIS	year		2023.0		high	yes	yes		Manual extraction from Note 8 table.
HPC_NOTE8_2023_RIGHTOFUSEAS_nbv_close	HPC	2023	HPC_2024_AR	Haifa Port Company Ltd.pdf	Haifa Port Company Ltd. 2024 annual report	48.0	Note 8 Fixed assets, net	ppe_rollforward	Right of Use asset	right_of_use_assets			nbv_close	6424.0		NIS_thousands	NIS	year		2023.0		high	yes	yes		Manual extraction from Note 8 table.
HPC_NOTE8_2023_RIGHTOFUSEAS_new_leases_additions	HPC	2023	HPC_2024_AR	Haifa Port Company Ltd.pdf	Haifa Port Company Ltd. 2024 annual report	48.0	Note 8 Fixed assets, net	ppe_rollforward	Right of Use asset	right_of_use_assets			new_leases_additions	7071.0		NIS_thousands	NIS	year		2023.0		high	yes	yes	yes	Manual extraction from Note 8 table.
HPC_NOTE8_2023_RIGHTOFUSEAS_purchases	HPC	2023	HPC_2024_AR	Haifa Port Company Ltd.pdf	Haifa Port Company Ltd. 2024 annual report	48.0	Note 8 Fixed assets, net	ppe_rollforward	Right of Use asset	right_of_use_assets			purchases	0.0		NIS_thousands	NIS	year		2023.0		high	yes	yes	yes	Manual extraction from Note 8 table.
HPC_NOTE8_2023_RIGHTOFUSEAS_realizations_derecognitions_transfers	HPC	2023	HPC_2024_AR	Haifa Port Company Ltd.pdf	Haifa Port Company Ltd. 2024 annual report	48.0	Note 8 Fixed assets, net	ppe_rollforward	Right of Use asset	right_of_use_assets			realizations_derecognitions_transfers	0.0		NIS_thousands	NIS	year		2023.0		high	yes	yes	yes	Manual extraction from Note 8 table.
HPC_NOTE8_2023_RIGHTOFUSEAS_terminated_leases_derecognition	HPC	2023	HPC_2024_AR	Haifa Port Company Ltd.pdf	Haifa Port Company Ltd. 2024 annual report	48.0	Note 8 Fixed assets, net	ppe_rollforward	Right of Use asset	right_of_use_assets			terminated_leases_derecognition	-4917.0		NIS_thousands	NIS	year		2023.0		high	yes	yes		Manual extraction from Note 8 table.
HPC_NOTE8_2023_SPAREPARTSIN_accdep_changes_assets_held_for_sale	HPC	2023	HPC_2024_AR	Haifa Port Company Ltd.pdf	Haifa Port Company Ltd. 2024 annual report	48.0	Note 8 Fixed assets, net	ppe_rollforward	Spare parts inventory	spare_parts_inventory			accdep_changes_assets_held_for_sale	0.0		NIS_thousands	NIS	year		2023.0		high	yes	yes		Manual extraction from Note 8 table.
HPC_NOTE8_2023_SPAREPARTSIN_accdep_close	HPC	2023	HPC_2024_AR	Haifa Port Company Ltd.pdf	Haifa Port Company Ltd. 2024 annual report	48.0	Note 8 Fixed assets, net	ppe_rollforward	Spare parts inventory	spare_parts_inventory			accdep_close	12529.0		NIS_thousands	NIS	year		2023.0		high	yes	yes		Manual extraction from Note 8 table.
HPC_NOTE8_2023_SPAREPARTSIN_accdep_open	HPC	2023	HPC_2024_AR	Haifa Port Company Ltd.pdf	Haifa Port Company Ltd. 2024 annual report	48.0	Note 8 Fixed assets, net	ppe_rollforward	Spare parts inventory	spare_parts_inventory			accdep_open	11637.0		NIS_thousands	NIS	year		2023.0		high	yes	yes		Manual extraction from Note 8 table.
HPC_NOTE8_2023_SPAREPARTSIN_accdep_redemptions_derecognitions_transfers	HPC	2023	HPC_2024_AR	Haifa Port Company Ltd.pdf	Haifa Port Company Ltd. 2024 annual report	48.0	Note 8 Fixed assets, net	ppe_rollforward	Spare parts inventory	spare_parts_inventory			accdep_redemptions_derecognitions_transfers	-237.0		NIS_thousands	NIS	year		2023.0		high	yes	yes		Manual extraction from Note 8 table.
HPC_NOTE8_2023_SPAREPARTSIN_accdep_terminated_leases_derecognition	HPC	2023	HPC_2024_AR	Haifa Port Company Ltd.pdf	Haifa Port Company Ltd. 2024 annual report	48.0	Note 8 Fixed assets, net	ppe_rollforward	Spare parts inventory	spare_parts_inventory			accdep_terminated_leases_derecognition	0.0		NIS_thousands	NIS	year		2023.0		high	yes	yes		Manual extraction from Note 8 table.
HPC_NOTE8_2023_SPAREPARTSIN_changes_assets_held_for_sale	HPC	2023	HPC_2024_AR	Haifa Port Company Ltd.pdf	Haifa Port Company Ltd. 2024 annual report	48.0	Note 8 Fixed assets, net	ppe_rollforward	Spare parts inventory	spare_parts_inventory			changes_assets_held_for_sale	0.0		NIS_thousands	NIS	year		2023.0		high	yes	yes		Manual extraction from Note 8 table.
HPC_NOTE8_2023_SPAREPARTSIN_cost_close	HPC	2023	HPC_2024_AR	Haifa Port Company Ltd.pdf	Haifa Port Company Ltd. 2024 annual report	48.0	Note 8 Fixed assets, net	ppe_rollforward	Spare parts inventory	spare_parts_inventory			cost_close	82782.0		NIS_thousands	NIS	year		2023.0		high	yes	yes		Manual extraction from Note 8 table.
HPC_NOTE8_2023_SPAREPARTSIN_cost_open	HPC	2023	HPC_2024_AR	Haifa Port Company Ltd.pdf	Haifa Port Company Ltd. 2024 annual report	48.0	Note 8 Fixed assets, net	ppe_rollforward	Spare parts inventory	spare_parts_inventory			cost_open	79275.0		NIS_thousands	NIS	year		2023.0		high	yes	yes		Manual extraction from Note 8 table.
HPC_NOTE8_2023_SPAREPARTSIN_depreciation_expense	HPC	2023	HPC_2024_AR	Haifa Port Company Ltd.pdf	Haifa Port Company Ltd. 2024 annual report	48.0	Note 8 Fixed assets, net	ppe_rollforward	Spare parts inventory	spare_parts_inventory			depreciation_expense	1129.0		NIS_thousands	NIS	year		2023.0		high	yes	yes		Manual extraction from Note 8 table.
HPC_NOTE8_2023_SPAREPARTSIN_impairment_change	HPC	2023	HPC_2024_AR	Haifa Port Company Ltd.pdf	Haifa Port Company Ltd. 2024 annual report	48.0	Note 8 Fixed assets, net	ppe_rollforward	Spare parts inventory	spare_parts_inventory			impairment_change	1963.0		NIS_thousands	NIS	year		2023.0		high	yes	yes		Manual extraction from Note 8 table.
HPC_NOTE8_2023_SPAREPARTSIN_nbv_close	HPC	2023	HPC_2024_AR	Haifa Port Company Ltd.pdf	Haifa Port Company Ltd. 2024 annual report	48.0	Note 8 Fixed assets, net	ppe_rollforward	Spare parts inventory	spare_parts_inventory			nbv_close	70253.0		NIS_thousands	NIS	year		2023.0		high	yes	yes		Manual extraction from Note 8 table.
HPC_NOTE8_2023_SPAREPARTSIN_new_leases_additions	HPC	2023	HPC_2024_AR	Haifa Port Company Ltd.pdf	Haifa Port Company Ltd. 2024 annual report	48.0	Note 8 Fixed assets, net	ppe_rollforward	Spare parts inventory	spare_parts_inventory			new_leases_additions	0.0		NIS_thousands	NIS	year		2023.0		high	yes	yes	yes	Manual extraction from Note 8 table.
HPC_NOTE8_2023_SPAREPARTSIN_purchases	HPC	2023	HPC_2024_AR	Haifa Port Company Ltd.pdf	Haifa Port Company Ltd. 2024 annual report	48.0	Note 8 Fixed assets, net	ppe_rollforward	Spare parts inventory	spare_parts_inventory			purchases	2823.0		NIS_thousands	NIS	year		2023.0		high	yes	yes	yes	Manual extraction from Note 8 table.
HPC_NOTE8_2023_SPAREPARTSIN_realizations_derecognitions_transfers	HPC	2023	HPC_2024_AR	Haifa Port Company Ltd.pdf	Haifa Port Company Ltd. 2024 annual report	48.0	Note 8 Fixed assets, net	ppe_rollforward	Spare parts inventory	spare_parts_inventory			realizations_derecognitions_transfers	-1279.0		NIS_thousands	NIS	year		2023.0		high	yes	yes	yes	Manual extraction from Note 8 table.
HPC_NOTE8_2023_SPAREPARTSIN_terminated_leases_derecognition	HPC	2023	HPC_2024_AR	Haifa Port Company Ltd.pdf	Haifa Port Company Ltd. 2024 annual report	48.0	Note 8 Fixed assets, net	ppe_rollforward	Spare parts inventory	spare_parts_inventory			terminated_leases_derecognition	0.0		NIS_thousands	NIS	year		2023.0		high	yes	yes		Manual extraction from Note 8 table.
HPC_EVT_011	HPC	2023	HPC_BIG_PROJECTS	Haifa_big_projects.csv	Haifa_big_projects.csv		capital_equipment_procurement	event	berth_cranes (Gottwald/Kocks)	cranes	HPC_KishonWest_NewCranes_2023	Five new general cargo cranes	event_amount_nominal	100000.0		NIS_thousands	NIS	year_month	2023-09	2023.0	2023-09	medium	yes	yes	no	amount_status=Estimated total ~₪100m; delivered in 2 batches | event_type=addition | sources=Local NWS report 2023:contentReference[oaicite:129]{index=129}; Port2Port 2020:contentReference[oaicite:130]{index=130} | Purchase of 5 modern mobile harbor cranes for Kishon West, as part of competition preparations. First 2 arrived Sept 2023, next 3 due mid-2024:contentReference[oaicite:131]{index=131}:contentReference[oaicite:132]{index=132}. Project ~₪100m. Enables efficient bulk/general cargo ops on renovated pier.
HPC_EVT_003	HPC	2023	HPC_BIG_PROJECTS	Haifa_big_projects.csv	Haifa_big_projects.csv		equipment_procurement	event	mobile_crane + heavy_equipment	mobile_cranes_heavy_equipment	HPC_Kishon_MobileCrane_2023	Mobile crane & heavy equipment procurement	event_amount_nominal	36600.0		NIS_thousands	NIS	year				high	yes	yes	yes	amount_status=Purchased; ~₪9.7m not yet capitalized | event_type=addition | sources=HPC 2024 FS Note 25A Commitments | New mobile harbor crane for Kishon and other heavy gear (for projects completing by mid-2026). Value ₪36.6m; ₪9.7m of this was not on books as of 31/12/2024:contentReference[oaicite:112]{index=112}. Deliveries 2023–2026.
HPC_RAW_2023_04	HPC	2023	HPC_FINANCIALS_RAW	haifa_financials_raw.tsv	Haifa Port Company Ltd.pdf	Balance sheet; cash-flow; Note 8	aggregate_financials_raw	annual_summary		total			admin_dep_amort	6824.0		NIS_thousands	NIS	year		2023.0		medium	yes	yes		Historical cost PPE; IFRS post-privatisation
HPC_RAW_2023_02	HPC	2023	HPC_FINANCIALS_RAW	haifa_financials_raw.tsv	Haifa Port Company Ltd.pdf	Balance sheet; cash-flow; Note 8	aggregate_financials_raw	annual_summary		total			depr_amort_total_cf_adj	68663.0		NIS_thousands	NIS	year		2023.0		medium	yes	yes		Historical cost PPE; IFRS post-privatisation
HPC_RAW_2023_03	HPC	2023	HPC_FINANCIALS_RAW	haifa_financials_raw.tsv	Haifa Port Company Ltd.pdf	Balance sheet; cash-flow; Note 8	aggregate_financials_raw	annual_summary		total			operating_depreciation	61693.0		NIS_thousands	NIS	year		2023.0		medium	yes	yes		Historical cost PPE; IFRS post-privatisation
HPC_RAW_2023_01	HPC	2023	HPC_FINANCIALS_RAW	haifa_financials_raw.tsv	Haifa Port Company Ltd.pdf	Balance sheet; cash-flow; Note 8	aggregate_financials_raw	annual_summary		total			ppe_net_eoy	1044165.0		NIS_thousands	NIS	year		2023.0		medium	yes	yes		Historical cost PPE; IFRS post-privatisation
HPC_RAW_2023_05	HPC	2023	HPC_FINANCIALS_RAW	haifa_financials_raw.tsv	Haifa Port Company Ltd.pdf	Balance sheet; cash-flow; Note 8	aggregate_financials_raw	annual_summary		total			purchase_fixed_assets_cashflow	-95529.0		NIS_thousands	NIS	year		2023.0		medium	yes	yes		Historical cost PPE; IFRS post-privatisation
HPC_RAW_2023_06	HPC	2023	HPC_FINANCIALS_RAW	haifa_financials_raw.tsv	Haifa Port Company Ltd.pdf	Balance sheet; cash-flow; Note 8	aggregate_financials_raw	annual_summary		total			purchase_intangibles_cashflow	-1747.0		NIS_thousands	NIS	year		2023.0		medium	yes	yes		Historical cost PPE; IFRS post-privatisation
HPC_2024_AR_DEP_02_RATE	HPC	2024	HPC_2024_AR	Haifa Port Company Ltd.pdf	Haifa Port Company Ltd. 2024 annual report	32.0	Note 2 Significant accounting policies	dep_policy	Cranes	cranes			annual_depr_rate	0.03		pct_decimal		policy				high	yes	yes		Straight-line depreciation.
HPC_2024_AR_DEP_02_LIFE	HPC	2024	HPC_2024_AR	Haifa Port Company Ltd.pdf	Haifa Port Company Ltd. 2024 annual report	32.0	Note 2 Significant accounting policies	dep_policy	Cranes	cranes			useful_life_years	33.0		years		policy				high	yes	yes		Straight-line depreciation.
HPC_2024_AR_DEP_01_RATE	HPC	2024	HPC_2024_AR	Haifa Port Company Ltd.pdf	Haifa Port Company Ltd. 2024 annual report	32.0	Note 2 Significant accounting policies	dep_policy	Infrastructure and buildings	infrastructure_buildings			annual_depr_rate	0.05		pct_decimal		policy				high	yes	yes		Straight-line depreciation.
HPC_2024_AR_DEP_01_LIFE	HPC	2024	HPC_2024_AR	Haifa Port Company Ltd.pdf	Haifa Port Company Ltd. 2024 annual report	32.0	Note 2 Significant accounting policies	dep_policy	Infrastructure and buildings	infrastructure_buildings			useful_life_years	20.0		years		policy				high	yes	yes		Straight-line depreciation.
HPC_2024_AR_DEP_03_RATE	HPC	2024	HPC_2024_AR	Haifa Port Company Ltd.pdf	Haifa Port Company Ltd. 2024 annual report	32.0	Note 2 Significant accounting policies	dep_policy	Other operational equipment	other_operational_equipment			annual_depr_rate	0.125		pct_decimal		policy				high	yes	yes		Straight-line depreciation.
HPC_2024_AR_DEP_03_LIFE	HPC	2024	HPC_2024_AR	Haifa Port Company Ltd.pdf	Haifa Port Company Ltd. 2024 annual report	32.0	Note 2 Significant accounting policies	dep_policy	Other operational equipment	other_operational_equipment			useful_life_years	8.0		years		policy				high	yes	yes		Straight-line depreciation.
HPC_2024_AR_DEP_04_RATE	HPC	2024	HPC_2024_AR	Haifa Port Company Ltd.pdf	Haifa Port Company Ltd. 2024 annual report	32.0	Note 2 Significant accounting policies	dep_policy	Right of use assets	right_of_use_assets			annual_depr_rate	0.33		pct_decimal		policy				high	yes	yes		Straight-line depreciation.
HPC_2024_AR_DEP_04_LIFE	HPC	2024	HPC_2024_AR	Haifa Port Company Ltd.pdf	Haifa Port Company Ltd. 2024 annual report	32.0	Note 2 Significant accounting policies	dep_policy	Right of use assets	right_of_use_assets			useful_life_years	3.0		years		policy				high	yes	yes		Straight-line depreciation.
HPC_NOTE8_2024_CRANES_accdep_changes_assets_held_for_sale	HPC	2024	HPC_2024_AR	Haifa Port Company Ltd.pdf	Haifa Port Company Ltd. 2024 annual report	47.0	Note 8 Fixed assets, net	ppe_rollforward	Cranes	cranes			accdep_changes_assets_held_for_sale	0.0		NIS_thousands	NIS	year		2024.0		high	yes	yes		Manual extraction from Note 8 table.
HPC_NOTE8_2024_CRANES_accdep_close	HPC	2024	HPC_2024_AR	Haifa Port Company Ltd.pdf	Haifa Port Company Ltd. 2024 annual report	47.0	Note 8 Fixed assets, net	ppe_rollforward	Cranes	cranes			accdep_close	517017.0		NIS_thousands	NIS	year		2024.0		high	yes	yes		Manual extraction from Note 8 table.
HPC_NOTE8_2024_CRANES_accdep_open	HPC	2024	HPC_2024_AR	Haifa Port Company Ltd.pdf	Haifa Port Company Ltd. 2024 annual report	47.0	Note 8 Fixed assets, net	ppe_rollforward	Cranes	cranes			accdep_open	516497.0		NIS_thousands	NIS	year		2024.0		high	yes	yes		Manual extraction from Note 8 table.
HPC_NOTE8_2024_CRANES_accdep_redemptions_derecognitions_transfers	HPC	2024	HPC_2024_AR	Haifa Port Company Ltd.pdf	Haifa Port Company Ltd. 2024 annual report	47.0	Note 8 Fixed assets, net	ppe_rollforward	Cranes	cranes			accdep_redemptions_derecognitions_transfers	-33649.0		NIS_thousands	NIS	year		2024.0		high	yes	yes		Manual extraction from Note 8 table.
HPC_NOTE8_2024_CRANES_accdep_terminated_leases_derecognition	HPC	2024	HPC_2024_AR	Haifa Port Company Ltd.pdf	Haifa Port Company Ltd. 2024 annual report	47.0	Note 8 Fixed assets, net	ppe_rollforward	Cranes	cranes			accdep_terminated_leases_derecognition	0.0		NIS_thousands	NIS	year		2024.0		high	yes	yes		Manual extraction from Note 8 table.
HPC_NOTE8_2024_CRANES_changes_assets_held_for_sale	HPC	2024	HPC_2024_AR	Haifa Port Company Ltd.pdf	Haifa Port Company Ltd. 2024 annual report	47.0	Note 8 Fixed assets, net	ppe_rollforward	Cranes	cranes			changes_assets_held_for_sale	0.0		NIS_thousands	NIS	year		2024.0		high	yes	yes		Manual extraction from Note 8 table.
HPC_NOTE8_2024_CRANES_cost_close	HPC	2024	HPC_2024_AR	Haifa Port Company Ltd.pdf	Haifa Port Company Ltd. 2024 annual report	47.0	Note 8 Fixed assets, net	ppe_rollforward	Cranes	cranes			cost_close	1185544.0		NIS_thousands	NIS	year		2024.0		high	yes	yes		Manual extraction from Note 8 table.
HPC_NOTE8_2024_CRANES_cost_open	HPC	2024	HPC_2024_AR	Haifa Port Company Ltd.pdf	Haifa Port Company Ltd. 2024 annual report	47.0	Note 8 Fixed assets, net	ppe_rollforward	Cranes	cranes			cost_open	1251787.0		NIS_thousands	NIS	year		2024.0		high	yes	yes		Manual extraction from Note 8 table.
HPC_NOTE8_2024_CRANES_depreciation_expense	HPC	2024	HPC_2024_AR	Haifa Port Company Ltd.pdf	Haifa Port Company Ltd. 2024 annual report	47.0	Note 8 Fixed assets, net	ppe_rollforward	Cranes	cranes			depreciation_expense	34169.0		NIS_thousands	NIS	year		2024.0		high	yes	yes		Manual extraction from Note 8 table.
HPC_NOTE8_2024_CRANES_impairment_change	HPC	2024	HPC_2024_AR	Haifa Port Company Ltd.pdf	Haifa Port Company Ltd. 2024 annual report	47.0	Note 8 Fixed assets, net	ppe_rollforward	Cranes	cranes			impairment_change	0.0		NIS_thousands	NIS	year		2024.0		high	yes	yes		Manual extraction from Note 8 table.
HPC_NOTE8_2024_CRANES_nbv_close	HPC	2024	HPC_2024_AR	Haifa Port Company Ltd.pdf	Haifa Port Company Ltd. 2024 annual report	47.0	Note 8 Fixed assets, net	ppe_rollforward	Cranes	cranes			nbv_close	668528.0		NIS_thousands	NIS	year		2024.0		high	yes	yes		Manual extraction from Note 8 table.
HPC_NOTE8_2024_CRANES_new_leases_additions	HPC	2024	HPC_2024_AR	Haifa Port Company Ltd.pdf	Haifa Port Company Ltd. 2024 annual report	47.0	Note 8 Fixed assets, net	ppe_rollforward	Cranes	cranes			new_leases_additions	0.0		NIS_thousands	NIS	year		2024.0		high	yes	yes	yes	Manual extraction from Note 8 table.
HPC_NOTE8_2024_CRANES_purchases	HPC	2024	HPC_2024_AR	Haifa Port Company Ltd.pdf	Haifa Port Company Ltd. 2024 annual report	47.0	Note 8 Fixed assets, net	ppe_rollforward	Cranes	cranes			purchases	15498.0		NIS_thousands	NIS	year		2024.0		high	yes	yes	yes	Manual extraction from Note 8 table.
HPC_NOTE8_2024_CRANES_realizations_derecognitions_transfers	HPC	2024	HPC_2024_AR	Haifa Port Company Ltd.pdf	Haifa Port Company Ltd. 2024 annual report	47.0	Note 8 Fixed assets, net	ppe_rollforward	Cranes	cranes			realizations_derecognitions_transfers	-81741.0		NIS_thousands	NIS	year		2024.0		high	yes	yes	yes	Manual extraction from Note 8 table.
HPC_NOTE8_2024_CRANES_terminated_leases_derecognition	HPC	2024	HPC_2024_AR	Haifa Port Company Ltd.pdf	Haifa Port Company Ltd. 2024 annual report	47.0	Note 8 Fixed assets, net	ppe_rollforward	Cranes	cranes			terminated_leases_derecognition	0.0		NIS_thousands	NIS	year		2024.0		high	yes	yes		Manual extraction from Note 8 table.
HPC_NOTE8_2024_INFRASTRUCTU_accdep_changes_assets_held_for_sale	HPC	2024	HPC_2024_AR	Haifa Port Company Ltd.pdf	Haifa Port Company Ltd. 2024 annual report	47.0	Note 8 Fixed assets, net	ppe_rollforward	Infrastructure and buildings	infrastructure_buildings			accdep_changes_assets_held_for_sale	0.0		NIS_thousands	NIS	year		2024.0		high	yes	yes		Manual extraction from Note 8 table.
HPC_NOTE8_2024_INFRASTRUCTU_accdep_close	HPC	2024	HPC_2024_AR	Haifa Port Company Ltd.pdf	Haifa Port Company Ltd. 2024 annual report	47.0	Note 8 Fixed assets, net	ppe_rollforward	Infrastructure and buildings	infrastructure_buildings			accdep_close	121400.0		NIS_thousands	NIS	year		2024.0		high	yes	yes		Manual extraction from Note 8 table.
HPC_NOTE8_2024_INFRASTRUCTU_accdep_open	HPC	2024	HPC_2024_AR	Haifa Port Company Ltd.pdf	Haifa Port Company Ltd. 2024 annual report	47.0	Note 8 Fixed assets, net	ppe_rollforward	Infrastructure and buildings	infrastructure_buildings			accdep_open	111453.0		NIS_thousands	NIS	year		2024.0		high	yes	yes		Manual extraction from Note 8 table.
HPC_NOTE8_2024_INFRASTRUCTU_accdep_redemptions_derecognitions_transfers	HPC	2024	HPC_2024_AR	Haifa Port Company Ltd.pdf	Haifa Port Company Ltd. 2024 annual report	47.0	Note 8 Fixed assets, net	ppe_rollforward	Infrastructure and buildings	infrastructure_buildings			accdep_redemptions_derecognitions_transfers	-1209.0		NIS_thousands	NIS	year		2024.0		high	yes	yes		Manual extraction from Note 8 table.
HPC_NOTE8_2024_INFRASTRUCTU_accdep_terminated_leases_derecognition	HPC	2024	HPC_2024_AR	Haifa Port Company Ltd.pdf	Haifa Port Company Ltd. 2024 annual report	47.0	Note 8 Fixed assets, net	ppe_rollforward	Infrastructure and buildings	infrastructure_buildings			accdep_terminated_leases_derecognition	0.0		NIS_thousands	NIS	year		2024.0		high	yes	yes		Manual extraction from Note 8 table.
HPC_NOTE8_2024_INFRASTRUCTU_changes_assets_held_for_sale	HPC	2024	HPC_2024_AR	Haifa Port Company Ltd.pdf	Haifa Port Company Ltd. 2024 annual report	47.0	Note 8 Fixed assets, net	ppe_rollforward	Infrastructure and buildings	infrastructure_buildings			changes_assets_held_for_sale	0.0		NIS_thousands	NIS	year		2024.0		high	yes	yes		Manual extraction from Note 8 table.
HPC_NOTE8_2024_INFRASTRUCTU_cost_close	HPC	2024	HPC_2024_AR	Haifa Port Company Ltd.pdf	Haifa Port Company Ltd. 2024 annual report	47.0	Note 8 Fixed assets, net	ppe_rollforward	Infrastructure and buildings	infrastructure_buildings			cost_close	281902.0		NIS_thousands	NIS	year		2024.0		high	yes	yes		Manual extraction from Note 8 table.
HPC_NOTE8_2024_INFRASTRUCTU_cost_open	HPC	2024	HPC_2024_AR	Haifa Port Company Ltd.pdf	Haifa Port Company Ltd. 2024 annual report	47.0	Note 8 Fixed assets, net	ppe_rollforward	Infrastructure and buildings	infrastructure_buildings			cost_open	273233.0		NIS_thousands	NIS	year		2024.0		high	yes	yes		Manual extraction from Note 8 table.
HPC_NOTE8_2024_INFRASTRUCTU_depreciation_expense	HPC	2024	HPC_2024_AR	Haifa Port Company Ltd.pdf	Haifa Port Company Ltd. 2024 annual report	47.0	Note 8 Fixed assets, net	ppe_rollforward	Infrastructure and buildings	infrastructure_buildings			depreciation_expense	11156.0		NIS_thousands	NIS	year		2024.0		high	yes	yes		Manual extraction from Note 8 table.
HPC_NOTE8_2024_INFRASTRUCTU_impairment_change	HPC	2024	HPC_2024_AR	Haifa Port Company Ltd.pdf	Haifa Port Company Ltd. 2024 annual report	47.0	Note 8 Fixed assets, net	ppe_rollforward	Infrastructure and buildings	infrastructure_buildings			impairment_change	0.0		NIS_thousands	NIS	year		2024.0		high	yes	yes		Manual extraction from Note 8 table.
HPC_NOTE8_2024_INFRASTRUCTU_nbv_close	HPC	2024	HPC_2024_AR	Haifa Port Company Ltd.pdf	Haifa Port Company Ltd. 2024 annual report	47.0	Note 8 Fixed assets, net	ppe_rollforward	Infrastructure and buildings	infrastructure_buildings			nbv_close	160502.0		NIS_thousands	NIS	year		2024.0		high	yes	yes		Manual extraction from Note 8 table.
HPC_NOTE8_2024_INFRASTRUCTU_new_leases_additions	HPC	2024	HPC_2024_AR	Haifa Port Company Ltd.pdf	Haifa Port Company Ltd. 2024 annual report	47.0	Note 8 Fixed assets, net	ppe_rollforward	Infrastructure and buildings	infrastructure_buildings			new_leases_additions	0.0		NIS_thousands	NIS	year		2024.0		high	yes	yes	yes	Manual extraction from Note 8 table.
HPC_NOTE8_2024_INFRASTRUCTU_purchases	HPC	2024	HPC_2024_AR	Haifa Port Company Ltd.pdf	Haifa Port Company Ltd. 2024 annual report	47.0	Note 8 Fixed assets, net	ppe_rollforward	Infrastructure and buildings	infrastructure_buildings			purchases	20682.0		NIS_thousands	NIS	year		2024.0		high	yes	yes	yes	Manual extraction from Note 8 table.
HPC_NOTE8_2024_INFRASTRUCTU_realizations_derecognitions_transfers	HPC	2024	HPC_2024_AR	Haifa Port Company Ltd.pdf	Haifa Port Company Ltd. 2024 annual report	47.0	Note 8 Fixed assets, net	ppe_rollforward	Infrastructure and buildings	infrastructure_buildings			realizations_derecognitions_transfers	-12013.0		NIS_thousands	NIS	year		2024.0		high	yes	yes	yes	Manual extraction from Note 8 table.
HPC_NOTE8_2024_INFRASTRUCTU_terminated_leases_derecognition	HPC	2024	HPC_2024_AR	Haifa Port Company Ltd.pdf	Haifa Port Company Ltd. 2024 annual report	47.0	Note 8 Fixed assets, net	ppe_rollforward	Infrastructure and buildings	infrastructure_buildings			terminated_leases_derecognition	0.0		NIS_thousands	NIS	year		2024.0		high	yes	yes		Manual extraction from Note 8 table.
HPC_NOTE8_2024_OTHEROPERATI_accdep_changes_assets_held_for_sale	HPC	2024	HPC_2024_AR	Haifa Port Company Ltd.pdf	Haifa Port Company Ltd. 2024 annual report	47.0	Note 8 Fixed assets, net	ppe_rollforward	Other operational equipment	other_operational_equipment			accdep_changes_assets_held_for_sale	26704.0		NIS_thousands	NIS	year		2024.0		high	yes	yes		Manual extraction from Note 8 table.
HPC_NOTE8_2024_OTHEROPERATI_accdep_close	HPC	2024	HPC_2024_AR	Haifa Port Company Ltd.pdf	Haifa Port Company Ltd. 2024 annual report	47.0	Note 8 Fixed assets, net	ppe_rollforward	Other operational equipment	other_operational_equipment			accdep_close	188921.0		NIS_thousands	NIS	year		2024.0		high	yes	yes		Manual extraction from Note 8 table.
HPC_NOTE8_2024_OTHEROPERATI_accdep_open	HPC	2024	HPC_2024_AR	Haifa Port Company Ltd.pdf	Haifa Port Company Ltd. 2024 annual report	47.0	Note 8 Fixed assets, net	ppe_rollforward	Other operational equipment	other_operational_equipment			accdep_open	186956.0		NIS_thousands	NIS	year		2024.0		high	yes	yes		Manual extraction from Note 8 table.
HPC_NOTE8_2024_OTHEROPERATI_accdep_redemptions_derecognitions_transfers	HPC	2024	HPC_2024_AR	Haifa Port Company Ltd.pdf	Haifa Port Company Ltd. 2024 annual report	47.0	Note 8 Fixed assets, net	ppe_rollforward	Other operational equipment	other_operational_equipment			accdep_redemptions_derecognitions_transfers	-34577.0		NIS_thousands	NIS	year		2024.0		high	yes	yes		Manual extraction from Note 8 table.
HPC_NOTE8_2024_OTHEROPERATI_accdep_terminated_leases_derecognition	HPC	2024	HPC_2024_AR	Haifa Port Company Ltd.pdf	Haifa Port Company Ltd. 2024 annual report	47.0	Note 8 Fixed assets, net	ppe_rollforward	Other operational equipment	other_operational_equipment			accdep_terminated_leases_derecognition	0.0		NIS_thousands	NIS	year		2024.0		high	yes	yes		Manual extraction from Note 8 table.
HPC_NOTE8_2024_OTHEROPERATI_changes_assets_held_for_sale	HPC	2024	HPC_2024_AR	Haifa Port Company Ltd.pdf	Haifa Port Company Ltd. 2024 annual report	47.0	Note 8 Fixed assets, net	ppe_rollforward	Other operational equipment	other_operational_equipment			changes_assets_held_for_sale	26704.0		NIS_thousands	NIS	year		2024.0		high	yes	yes		Manual extraction from Note 8 table.
HPC_NOTE8_2024_OTHEROPERATI_cost_close	HPC	2024	HPC_2024_AR	Haifa Port Company Ltd.pdf	Haifa Port Company Ltd. 2024 annual report	47.0	Note 8 Fixed assets, net	ppe_rollforward	Other operational equipment	other_operational_equipment			cost_close	247987.0		NIS_thousands	NIS	year		2024.0		high	yes	yes		Manual extraction from Note 8 table.
HPC_NOTE8_2024_OTHEROPERATI_cost_open	HPC	2024	HPC_2024_AR	Haifa Port Company Ltd.pdf	Haifa Port Company Ltd. 2024 annual report	47.0	Note 8 Fixed assets, net	ppe_rollforward	Other operational equipment	other_operational_equipment			cost_open	257373.0		NIS_thousands	NIS	year		2024.0		high	yes	yes		Manual extraction from Note 8 table.
HPC_NOTE8_2024_OTHEROPERATI_depreciation_expense	HPC	2024	HPC_2024_AR	Haifa Port Company Ltd.pdf	Haifa Port Company Ltd. 2024 annual report	47.0	Note 8 Fixed assets, net	ppe_rollforward	Other operational equipment	other_operational_equipment			depreciation_expense	9838.0		NIS_thousands	NIS	year		2024.0		high	yes	yes		Manual extraction from Note 8 table.
HPC_NOTE8_2024_OTHEROPERATI_impairment_change	HPC	2024	HPC_2024_AR	Haifa Port Company Ltd.pdf	Haifa Port Company Ltd. 2024 annual report	47.0	Note 8 Fixed assets, net	ppe_rollforward	Other operational equipment	other_operational_equipment			impairment_change	0.0		NIS_thousands	NIS	year		2024.0		high	yes	yes		Manual extraction from Note 8 table.
HPC_NOTE8_2024_OTHEROPERATI_nbv_close	HPC	2024	HPC_2024_AR	Haifa Port Company Ltd.pdf	Haifa Port Company Ltd. 2024 annual report	47.0	Note 8 Fixed assets, net	ppe_rollforward	Other operational equipment	other_operational_equipment			nbv_close	59065.0		NIS_thousands	NIS	year		2024.0		high	yes	yes		Manual extraction from Note 8 table.
HPC_NOTE8_2024_OTHEROPERATI_new_leases_additions	HPC	2024	HPC_2024_AR	Haifa Port Company Ltd.pdf	Haifa Port Company Ltd. 2024 annual report	47.0	Note 8 Fixed assets, net	ppe_rollforward	Other operational equipment	other_operational_equipment			new_leases_additions	0.0		NIS_thousands	NIS	year		2024.0		high	yes	yes	yes	Manual extraction from Note 8 table.
HPC_NOTE8_2024_OTHEROPERATI_purchases	HPC	2024	HPC_2024_AR	Haifa Port Company Ltd.pdf	Haifa Port Company Ltd. 2024 annual report	47.0	Note 8 Fixed assets, net	ppe_rollforward	Other operational equipment	other_operational_equipment			purchases	17736.0		NIS_thousands	NIS	year		2024.0		high	yes	yes	yes	Manual extraction from Note 8 table.
HPC_NOTE8_2024_OTHEROPERATI_realizations_derecognitions_transfers	HPC	2024	HPC_2024_AR	Haifa Port Company Ltd.pdf	Haifa Port Company Ltd. 2024 annual report	47.0	Note 8 Fixed assets, net	ppe_rollforward	Other operational equipment	other_operational_equipment			realizations_derecognitions_transfers	-53826.0		NIS_thousands	NIS	year		2024.0		high	yes	yes	yes	Manual extraction from Note 8 table.
HPC_NOTE8_2024_OTHEROPERATI_terminated_leases_derecognition	HPC	2024	HPC_2024_AR	Haifa Port Company Ltd.pdf	Haifa Port Company Ltd. 2024 annual report	47.0	Note 8 Fixed assets, net	ppe_rollforward	Other operational equipment	other_operational_equipment			terminated_leases_derecognition	0.0		NIS_thousands	NIS	year		2024.0		high	yes	yes		Manual extraction from Note 8 table.
HPC_NOTE8_2024_RIGHTOFUSEAS_accdep_changes_assets_held_for_sale	HPC	2024	HPC_2024_AR	Haifa Port Company Ltd.pdf	Haifa Port Company Ltd. 2024 annual report	47.0	Note 8 Fixed assets, net	ppe_rollforward	Right of Use asset	right_of_use_assets			accdep_changes_assets_held_for_sale	0.0		NIS_thousands	NIS	year		2024.0		high	yes	yes		Manual extraction from Note 8 table.
HPC_NOTE8_2024_RIGHTOFUSEAS_accdep_close	HPC	2024	HPC_2024_AR	Haifa Port Company Ltd.pdf	Haifa Port Company Ltd. 2024 annual report	47.0	Note 8 Fixed assets, net	ppe_rollforward	Right of Use asset	right_of_use_assets			accdep_close	5522.0		NIS_thousands	NIS	year		2024.0		high	yes	yes		Manual extraction from Note 8 table.
HPC_NOTE8_2024_RIGHTOFUSEAS_accdep_open	HPC	2024	HPC_2024_AR	Haifa Port Company Ltd.pdf	Haifa Port Company Ltd. 2024 annual report	47.0	Note 8 Fixed assets, net	ppe_rollforward	Right of Use asset	right_of_use_assets			accdep_open	4053.0		NIS_thousands	NIS	year		2024.0		high	yes	yes		Manual extraction from Note 8 table.
HPC_NOTE8_2024_RIGHTOFUSEAS_accdep_redemptions_derecognitions_transfers	HPC	2024	HPC_2024_AR	Haifa Port Company Ltd.pdf	Haifa Port Company Ltd. 2024 annual report	47.0	Note 8 Fixed assets, net	ppe_rollforward	Right of Use asset	right_of_use_assets			accdep_redemptions_derecognitions_transfers	0.0		NIS_thousands	NIS	year		2024.0		high	yes	yes		Manual extraction from Note 8 table.
HPC_NOTE8_2024_RIGHTOFUSEAS_accdep_terminated_leases_derecognition	HPC	2024	HPC_2024_AR	Haifa Port Company Ltd.pdf	Haifa Port Company Ltd. 2024 annual report	47.0	Note 8 Fixed assets, net	ppe_rollforward	Right of Use asset	right_of_use_assets			accdep_terminated_leases_derecognition	-1970.0		NIS_thousands	NIS	year		2024.0		high	yes	yes		Manual extraction from Note 8 table.
HPC_NOTE8_2024_RIGHTOFUSEAS_changes_assets_held_for_sale	HPC	2024	HPC_2024_AR	Haifa Port Company Ltd.pdf	Haifa Port Company Ltd. 2024 annual report	47.0	Note 8 Fixed assets, net	ppe_rollforward	Right of Use asset	right_of_use_assets			changes_assets_held_for_sale	0.0		NIS_thousands	NIS	year		2024.0		high	yes	yes		Manual extraction from Note 8 table.
HPC_NOTE8_2024_RIGHTOFUSEAS_cost_close	HPC	2024	HPC_2024_AR	Haifa Port Company Ltd.pdf	Haifa Port Company Ltd. 2024 annual report	47.0	Note 8 Fixed assets, net	ppe_rollforward	Right of Use asset	right_of_use_assets			cost_close	11441.0		NIS_thousands	NIS	year		2024.0		high	yes	yes		Manual extraction from Note 8 table.
HPC_NOTE8_2024_RIGHTOFUSEAS_cost_open	HPC	2024	HPC_2024_AR	Haifa Port Company Ltd.pdf	Haifa Port Company Ltd. 2024 annual report	47.0	Note 8 Fixed assets, net	ppe_rollforward	Right of Use asset	right_of_use_assets			cost_open	10477.0		NIS_thousands	NIS	year		2024.0		high	yes	yes		Manual extraction from Note 8 table.
HPC_NOTE8_2024_RIGHTOFUSEAS_depreciation_expense	HPC	2024	HPC_2024_AR	Haifa Port Company Ltd.pdf	Haifa Port Company Ltd. 2024 annual report	47.0	Note 8 Fixed assets, net	ppe_rollforward	Right of Use asset	right_of_use_assets			depreciation_expense	3439.0		NIS_thousands	NIS	year		2024.0		high	yes	yes		Manual extraction from Note 8 table.
HPC_NOTE8_2024_RIGHTOFUSEAS_impairment_change	HPC	2024	HPC_2024_AR	Haifa Port Company Ltd.pdf	Haifa Port Company Ltd. 2024 annual report	47.0	Note 8 Fixed assets, net	ppe_rollforward	Right of Use asset	right_of_use_assets			impairment_change	0.0		NIS_thousands	NIS	year		2024.0		high	yes	yes		Manual extraction from Note 8 table.
HPC_NOTE8_2024_RIGHTOFUSEAS_nbv_close	HPC	2024	HPC_2024_AR	Haifa Port Company Ltd.pdf	Haifa Port Company Ltd. 2024 annual report	47.0	Note 8 Fixed assets, net	ppe_rollforward	Right of Use asset	right_of_use_assets			nbv_close	5919.0		NIS_thousands	NIS	year		2024.0		high	yes	yes		Manual extraction from Note 8 table.
HPC_NOTE8_2024_RIGHTOFUSEAS_new_leases_additions	HPC	2024	HPC_2024_AR	Haifa Port Company Ltd.pdf	Haifa Port Company Ltd. 2024 annual report	47.0	Note 8 Fixed assets, net	ppe_rollforward	Right of Use asset	right_of_use_assets			new_leases_additions	3836.0		NIS_thousands	NIS	year		2024.0		high	yes	yes	yes	Manual extraction from Note 8 table.
HPC_NOTE8_2024_RIGHTOFUSEAS_purchases	HPC	2024	HPC_2024_AR	Haifa Port Company Ltd.pdf	Haifa Port Company Ltd. 2024 annual report	47.0	Note 8 Fixed assets, net	ppe_rollforward	Right of Use asset	right_of_use_assets			purchases	0.0		NIS_thousands	NIS	year		2024.0		high	yes	yes	yes	Manual extraction from Note 8 table.
HPC_NOTE8_2024_RIGHTOFUSEAS_realizations_derecognitions_transfers	HPC	2024	HPC_2024_AR	Haifa Port Company Ltd.pdf	Haifa Port Company Ltd. 2024 annual report	47.0	Note 8 Fixed assets, net	ppe_rollforward	Right of Use asset	right_of_use_assets			realizations_derecognitions_transfers	0.0		NIS_thousands	NIS	year		2024.0		high	yes	yes	yes	Manual extraction from Note 8 table.
HPC_NOTE8_2024_RIGHTOFUSEAS_terminated_leases_derecognition	HPC	2024	HPC_2024_AR	Haifa Port Company Ltd.pdf	Haifa Port Company Ltd. 2024 annual report	47.0	Note 8 Fixed assets, net	ppe_rollforward	Right of Use asset	right_of_use_assets			terminated_leases_derecognition	-2872.0		NIS_thousands	NIS	year		2024.0		high	yes	yes		Manual extraction from Note 8 table.
HPC_NOTE8_2024_SPAREPARTSIN_accdep_changes_assets_held_for_sale	HPC	2024	HPC_2024_AR	Haifa Port Company Ltd.pdf	Haifa Port Company Ltd. 2024 annual report	47.0	Note 8 Fixed assets, net	ppe_rollforward	Spare parts inventory	spare_parts_inventory			accdep_changes_assets_held_for_sale	0.0		NIS_thousands	NIS	year		2024.0		high	yes	yes		Manual extraction from Note 8 table.
HPC_NOTE8_2024_SPAREPARTSIN_accdep_close	HPC	2024	HPC_2024_AR	Haifa Port Company Ltd.pdf	Haifa Port Company Ltd. 2024 annual report	47.0	Note 8 Fixed assets, net	ppe_rollforward	Spare parts inventory	spare_parts_inventory			accdep_close	13868.0		NIS_thousands	NIS	year		2024.0		high	yes	yes		Manual extraction from Note 8 table.
HPC_NOTE8_2024_SPAREPARTSIN_accdep_open	HPC	2024	HPC_2024_AR	Haifa Port Company Ltd.pdf	Haifa Port Company Ltd. 2024 annual report	47.0	Note 8 Fixed assets, net	ppe_rollforward	Spare parts inventory	spare_parts_inventory			accdep_open	12529.0		NIS_thousands	NIS	year		2024.0		high	yes	yes		Manual extraction from Note 8 table.
HPC_NOTE8_2024_SPAREPARTSIN_accdep_redemptions_derecognitions_transfers	HPC	2024	HPC_2024_AR	Haifa Port Company Ltd.pdf	Haifa Port Company Ltd. 2024 annual report	47.0	Note 8 Fixed assets, net	ppe_rollforward	Spare parts inventory	spare_parts_inventory			accdep_redemptions_derecognitions_transfers	-8.0		NIS_thousands	NIS	year		2024.0		high	yes	yes		Manual extraction from Note 8 table.
HPC_NOTE8_2024_SPAREPARTSIN_accdep_terminated_leases_derecognition	HPC	2024	HPC_2024_AR	Haifa Port Company Ltd.pdf	Haifa Port Company Ltd. 2024 annual report	47.0	Note 8 Fixed assets, net	ppe_rollforward	Spare parts inventory	spare_parts_inventory			accdep_terminated_leases_derecognition	0.0		NIS_thousands	NIS	year		2024.0		high	yes	yes		Manual extraction from Note 8 table.
HPC_NOTE8_2024_SPAREPARTSIN_changes_assets_held_for_sale	HPC	2024	HPC_2024_AR	Haifa Port Company Ltd.pdf	Haifa Port Company Ltd. 2024 annual report	47.0	Note 8 Fixed assets, net	ppe_rollforward	Spare parts inventory	spare_parts_inventory			changes_assets_held_for_sale	0.0		NIS_thousands	NIS	year		2024.0		high	yes	yes		Manual extraction from Note 8 table.
HPC_NOTE8_2024_SPAREPARTSIN_cost_close	HPC	2024	HPC_2024_AR	Haifa Port Company Ltd.pdf	Haifa Port Company Ltd. 2024 annual report	47.0	Note 8 Fixed assets, net	ppe_rollforward	Spare parts inventory	spare_parts_inventory			cost_close	86506.0		NIS_thousands	NIS	year		2024.0		high	yes	yes		Manual extraction from Note 8 table.
HPC_NOTE8_2024_SPAREPARTSIN_cost_open	HPC	2024	HPC_2024_AR	Haifa Port Company Ltd.pdf	Haifa Port Company Ltd. 2024 annual report	47.0	Note 8 Fixed assets, net	ppe_rollforward	Spare parts inventory	spare_parts_inventory			cost_open	82782.0		NIS_thousands	NIS	year		2024.0		high	yes	yes		Manual extraction from Note 8 table.
HPC_NOTE8_2024_SPAREPARTSIN_depreciation_expense	HPC	2024	HPC_2024_AR	Haifa Port Company Ltd.pdf	Haifa Port Company Ltd. 2024 annual report	47.0	Note 8 Fixed assets, net	ppe_rollforward	Spare parts inventory	spare_parts_inventory			depreciation_expense	1347.0		NIS_thousands	NIS	year		2024.0		high	yes	yes		Manual extraction from Note 8 table.
HPC_NOTE8_2024_SPAREPARTSIN_impairment_change	HPC	2024	HPC_2024_AR	Haifa Port Company Ltd.pdf	Haifa Port Company Ltd. 2024 annual report	47.0	Note 8 Fixed assets, net	ppe_rollforward	Spare parts inventory	spare_parts_inventory			impairment_change	-3.0		NIS_thousands	NIS	year		2024.0		high	yes	yes		Manual extraction from Note 8 table.
HPC_NOTE8_2024_SPAREPARTSIN_nbv_close	HPC	2024	HPC_2024_AR	Haifa Port Company Ltd.pdf	Haifa Port Company Ltd. 2024 annual report	47.0	Note 8 Fixed assets, net	ppe_rollforward	Spare parts inventory	spare_parts_inventory			nbv_close	72638.0		NIS_thousands	NIS	year		2024.0		high	yes	yes		Manual extraction from Note 8 table.
HPC_NOTE8_2024_SPAREPARTSIN_new_leases_additions	HPC	2024	HPC_2024_AR	Haifa Port Company Ltd.pdf	Haifa Port Company Ltd. 2024 annual report	47.0	Note 8 Fixed assets, net	ppe_rollforward	Spare parts inventory	spare_parts_inventory			new_leases_additions	0.0		NIS_thousands	NIS	year		2024.0		high	yes	yes	yes	Manual extraction from Note 8 table.
HPC_NOTE8_2024_SPAREPARTSIN_purchases	HPC	2024	HPC_2024_AR	Haifa Port Company Ltd.pdf	Haifa Port Company Ltd. 2024 annual report	47.0	Note 8 Fixed assets, net	ppe_rollforward	Spare parts inventory	spare_parts_inventory			purchases	3816.0		NIS_thousands	NIS	year		2024.0		high	yes	yes	yes	Manual extraction from Note 8 table.
HPC_NOTE8_2024_SPAREPARTSIN_realizations_derecognitions_transfers	HPC	2024	HPC_2024_AR	Haifa Port Company Ltd.pdf	Haifa Port Company Ltd. 2024 annual report	47.0	Note 8 Fixed assets, net	ppe_rollforward	Spare parts inventory	spare_parts_inventory			realizations_derecognitions_transfers	-89.0		NIS_thousands	NIS	year		2024.0		high	yes	yes	yes	Manual extraction from Note 8 table.
HPC_NOTE8_2024_SPAREPARTSIN_terminated_leases_derecognition	HPC	2024	HPC_2024_AR	Haifa Port Company Ltd.pdf	Haifa Port Company Ltd. 2024 annual report	47.0	Note 8 Fixed assets, net	ppe_rollforward	Spare parts inventory	spare_parts_inventory			terminated_leases_derecognition	0.0		NIS_thousands	NIS	year		2024.0		high	yes	yes		Manual extraction from Note 8 table.
HPC_2024_AR_DEP_START_01	HPC	2024	HPC_2024_AR	Haifa Port Company Ltd.pdf	Haifa Port Company Ltd. 2024 annual report	32.0	Note 2 Significant accounting policies	timing_policy	Fixed assets	fixed_assets			depreciation_start_rule		asset begins to be depreciated when it is available for use	text		policy				high	yes	yes	yes	Quoted policy language from Note 2.
HPC_EVT_007	HPC	2024	HPC_BIG_PROJECTS	Haifa_big_projects.csv	Haifa_big_projects.csv		relocation_redevelopment	event	investment_real_estate + replacement_infrastructure	mixed_relocation_assets	HPC_Waterfront_Relocation_2024	Waterfront redevelopment: land swap & new port infrastructure	event_amount_nominal	150000.0		NIS_thousands	NIS	year_month	2024-07	2024.0	2024-07	high	yes	yes	no	amount_status=Max compensation agreed; actual use in assets ~₪115m so far | event_type=relocation | sources=Haifa Port privatization roadshow (2020); HPC 2024 FS pp.55-56 | City waterfront plan: ~56 dunam port land removed for urban use. HPC to get ₪150m and alternate land to relocate port ops:contentReference[oaicite:117]{index=117}. By 2024, ₪115m received; used ~₪19.9m for investment property, ~₪77.6m for new equipment/yard, ~₪7m expenses:contentReference[oaicite:118]{index=118}. New facilities being developed 2022–25. Only the new port infrastructure counts toward K (land reclassified out).
HPC_RAW_2024_04	HPC	2024	HPC_FINANCIALS_RAW	haifa_financials_raw.tsv	Haifa Port Company Ltd.pdf	Balance sheet; cash-flow; Note 8	aggregate_financials_raw	annual_summary		total			admin_dep_amort	7402.0		NIS_thousands	NIS	year		2024.0		medium	yes	yes		Historical cost PPE; IFRS post-privatisation
HPC_RAW_2024_02	HPC	2024	HPC_FINANCIALS_RAW	haifa_financials_raw.tsv	Haifa Port Company Ltd.pdf	Balance sheet; cash-flow; Note 8	aggregate_financials_raw	annual_summary		total			depr_amort_total_cf_adj	63266.0		NIS_thousands	NIS	year		2024.0		medium	yes	yes		Historical cost PPE; IFRS post-privatisation
HPC_RAW_2024_03	HPC	2024	HPC_FINANCIALS_RAW	haifa_financials_raw.tsv	Haifa Port Company Ltd.pdf	Balance sheet; cash-flow; Note 8	aggregate_financials_raw	annual_summary		total			operating_depreciation	55723.0		NIS_thousands	NIS	year		2024.0		medium	yes	yes		Historical cost PPE; IFRS post-privatisation
HPC_RAW_2024_01	HPC	2024	HPC_FINANCIALS_RAW	haifa_financials_raw.tsv	Haifa Port Company Ltd.pdf	Balance sheet; cash-flow; Note 8	aggregate_financials_raw	annual_summary		total			ppe_net_eoy	966652.0		NIS_thousands	NIS	year		2024.0		medium	yes	yes		Historical cost PPE; IFRS post-privatisation
HPC_RAW_2024_05	HPC	2024	HPC_FINANCIALS_RAW	haifa_financials_raw.tsv	Haifa Port Company Ltd.pdf	Balance sheet; cash-flow; Note 8	aggregate_financials_raw	annual_summary		total			purchase_fixed_assets_cashflow	-61123.0		NIS_thousands	NIS	year		2024.0		medium	yes	yes		Historical cost PPE; IFRS post-privatisation
HPC_RAW_2024_06	HPC	2024	HPC_FINANCIALS_RAW	haifa_financials_raw.tsv	Haifa Port Company Ltd.pdf	Balance sheet; cash-flow; Note 8	aggregate_financials_raw	annual_summary		total			purchase_intangibles_cashflow	-2337.0		NIS_thousands	NIS	year		2024.0		medium	yes	yes		Historical cost PPE; IFRS post-privatisation
IPC_T1_2018_004_10	IPC	2018	IPC_RAW_TABLE1	haifa_ipc_raw_table1.csv	haifa_ipc_raw_table1.csv		class_rollforward	ppe_rollforward	bldg_landside	buildings_landside			accdep_close	69830.0		NIS_thousands	NIS	year		2018.0		high	yes	yes		From IPC raw fixed-asset table 1
IPC_T1_2018_004_09	IPC	2018	IPC_RAW_TABLE1	haifa_ipc_raw_table1.csv	haifa_ipc_raw_table1.csv		class_rollforward	ppe_rollforward	bldg_landside	buildings_landside			accdep_disposals	0.0		NIS_thousands	NIS	year		2018.0		high	yes	yes		From IPC raw fixed-asset table 1
IPC_T1_2018_004_07	IPC	2018	IPC_RAW_TABLE1	haifa_ipc_raw_table1.csv	haifa_ipc_raw_table1.csv		class_rollforward	ppe_rollforward	bldg_landside	buildings_landside			accdep_open	57896.0		NIS_thousands	NIS	year		2018.0		high	yes	yes		From IPC raw fixed-asset table 1
IPC_T1_2018_004_02	IPC	2018	IPC_RAW_TABLE1	haifa_ipc_raw_table1.csv	haifa_ipc_raw_table1.csv		class_rollforward	ppe_rollforward	bldg_landside	buildings_landside			additions	0.0		NIS_thousands	NIS	year		2018.0		high	yes	yes	yes	From IPC raw fixed-asset table 1
IPC_T1_2018_004_04	IPC	2018	IPC_RAW_TABLE1	haifa_ipc_raw_table1.csv	haifa_ipc_raw_table1.csv		class_rollforward	ppe_rollforward	bldg_landside	buildings_landside			capitalized_interest	0.0		NIS_thousands	NIS	year		2018.0		high	yes	yes	yes	From IPC raw fixed-asset table 1
IPC_T1_2018_004_03	IPC	2018	IPC_RAW_TABLE1	haifa_ipc_raw_table1.csv	haifa_ipc_raw_table1.csv		class_rollforward	ppe_rollforward	bldg_landside	buildings_landside			commissioned_assets_or_transfers	645.0		NIS_thousands	NIS	year		2018.0		high	yes	yes	yes	From IPC raw fixed-asset table 1
IPC_T1_2018_004_06	IPC	2018	IPC_RAW_TABLE1	haifa_ipc_raw_table1.csv	haifa_ipc_raw_table1.csv		class_rollforward	ppe_rollforward	bldg_landside	buildings_landside			cost_close	243194.0		NIS_thousands	NIS	year		2018.0		high	yes	yes		From IPC raw fixed-asset table 1
IPC_T1_2018_004_01	IPC	2018	IPC_RAW_TABLE1	haifa_ipc_raw_table1.csv	haifa_ipc_raw_table1.csv		class_rollforward	ppe_rollforward	bldg_landside	buildings_landside			cost_open	242549.0		NIS_thousands	NIS	year		2018.0		high	yes	yes		From IPC raw fixed-asset table 1
IPC_T1_2018_004_08	IPC	2018	IPC_RAW_TABLE1	haifa_ipc_raw_table1.csv	haifa_ipc_raw_table1.csv		class_rollforward	ppe_rollforward	bldg_landside	buildings_landside			depreciation_expense	11934.0		NIS_thousands	NIS	year		2018.0		high	yes	yes		From IPC raw fixed-asset table 1
IPC_T1_2018_004_05	IPC	2018	IPC_RAW_TABLE1	haifa_ipc_raw_table1.csv	haifa_ipc_raw_table1.csv		class_rollforward	ppe_rollforward	bldg_landside	buildings_landside			disposals	0.0		NIS_thousands	NIS	year		2018.0		high	yes	yes		From IPC raw fixed-asset table 1
IPC_T1_2018_004_11	IPC	2018	IPC_RAW_TABLE1	haifa_ipc_raw_table1.csv	haifa_ipc_raw_table1.csv		class_rollforward	ppe_rollforward	bldg_landside	buildings_landside			nbv_close	173364.0		NIS_thousands	NIS	year		2018.0		high	yes	yes		From IPC raw fixed-asset table 1
IPC_T1_2018_006_10	IPC	2018	IPC_RAW_TABLE1	haifa_ipc_raw_table1.csv	haifa_ipc_raw_table1.csv		class_rollforward	ppe_rollforward	land	land			accdep_close	70920.0		NIS_thousands	NIS	year		2018.0		high	yes	no		From IPC raw fixed-asset table 1
IPC_T1_2018_006_09	IPC	2018	IPC_RAW_TABLE1	haifa_ipc_raw_table1.csv	haifa_ipc_raw_table1.csv		class_rollforward	ppe_rollforward	land	land			accdep_disposals	0.0		NIS_thousands	NIS	year		2018.0		high	yes	no		From IPC raw fixed-asset table 1
IPC_T1_2018_006_07	IPC	2018	IPC_RAW_TABLE1	haifa_ipc_raw_table1.csv	haifa_ipc_raw_table1.csv		class_rollforward	ppe_rollforward	land	land			accdep_open	58894.0		NIS_thousands	NIS	year		2018.0		high	yes	no		From IPC raw fixed-asset table 1
IPC_T1_2018_006_02	IPC	2018	IPC_RAW_TABLE1	haifa_ipc_raw_table1.csv	haifa_ipc_raw_table1.csv		class_rollforward	ppe_rollforward	land	land			additions	135000.0		NIS_thousands	NIS	year		2018.0		high	yes	no	yes	From IPC raw fixed-asset table 1
IPC_T1_2018_006_04	IPC	2018	IPC_RAW_TABLE1	haifa_ipc_raw_table1.csv	haifa_ipc_raw_table1.csv		class_rollforward	ppe_rollforward	land	land			capitalized_interest	0.0		NIS_thousands	NIS	year		2018.0		high	yes	no	yes	From IPC raw fixed-asset table 1
IPC_T1_2018_006_03	IPC	2018	IPC_RAW_TABLE1	haifa_ipc_raw_table1.csv	haifa_ipc_raw_table1.csv		class_rollforward	ppe_rollforward	land	land			commissioned_assets_or_transfers	0.0		NIS_thousands	NIS	year		2018.0		high	yes	no	yes	From IPC raw fixed-asset table 1
IPC_T1_2018_006_06	IPC	2018	IPC_RAW_TABLE1	haifa_ipc_raw_table1.csv	haifa_ipc_raw_table1.csv		class_rollforward	ppe_rollforward	land	land			cost_close	638887.0		NIS_thousands	NIS	year		2018.0		high	yes	no		From IPC raw fixed-asset table 1
IPC_T1_2018_006_01	IPC	2018	IPC_RAW_TABLE1	haifa_ipc_raw_table1.csv	haifa_ipc_raw_table1.csv		class_rollforward	ppe_rollforward	land	land			cost_open	503887.0		NIS_thousands	NIS	year		2018.0		high	yes	no		From IPC raw fixed-asset table 1
IPC_T1_2018_006_08	IPC	2018	IPC_RAW_TABLE1	haifa_ipc_raw_table1.csv	haifa_ipc_raw_table1.csv		class_rollforward	ppe_rollforward	land	land			depreciation_expense	12026.0		NIS_thousands	NIS	year		2018.0		high	yes	no		From IPC raw fixed-asset table 1
IPC_T1_2018_006_05	IPC	2018	IPC_RAW_TABLE1	haifa_ipc_raw_table1.csv	haifa_ipc_raw_table1.csv		class_rollforward	ppe_rollforward	land	land			disposals	0.0		NIS_thousands	NIS	year		2018.0		high	yes	no		From IPC raw fixed-asset table 1
IPC_T1_2018_006_11	IPC	2018	IPC_RAW_TABLE1	haifa_ipc_raw_table1.csv	haifa_ipc_raw_table1.csv		class_rollforward	ppe_rollforward	land	land			nbv_close	567967.0		NIS_thousands	NIS	year		2018.0		high	yes	no		From IPC raw fixed-asset table 1
IPC_T1_2018_005_10	IPC	2018	IPC_RAW_TABLE1	haifa_ipc_raw_table1.csv	haifa_ipc_raw_table1.csv		class_rollforward	ppe_rollforward	marine	maritime_infrastructure			accdep_close	982867.0		NIS_thousands	NIS	year		2018.0		high	yes	yes		From IPC raw fixed-asset table 1
IPC_T1_2018_005_09	IPC	2018	IPC_RAW_TABLE1	haifa_ipc_raw_table1.csv	haifa_ipc_raw_table1.csv		class_rollforward	ppe_rollforward	marine	maritime_infrastructure			accdep_disposals	0.0		NIS_thousands	NIS	year		2018.0		high	yes	yes		From IPC raw fixed-asset table 1
IPC_T1_2018_005_07	IPC	2018	IPC_RAW_TABLE1	haifa_ipc_raw_table1.csv	haifa_ipc_raw_table1.csv		class_rollforward	ppe_rollforward	marine	maritime_infrastructure			accdep_open	808334.0		NIS_thousands	NIS	year		2018.0		high	yes	yes		From IPC raw fixed-asset table 1
IPC_T1_2018_005_02	IPC	2018	IPC_RAW_TABLE1	haifa_ipc_raw_table1.csv	haifa_ipc_raw_table1.csv		class_rollforward	ppe_rollforward	marine	maritime_infrastructure			additions	0.0		NIS_thousands	NIS	year		2018.0		high	yes	yes	yes	From IPC raw fixed-asset table 1
IPC_T1_2018_005_04	IPC	2018	IPC_RAW_TABLE1	haifa_ipc_raw_table1.csv	haifa_ipc_raw_table1.csv		class_rollforward	ppe_rollforward	marine	maritime_infrastructure			capitalized_interest	0.0		NIS_thousands	NIS	year		2018.0		high	yes	yes	yes	From IPC raw fixed-asset table 1
IPC_T1_2018_005_03	IPC	2018	IPC_RAW_TABLE1	haifa_ipc_raw_table1.csv	haifa_ipc_raw_table1.csv		class_rollforward	ppe_rollforward	marine	maritime_infrastructure			commissioned_assets_or_transfers	43023.0		NIS_thousands	NIS	year		2018.0		high	yes	yes	yes	From IPC raw fixed-asset table 1
IPC_T1_2018_005_06	IPC	2018	IPC_RAW_TABLE1	haifa_ipc_raw_table1.csv	haifa_ipc_raw_table1.csv		class_rollforward	ppe_rollforward	marine	maritime_infrastructure			cost_close	4445676.0		NIS_thousands	NIS	year		2018.0		high	yes	yes		From IPC raw fixed-asset table 1
IPC_T1_2018_005_01	IPC	2018	IPC_RAW_TABLE1	haifa_ipc_raw_table1.csv	haifa_ipc_raw_table1.csv		class_rollforward	ppe_rollforward	marine	maritime_infrastructure			cost_open	4402653.0		NIS_thousands	NIS	year		2018.0		high	yes	yes		From IPC raw fixed-asset table 1
IPC_T1_2018_005_08	IPC	2018	IPC_RAW_TABLE1	haifa_ipc_raw_table1.csv	haifa_ipc_raw_table1.csv		class_rollforward	ppe_rollforward	marine	maritime_infrastructure			depreciation_expense	174533.0		NIS_thousands	NIS	year		2018.0		high	yes	yes		From IPC raw fixed-asset table 1
IPC_T1_2018_005_05	IPC	2018	IPC_RAW_TABLE1	haifa_ipc_raw_table1.csv	haifa_ipc_raw_table1.csv		class_rollforward	ppe_rollforward	marine	maritime_infrastructure			disposals	0.0		NIS_thousands	NIS	year		2018.0		high	yes	yes		From IPC raw fixed-asset table 1
IPC_T1_2018_005_11	IPC	2018	IPC_RAW_TABLE1	haifa_ipc_raw_table1.csv	haifa_ipc_raw_table1.csv		class_rollforward	ppe_rollforward	marine	maritime_infrastructure			nbv_close	3462809.0		NIS_thousands	NIS	year		2018.0		high	yes	yes		From IPC raw fixed-asset table 1
IPC_T1_2018_001_10	IPC	2018	IPC_RAW_TABLE1	haifa_ipc_raw_table1.csv	haifa_ipc_raw_table1.csv		class_rollforward	ppe_rollforward	total	total			accdep_close	1174049.0		NIS_thousands	NIS	year		2018.0		high	yes	yes		From IPC raw fixed-asset table 1
IPC_T1_2018_001_09	IPC	2018	IPC_RAW_TABLE1	haifa_ipc_raw_table1.csv	haifa_ipc_raw_table1.csv		class_rollforward	ppe_rollforward	total	total			accdep_disposals	0.0		NIS_thousands	NIS	year		2018.0		high	yes	yes		From IPC raw fixed-asset table 1
IPC_T1_2018_001_07	IPC	2018	IPC_RAW_TABLE1	haifa_ipc_raw_table1.csv	haifa_ipc_raw_table1.csv		class_rollforward	ppe_rollforward	total	total			accdep_open	964417.0		NIS_thousands	NIS	year		2018.0		high	yes	yes		From IPC raw fixed-asset table 1
IPC_T1_2018_001_02	IPC	2018	IPC_RAW_TABLE1	haifa_ipc_raw_table1.csv	haifa_ipc_raw_table1.csv		class_rollforward	ppe_rollforward	total	total			additions	1590732.0		NIS_thousands	NIS	year		2018.0		high	yes	yes	yes	From IPC raw fixed-asset table 1
IPC_T1_2018_001_04	IPC	2018	IPC_RAW_TABLE1	haifa_ipc_raw_table1.csv	haifa_ipc_raw_table1.csv		class_rollforward	ppe_rollforward	total	total			capitalized_interest	61638.0		NIS_thousands	NIS	year		2018.0		high	yes	yes	yes	From IPC raw fixed-asset table 1
IPC_T1_2018_001_03	IPC	2018	IPC_RAW_TABLE1	haifa_ipc_raw_table1.csv	haifa_ipc_raw_table1.csv		class_rollforward	ppe_rollforward	total	total			commissioned_assets_or_transfers	37107.0		NIS_thousands	NIS	year		2018.0		high	yes	yes	yes	From IPC raw fixed-asset table 1
IPC_T1_2018_001_06	IPC	2018	IPC_RAW_TABLE1	haifa_ipc_raw_table1.csv	haifa_ipc_raw_table1.csv		class_rollforward	ppe_rollforward	total	total			cost_close	12690661.0		NIS_thousands	NIS	year		2018.0		high	yes	yes		From IPC raw fixed-asset table 1
IPC_T1_2018_001_01	IPC	2018	IPC_RAW_TABLE1	haifa_ipc_raw_table1.csv	haifa_ipc_raw_table1.csv		class_rollforward	ppe_rollforward	total	total			cost_open	11001184.0		NIS_thousands	NIS	year		2018.0		high	yes	yes		From IPC raw fixed-asset table 1
IPC_T1_2018_001_08	IPC	2018	IPC_RAW_TABLE1	haifa_ipc_raw_table1.csv	haifa_ipc_raw_table1.csv		class_rollforward	ppe_rollforward	total	total			depreciation_expense	209632.0		NIS_thousands	NIS	year		2018.0		high	yes	yes		From IPC raw fixed-asset table 1
IPC_T1_2018_001_05	IPC	2018	IPC_RAW_TABLE1	haifa_ipc_raw_table1.csv	haifa_ipc_raw_table1.csv		class_rollforward	ppe_rollforward	total	total			disposals	0.0		NIS_thousands	NIS	year		2018.0		high	yes	yes		From IPC raw fixed-asset table 1
IPC_T1_2018_001_11	IPC	2018	IPC_RAW_TABLE1	haifa_ipc_raw_table1.csv	haifa_ipc_raw_table1.csv		class_rollforward	ppe_rollforward	total	total			nbv_close	11516612.0		NIS_thousands	NIS	year		2018.0		high	yes	yes		From IPC raw fixed-asset table 1
IPC_T1_2018_003_10	IPC	2018	IPC_RAW_TABLE1	haifa_ipc_raw_table1.csv	haifa_ipc_raw_table1.csv		class_rollforward	ppe_rollforward	equip_it	vessels_equipment_it			accdep_close	50432.0		NIS_thousands	NIS	year		2018.0		high	yes	yes		From IPC raw fixed-asset table 1
IPC_T1_2018_003_09	IPC	2018	IPC_RAW_TABLE1	haifa_ipc_raw_table1.csv	haifa_ipc_raw_table1.csv		class_rollforward	ppe_rollforward	equip_it	vessels_equipment_it			accdep_disposals	0.0		NIS_thousands	NIS	year		2018.0		high	yes	yes		From IPC raw fixed-asset table 1
IPC_T1_2018_003_07	IPC	2018	IPC_RAW_TABLE1	haifa_ipc_raw_table1.csv	haifa_ipc_raw_table1.csv		class_rollforward	ppe_rollforward	equip_it	vessels_equipment_it			accdep_open	39293.0		NIS_thousands	NIS	year		2018.0		high	yes	yes		From IPC raw fixed-asset table 1
IPC_T1_2018_003_02	IPC	2018	IPC_RAW_TABLE1	haifa_ipc_raw_table1.csv	haifa_ipc_raw_table1.csv		class_rollforward	ppe_rollforward	equip_it	vessels_equipment_it			additions	0.0		NIS_thousands	NIS	year		2018.0		high	yes	yes	yes	From IPC raw fixed-asset table 1
IPC_T1_2018_003_04	IPC	2018	IPC_RAW_TABLE1	haifa_ipc_raw_table1.csv	haifa_ipc_raw_table1.csv		class_rollforward	ppe_rollforward	equip_it	vessels_equipment_it			capitalized_interest	0.0		NIS_thousands	NIS	year		2018.0		high	yes	yes	yes	From IPC raw fixed-asset table 1
IPC_T1_2018_003_03	IPC	2018	IPC_RAW_TABLE1	haifa_ipc_raw_table1.csv	haifa_ipc_raw_table1.csv		class_rollforward	ppe_rollforward	equip_it	vessels_equipment_it			commissioned_assets_or_transfers	9431.0		NIS_thousands	NIS	year		2018.0		high	yes	yes	yes	From IPC raw fixed-asset table 1
IPC_T1_2018_003_06	IPC	2018	IPC_RAW_TABLE1	haifa_ipc_raw_table1.csv	haifa_ipc_raw_table1.csv		class_rollforward	ppe_rollforward	equip_it	vessels_equipment_it			cost_close	76685.0		NIS_thousands	NIS	year		2018.0		high	yes	yes		From IPC raw fixed-asset table 1
IPC_T1_2018_003_01	IPC	2018	IPC_RAW_TABLE1	haifa_ipc_raw_table1.csv	haifa_ipc_raw_table1.csv		class_rollforward	ppe_rollforward	equip_it	vessels_equipment_it			cost_open	67254.0		NIS_thousands	NIS	year		2018.0		high	yes	yes		From IPC raw fixed-asset table 1
IPC_T1_2018_003_08	IPC	2018	IPC_RAW_TABLE1	haifa_ipc_raw_table1.csv	haifa_ipc_raw_table1.csv		class_rollforward	ppe_rollforward	equip_it	vessels_equipment_it			depreciation_expense	11139.0		NIS_thousands	NIS	year		2018.0		high	yes	yes		From IPC raw fixed-asset table 1
IPC_T1_2018_003_05	IPC	2018	IPC_RAW_TABLE1	haifa_ipc_raw_table1.csv	haifa_ipc_raw_table1.csv		class_rollforward	ppe_rollforward	equip_it	vessels_equipment_it			disposals	0.0		NIS_thousands	NIS	year		2018.0		high	yes	yes		From IPC raw fixed-asset table 1
IPC_T1_2018_003_11	IPC	2018	IPC_RAW_TABLE1	haifa_ipc_raw_table1.csv	haifa_ipc_raw_table1.csv		class_rollforward	ppe_rollforward	equip_it	vessels_equipment_it			nbv_close	26253.0		NIS_thousands	NIS	year		2018.0		high	yes	yes		From IPC raw fixed-asset table 1
IPC_T1_2018_002_10	IPC	2018	IPC_RAW_TABLE1	haifa_ipc_raw_table1.csv	haifa_ipc_raw_table1.csv		class_rollforward	ppe_rollforward	wip	wip			accdep_close	0.0		NIS_thousands	NIS	year		2018.0		high	yes	yes		From IPC raw fixed-asset table 1
IPC_T1_2018_002_09	IPC	2018	IPC_RAW_TABLE1	haifa_ipc_raw_table1.csv	haifa_ipc_raw_table1.csv		class_rollforward	ppe_rollforward	wip	wip			accdep_disposals	0.0		NIS_thousands	NIS	year		2018.0		high	yes	yes		From IPC raw fixed-asset table 1
IPC_T1_2018_002_07	IPC	2018	IPC_RAW_TABLE1	haifa_ipc_raw_table1.csv	haifa_ipc_raw_table1.csv		class_rollforward	ppe_rollforward	wip	wip			accdep_open	0.0		NIS_thousands	NIS	year		2018.0		high	yes	yes		From IPC raw fixed-asset table 1
IPC_T1_2018_002_02	IPC	2018	IPC_RAW_TABLE1	haifa_ipc_raw_table1.csv	haifa_ipc_raw_table1.csv		class_rollforward	ppe_rollforward	wip	wip			additions	1455732.0		NIS_thousands	NIS	year		2018.0		high	yes	yes	yes	From IPC raw fixed-asset table 1
IPC_T1_2018_002_04	IPC	2018	IPC_RAW_TABLE1	haifa_ipc_raw_table1.csv	haifa_ipc_raw_table1.csv		class_rollforward	ppe_rollforward	wip	wip			capitalized_interest	61638.0		NIS_thousands	NIS	year		2018.0		high	yes	yes	yes	From IPC raw fixed-asset table 1
IPC_T1_2018_002_03	IPC	2018	IPC_RAW_TABLE1	haifa_ipc_raw_table1.csv	haifa_ipc_raw_table1.csv		class_rollforward	ppe_rollforward	wip	wip			commissioned_assets_or_transfers	-15992.0		NIS_thousands	NIS	year		2018.0		high	yes	yes	yes	From IPC raw fixed-asset table 1
IPC_T1_2018_002_06	IPC	2018	IPC_RAW_TABLE1	haifa_ipc_raw_table1.csv	haifa_ipc_raw_table1.csv		class_rollforward	ppe_rollforward	wip	wip			cost_close	7286219.0		NIS_thousands	NIS	year		2018.0		high	yes	yes		From IPC raw fixed-asset table 1
IPC_T1_2018_002_01	IPC	2018	IPC_RAW_TABLE1	haifa_ipc_raw_table1.csv	haifa_ipc_raw_table1.csv		class_rollforward	ppe_rollforward	wip	wip			cost_open	5784841.0		NIS_thousands	NIS	year		2018.0		high	yes	yes		From IPC raw fixed-asset table 1
IPC_T1_2018_002_08	IPC	2018	IPC_RAW_TABLE1	haifa_ipc_raw_table1.csv	haifa_ipc_raw_table1.csv		class_rollforward	ppe_rollforward	wip	wip			depreciation_expense	0.0		NIS_thousands	NIS	year		2018.0		high	yes	yes		From IPC raw fixed-asset table 1
IPC_T1_2018_002_05	IPC	2018	IPC_RAW_TABLE1	haifa_ipc_raw_table1.csv	haifa_ipc_raw_table1.csv		class_rollforward	ppe_rollforward	wip	wip			disposals	0.0		NIS_thousands	NIS	year		2018.0		high	yes	yes		From IPC raw fixed-asset table 1
IPC_T1_2018_002_11	IPC	2018	IPC_RAW_TABLE1	haifa_ipc_raw_table1.csv	haifa_ipc_raw_table1.csv		class_rollforward	ppe_rollforward	wip	wip			nbv_close	7286219.0		NIS_thousands	NIS	year		2018.0		high	yes	yes		From IPC raw fixed-asset table 1
IPC_T2_2018_05	IPC	2018	IPC_RAW_TABLE2	haifa_ipc_raw_table2.csv	haifa_ipc_raw_table2.csv		annual_summary	annual_summary		total			approx_gross_ppe_investment	1501921.0		NIS_thousands	NIS	year		2018.0		high	yes	yes		From IPC raw fixed-asset table 2
IPC_T2_2018_03	IPC	2018	IPC_RAW_TABLE2	haifa_ipc_raw_table2.csv	haifa_ipc_raw_table2.csv		annual_summary	annual_summary		total			capitalized_interest_ppe	-38162.0		NIS_thousands	NIS	year		2018.0		high	yes	yes		From IPC raw fixed-asset table 2
IPC_T2_2018_01	IPC	2018	IPC_RAW_TABLE2	haifa_ipc_raw_table2.csv	haifa_ipc_raw_table2.csv		annual_summary	annual_summary		total			dep_amort_total	215476.0		NIS_thousands	NIS	year		2018.0		high	yes	yes		From IPC raw fixed-asset table 2
IPC_T2_2018_04	IPC	2018	IPC_RAW_TABLE2	haifa_ipc_raw_table2.csv	haifa_ipc_raw_table2.csv		annual_summary	annual_summary		total			proceeds_sale_ppe_cashflow	1405.0		NIS_thousands	NIS	year		2018.0		high	yes	yes		From IPC raw fixed-asset table 2
IPC_T2_2018_02	IPC	2018	IPC_RAW_TABLE2	haifa_ipc_raw_table2.csv	haifa_ipc_raw_table2.csv		annual_summary	annual_summary		total			purchase_ppe_cashflow	-1462354.0		NIS_thousands	NIS	year		2018.0		high	yes	yes		From IPC raw fixed-asset table 2
IPC_T1_2019_010_10	IPC	2019	IPC_RAW_TABLE1	haifa_ipc_raw_table1.csv	haifa_ipc_raw_table1.csv		class_rollforward	ppe_rollforward	bldg_landside	buildings_landside			accdep_close	83669.0		NIS_thousands	NIS	year		2019.0		high	yes	yes		From IPC raw fixed-asset table 1
IPC_T1_2019_010_09	IPC	2019	IPC_RAW_TABLE1	haifa_ipc_raw_table1.csv	haifa_ipc_raw_table1.csv		class_rollforward	ppe_rollforward	bldg_landside	buildings_landside			accdep_disposals	0.0		NIS_thousands	NIS	year		2019.0		high	yes	yes		From IPC raw fixed-asset table 1
IPC_T1_2019_010_07	IPC	2019	IPC_RAW_TABLE1	haifa_ipc_raw_table1.csv	haifa_ipc_raw_table1.csv		class_rollforward	ppe_rollforward	bldg_landside	buildings_landside			accdep_open	70499.0		NIS_thousands	NIS	year		2019.0		high	yes	yes		From IPC raw fixed-asset table 1
IPC_T1_2019_010_02	IPC	2019	IPC_RAW_TABLE1	haifa_ipc_raw_table1.csv	haifa_ipc_raw_table1.csv		class_rollforward	ppe_rollforward	bldg_landside	buildings_landside			additions	892.0		NIS_thousands	NIS	year		2019.0		high	yes	yes	yes	From IPC raw fixed-asset table 1
IPC_T1_2019_010_04	IPC	2019	IPC_RAW_TABLE1	haifa_ipc_raw_table1.csv	haifa_ipc_raw_table1.csv		class_rollforward	ppe_rollforward	bldg_landside	buildings_landside			capitalized_interest	0.0		NIS_thousands	NIS	year		2019.0		high	yes	yes	yes	From IPC raw fixed-asset table 1
IPC_T1_2019_010_03	IPC	2019	IPC_RAW_TABLE1	haifa_ipc_raw_table1.csv	haifa_ipc_raw_table1.csv		class_rollforward	ppe_rollforward	bldg_landside	buildings_landside			commissioned_assets_or_transfers	2894.0		NIS_thousands	NIS	year		2019.0		high	yes	yes	yes	From IPC raw fixed-asset table 1
IPC_T1_2019_010_06	IPC	2019	IPC_RAW_TABLE1	haifa_ipc_raw_table1.csv	haifa_ipc_raw_table1.csv		class_rollforward	ppe_rollforward	bldg_landside	buildings_landside			cost_close	248756.0		NIS_thousands	NIS	year		2019.0		high	yes	yes		From IPC raw fixed-asset table 1
IPC_T1_2019_010_01	IPC	2019	IPC_RAW_TABLE1	haifa_ipc_raw_table1.csv	haifa_ipc_raw_table1.csv		class_rollforward	ppe_rollforward	bldg_landside	buildings_landside			cost_open	244970.0		NIS_thousands	NIS	year		2019.0		high	yes	yes		From IPC raw fixed-asset table 1
IPC_T1_2019_010_08	IPC	2019	IPC_RAW_TABLE1	haifa_ipc_raw_table1.csv	haifa_ipc_raw_table1.csv		class_rollforward	ppe_rollforward	bldg_landside	buildings_landside			depreciation_expense	13170.0		NIS_thousands	NIS	year		2019.0		high	yes	yes		From IPC raw fixed-asset table 1
IPC_T1_2019_010_05	IPC	2019	IPC_RAW_TABLE1	haifa_ipc_raw_table1.csv	haifa_ipc_raw_table1.csv		class_rollforward	ppe_rollforward	bldg_landside	buildings_landside			disposals	0.0		NIS_thousands	NIS	year		2019.0		high	yes	yes		From IPC raw fixed-asset table 1
IPC_T1_2019_010_11	IPC	2019	IPC_RAW_TABLE1	haifa_ipc_raw_table1.csv	haifa_ipc_raw_table1.csv		class_rollforward	ppe_rollforward	bldg_landside	buildings_landside			nbv_close	165087.0		NIS_thousands	NIS	year		2019.0		high	yes	yes		From IPC raw fixed-asset table 1
IPC_T1_2019_012_10	IPC	2019	IPC_RAW_TABLE1	haifa_ipc_raw_table1.csv	haifa_ipc_raw_table1.csv		class_rollforward	ppe_rollforward	land	land			accdep_close	83602.0		NIS_thousands	NIS	year		2019.0		high	yes	no		From IPC raw fixed-asset table 1
IPC_T1_2019_012_09	IPC	2019	IPC_RAW_TABLE1	haifa_ipc_raw_table1.csv	haifa_ipc_raw_table1.csv		class_rollforward	ppe_rollforward	land	land			accdep_disposals	-314.0		NIS_thousands	NIS	year		2019.0		high	yes	no		From IPC raw fixed-asset table 1
IPC_T1_2019_012_07	IPC	2019	IPC_RAW_TABLE1	haifa_ipc_raw_table1.csv	haifa_ipc_raw_table1.csv		class_rollforward	ppe_rollforward	land	land			accdep_open	70920.0		NIS_thousands	NIS	year		2019.0		high	yes	no		From IPC raw fixed-asset table 1
IPC_T1_2019_012_02	IPC	2019	IPC_RAW_TABLE1	haifa_ipc_raw_table1.csv	haifa_ipc_raw_table1.csv		class_rollforward	ppe_rollforward	land	land			additions	0.0		NIS_thousands	NIS	year		2019.0		high	yes	no	yes	From IPC raw fixed-asset table 1
IPC_T1_2019_012_04	IPC	2019	IPC_RAW_TABLE1	haifa_ipc_raw_table1.csv	haifa_ipc_raw_table1.csv		class_rollforward	ppe_rollforward	land	land			capitalized_interest	0.0		NIS_thousands	NIS	year		2019.0		high	yes	no	yes	From IPC raw fixed-asset table 1
IPC_T1_2019_012_03	IPC	2019	IPC_RAW_TABLE1	haifa_ipc_raw_table1.csv	haifa_ipc_raw_table1.csv		class_rollforward	ppe_rollforward	land	land			commissioned_assets_or_transfers	9304.0		NIS_thousands	NIS	year		2019.0		high	yes	no	yes	From IPC raw fixed-asset table 1
IPC_T1_2019_012_06	IPC	2019	IPC_RAW_TABLE1	haifa_ipc_raw_table1.csv	haifa_ipc_raw_table1.csv		class_rollforward	ppe_rollforward	land	land			cost_close	646307.0		NIS_thousands	NIS	year		2019.0		high	yes	no		From IPC raw fixed-asset table 1
IPC_T1_2019_012_01	IPC	2019	IPC_RAW_TABLE1	haifa_ipc_raw_table1.csv	haifa_ipc_raw_table1.csv		class_rollforward	ppe_rollforward	land	land			cost_open	638887.0		NIS_thousands	NIS	year		2019.0		high	yes	no		From IPC raw fixed-asset table 1
IPC_T1_2019_012_08	IPC	2019	IPC_RAW_TABLE1	haifa_ipc_raw_table1.csv	haifa_ipc_raw_table1.csv		class_rollforward	ppe_rollforward	land	land			depreciation_expense	12996.0		NIS_thousands	NIS	year		2019.0		high	yes	no		From IPC raw fixed-asset table 1
IPC_T1_2019_012_05	IPC	2019	IPC_RAW_TABLE1	haifa_ipc_raw_table1.csv	haifa_ipc_raw_table1.csv		class_rollforward	ppe_rollforward	land	land			disposals	-1884.0		NIS_thousands	NIS	year		2019.0		high	yes	no		From IPC raw fixed-asset table 1
IPC_T1_2019_012_11	IPC	2019	IPC_RAW_TABLE1	haifa_ipc_raw_table1.csv	haifa_ipc_raw_table1.csv		class_rollforward	ppe_rollforward	land	land			nbv_close	562705.0		NIS_thousands	NIS	year		2019.0		high	yes	no		From IPC raw fixed-asset table 1
IPC_T1_2019_011_10	IPC	2019	IPC_RAW_TABLE1	haifa_ipc_raw_table1.csv	haifa_ipc_raw_table1.csv		class_rollforward	ppe_rollforward	marine	maritime_infrastructure			accdep_close	1160664.0		NIS_thousands	NIS	year		2019.0		high	yes	yes		From IPC raw fixed-asset table 1
IPC_T1_2019_011_09	IPC	2019	IPC_RAW_TABLE1	haifa_ipc_raw_table1.csv	haifa_ipc_raw_table1.csv		class_rollforward	ppe_rollforward	marine	maritime_infrastructure			accdep_disposals	0.0		NIS_thousands	NIS	year		2019.0		high	yes	yes		From IPC raw fixed-asset table 1
IPC_T1_2019_011_07	IPC	2019	IPC_RAW_TABLE1	haifa_ipc_raw_table1.csv	haifa_ipc_raw_table1.csv		class_rollforward	ppe_rollforward	marine	maritime_infrastructure			accdep_open	982867.0		NIS_thousands	NIS	year		2019.0		high	yes	yes		From IPC raw fixed-asset table 1
IPC_T1_2019_011_02	IPC	2019	IPC_RAW_TABLE1	haifa_ipc_raw_table1.csv	haifa_ipc_raw_table1.csv		class_rollforward	ppe_rollforward	marine	maritime_infrastructure			additions	0.0		NIS_thousands	NIS	year		2019.0		high	yes	yes	yes	From IPC raw fixed-asset table 1
IPC_T1_2019_011_04	IPC	2019	IPC_RAW_TABLE1	haifa_ipc_raw_table1.csv	haifa_ipc_raw_table1.csv		class_rollforward	ppe_rollforward	marine	maritime_infrastructure			capitalized_interest	0.0		NIS_thousands	NIS	year		2019.0		high	yes	yes	yes	From IPC raw fixed-asset table 1
IPC_T1_2019_011_03	IPC	2019	IPC_RAW_TABLE1	haifa_ipc_raw_table1.csv	haifa_ipc_raw_table1.csv		class_rollforward	ppe_rollforward	marine	maritime_infrastructure			commissioned_assets_or_transfers	141682.0		NIS_thousands	NIS	year		2019.0		high	yes	yes	yes	From IPC raw fixed-asset table 1
IPC_T1_2019_011_06	IPC	2019	IPC_RAW_TABLE1	haifa_ipc_raw_table1.csv	haifa_ipc_raw_table1.csv		class_rollforward	ppe_rollforward	marine	maritime_infrastructure			cost_close	4587358.0		NIS_thousands	NIS	year		2019.0		high	yes	yes		From IPC raw fixed-asset table 1
IPC_T1_2019_011_01	IPC	2019	IPC_RAW_TABLE1	haifa_ipc_raw_table1.csv	haifa_ipc_raw_table1.csv		class_rollforward	ppe_rollforward	marine	maritime_infrastructure			cost_open	4445676.0		NIS_thousands	NIS	year		2019.0		high	yes	yes		From IPC raw fixed-asset table 1
IPC_T1_2019_011_08	IPC	2019	IPC_RAW_TABLE1	haifa_ipc_raw_table1.csv	haifa_ipc_raw_table1.csv		class_rollforward	ppe_rollforward	marine	maritime_infrastructure			depreciation_expense	177797.0		NIS_thousands	NIS	year		2019.0		high	yes	yes		From IPC raw fixed-asset table 1
IPC_T1_2019_011_05	IPC	2019	IPC_RAW_TABLE1	haifa_ipc_raw_table1.csv	haifa_ipc_raw_table1.csv		class_rollforward	ppe_rollforward	marine	maritime_infrastructure			disposals	0.0		NIS_thousands	NIS	year		2019.0		high	yes	yes		From IPC raw fixed-asset table 1
IPC_T1_2019_011_11	IPC	2019	IPC_RAW_TABLE1	haifa_ipc_raw_table1.csv	haifa_ipc_raw_table1.csv		class_rollforward	ppe_rollforward	marine	maritime_infrastructure			nbv_close	3426694.0		NIS_thousands	NIS	year		2019.0		high	yes	yes		From IPC raw fixed-asset table 1
IPC_T1_2019_007_10	IPC	2019	IPC_RAW_TABLE1	haifa_ipc_raw_table1.csv	haifa_ipc_raw_table1.csv		class_rollforward	ppe_rollforward	total	total			accdep_close	1436605.0		NIS_thousands	NIS	year		2019.0		high	yes	yes		From IPC raw fixed-asset table 1
IPC_T1_2019_007_09	IPC	2019	IPC_RAW_TABLE1	haifa_ipc_raw_table1.csv	haifa_ipc_raw_table1.csv		class_rollforward	ppe_rollforward	total	total			accdep_disposals	-348.0		NIS_thousands	NIS	year		2019.0		high	yes	yes		From IPC raw fixed-asset table 1
IPC_T1_2019_007_07	IPC	2019	IPC_RAW_TABLE1	haifa_ipc_raw_table1.csv	haifa_ipc_raw_table1.csv		class_rollforward	ppe_rollforward	total	total			accdep_open	1212313.0		NIS_thousands	NIS	year		2019.0		high	yes	yes		From IPC raw fixed-asset table 1
IPC_T1_2019_007_02	IPC	2019	IPC_RAW_TABLE1	haifa_ipc_raw_table1.csv	haifa_ipc_raw_table1.csv		class_rollforward	ppe_rollforward	total	total			additions	990164.0		NIS_thousands	NIS	year		2019.0		high	yes	yes	yes	From IPC raw fixed-asset table 1
IPC_T1_2019_007_04	IPC	2019	IPC_RAW_TABLE1	haifa_ipc_raw_table1.csv	haifa_ipc_raw_table1.csv		class_rollforward	ppe_rollforward	total	total			capitalized_interest	67092.0		NIS_thousands	NIS	year		2019.0		high	yes	yes	yes	From IPC raw fixed-asset table 1
IPC_T1_2019_007_03	IPC	2019	IPC_RAW_TABLE1	haifa_ipc_raw_table1.csv	haifa_ipc_raw_table1.csv		class_rollforward	ppe_rollforward	total	total			commissioned_assets_or_transfers	50404.0		NIS_thousands	NIS	year		2019.0		high	yes	yes	yes	From IPC raw fixed-asset table 1
IPC_T1_2019_007_06	IPC	2019	IPC_RAW_TABLE1	haifa_ipc_raw_table1.csv	haifa_ipc_raw_table1.csv		class_rollforward	ppe_rollforward	total	total			cost_close	13950537.0		NIS_thousands	NIS	year		2019.0		high	yes	yes		From IPC raw fixed-asset table 1
IPC_T1_2019_007_01	IPC	2019	IPC_RAW_TABLE1	haifa_ipc_raw_table1.csv	haifa_ipc_raw_table1.csv		class_rollforward	ppe_rollforward	total	total			cost_open	12844800.0		NIS_thousands	NIS	year		2019.0		high	yes	yes		From IPC raw fixed-asset table 1
IPC_T1_2019_007_08	IPC	2019	IPC_RAW_TABLE1	haifa_ipc_raw_table1.csv	haifa_ipc_raw_table1.csv		class_rollforward	ppe_rollforward	total	total			depreciation_expense	224640.0		NIS_thousands	NIS	year		2019.0		high	yes	yes		From IPC raw fixed-asset table 1
IPC_T1_2019_007_05	IPC	2019	IPC_RAW_TABLE1	haifa_ipc_raw_table1.csv	haifa_ipc_raw_table1.csv		class_rollforward	ppe_rollforward	total	total			disposals	-1923.0		NIS_thousands	NIS	year		2019.0		high	yes	yes		From IPC raw fixed-asset table 1
IPC_T1_2019_007_11	IPC	2019	IPC_RAW_TABLE1	haifa_ipc_raw_table1.csv	haifa_ipc_raw_table1.csv		class_rollforward	ppe_rollforward	total	total			nbv_close	12513932.0		NIS_thousands	NIS	year		2019.0		high	yes	yes		From IPC raw fixed-asset table 1
IPC_T1_2019_009_10	IPC	2019	IPC_RAW_TABLE1	haifa_ipc_raw_table1.csv	haifa_ipc_raw_table1.csv		class_rollforward	ppe_rollforward	equip_it	vessels_equipment_it			accdep_close	108670.0		NIS_thousands	NIS	year		2019.0		high	yes	yes		From IPC raw fixed-asset table 1
IPC_T1_2019_009_09	IPC	2019	IPC_RAW_TABLE1	haifa_ipc_raw_table1.csv	haifa_ipc_raw_table1.csv		class_rollforward	ppe_rollforward	equip_it	vessels_equipment_it			accdep_disposals	-34.0		NIS_thousands	NIS	year		2019.0		high	yes	yes		From IPC raw fixed-asset table 1
IPC_T1_2019_009_07	IPC	2019	IPC_RAW_TABLE1	haifa_ipc_raw_table1.csv	haifa_ipc_raw_table1.csv		class_rollforward	ppe_rollforward	equip_it	vessels_equipment_it			accdep_open	88027.0		NIS_thousands	NIS	year		2019.0		high	yes	yes		From IPC raw fixed-asset table 1
IPC_T1_2019_009_02	IPC	2019	IPC_RAW_TABLE1	haifa_ipc_raw_table1.csv	haifa_ipc_raw_table1.csv		class_rollforward	ppe_rollforward	equip_it	vessels_equipment_it			additions	553.0		NIS_thousands	NIS	year		2019.0		high	yes	yes	yes	From IPC raw fixed-asset table 1
IPC_T1_2019_009_04	IPC	2019	IPC_RAW_TABLE1	haifa_ipc_raw_table1.csv	haifa_ipc_raw_table1.csv		class_rollforward	ppe_rollforward	equip_it	vessels_equipment_it			capitalized_interest	0.0		NIS_thousands	NIS	year		2019.0		high	yes	yes	yes	From IPC raw fixed-asset table 1
IPC_T1_2019_009_03	IPC	2019	IPC_RAW_TABLE1	haifa_ipc_raw_table1.csv	haifa_ipc_raw_table1.csv		class_rollforward	ppe_rollforward	equip_it	vessels_equipment_it			commissioned_assets_or_transfers	39777.0		NIS_thousands	NIS	year		2019.0		high	yes	yes	yes	From IPC raw fixed-asset table 1
IPC_T1_2019_009_06	IPC	2019	IPC_RAW_TABLE1	haifa_ipc_raw_table1.csv	haifa_ipc_raw_table1.csv		class_rollforward	ppe_rollforward	equip_it	vessels_equipment_it			cost_close	269339.0		NIS_thousands	NIS	year		2019.0		high	yes	yes		From IPC raw fixed-asset table 1
IPC_T1_2019_009_01	IPC	2019	IPC_RAW_TABLE1	haifa_ipc_raw_table1.csv	haifa_ipc_raw_table1.csv		class_rollforward	ppe_rollforward	equip_it	vessels_equipment_it			cost_open	229048.0		NIS_thousands	NIS	year		2019.0		high	yes	yes		From IPC raw fixed-asset table 1
IPC_T1_2019_009_08	IPC	2019	IPC_RAW_TABLE1	haifa_ipc_raw_table1.csv	haifa_ipc_raw_table1.csv		class_rollforward	ppe_rollforward	equip_it	vessels_equipment_it			depreciation_expense	20677.0		NIS_thousands	NIS	year		2019.0		high	yes	yes		From IPC raw fixed-asset table 1
IPC_T1_2019_009_05	IPC	2019	IPC_RAW_TABLE1	haifa_ipc_raw_table1.csv	haifa_ipc_raw_table1.csv		class_rollforward	ppe_rollforward	equip_it	vessels_equipment_it			disposals	-39.0		NIS_thousands	NIS	year		2019.0		high	yes	yes		From IPC raw fixed-asset table 1
IPC_T1_2019_009_11	IPC	2019	IPC_RAW_TABLE1	haifa_ipc_raw_table1.csv	haifa_ipc_raw_table1.csv		class_rollforward	ppe_rollforward	equip_it	vessels_equipment_it			nbv_close	160669.0		NIS_thousands	NIS	year		2019.0		high	yes	yes		From IPC raw fixed-asset table 1
IPC_T1_2019_008_10	IPC	2019	IPC_RAW_TABLE1	haifa_ipc_raw_table1.csv	haifa_ipc_raw_table1.csv		class_rollforward	ppe_rollforward	wip	wip			accdep_close	0.0		NIS_thousands	NIS	year		2019.0		high	yes	yes		From IPC raw fixed-asset table 1
IPC_T1_2019_008_09	IPC	2019	IPC_RAW_TABLE1	haifa_ipc_raw_table1.csv	haifa_ipc_raw_table1.csv		class_rollforward	ppe_rollforward	wip	wip			accdep_disposals	0.0		NIS_thousands	NIS	year		2019.0		high	yes	yes		From IPC raw fixed-asset table 1
IPC_T1_2019_008_07	IPC	2019	IPC_RAW_TABLE1	haifa_ipc_raw_table1.csv	haifa_ipc_raw_table1.csv		class_rollforward	ppe_rollforward	wip	wip			accdep_open	0.0		NIS_thousands	NIS	year		2019.0		high	yes	yes		From IPC raw fixed-asset table 1
IPC_T1_2019_008_02	IPC	2019	IPC_RAW_TABLE1	haifa_ipc_raw_table1.csv	haifa_ipc_raw_table1.csv		class_rollforward	ppe_rollforward	wip	wip			additions	988719.0		NIS_thousands	NIS	year		2019.0		high	yes	yes	yes	From IPC raw fixed-asset table 1
IPC_T1_2019_008_04	IPC	2019	IPC_RAW_TABLE1	haifa_ipc_raw_table1.csv	haifa_ipc_raw_table1.csv		class_rollforward	ppe_rollforward	wip	wip			capitalized_interest	67092.0		NIS_thousands	NIS	year		2019.0		high	yes	yes	yes	From IPC raw fixed-asset table 1
IPC_T1_2019_008_03	IPC	2019	IPC_RAW_TABLE1	haifa_ipc_raw_table1.csv	haifa_ipc_raw_table1.csv		class_rollforward	ppe_rollforward	wip	wip			commissioned_assets_or_transfers	-143253.0		NIS_thousands	NIS	year		2019.0		high	yes	yes	yes	From IPC raw fixed-asset table 1
IPC_T1_2019_008_06	IPC	2019	IPC_RAW_TABLE1	haifa_ipc_raw_table1.csv	haifa_ipc_raw_table1.csv		class_rollforward	ppe_rollforward	wip	wip			cost_close	8198777.0		NIS_thousands	NIS	year		2019.0		high	yes	yes		From IPC raw fixed-asset table 1
IPC_T1_2019_008_01	IPC	2019	IPC_RAW_TABLE1	haifa_ipc_raw_table1.csv	haifa_ipc_raw_table1.csv		class_rollforward	ppe_rollforward	wip	wip			cost_open	7286219.0		NIS_thousands	NIS	year		2019.0		high	yes	yes		From IPC raw fixed-asset table 1
IPC_T1_2019_008_08	IPC	2019	IPC_RAW_TABLE1	haifa_ipc_raw_table1.csv	haifa_ipc_raw_table1.csv		class_rollforward	ppe_rollforward	wip	wip			depreciation_expense	0.0		NIS_thousands	NIS	year		2019.0		high	yes	yes		From IPC raw fixed-asset table 1
IPC_T1_2019_008_05	IPC	2019	IPC_RAW_TABLE1	haifa_ipc_raw_table1.csv	haifa_ipc_raw_table1.csv		class_rollforward	ppe_rollforward	wip	wip			disposals	0.0		NIS_thousands	NIS	year		2019.0		high	yes	yes		From IPC raw fixed-asset table 1
IPC_T1_2019_008_11	IPC	2019	IPC_RAW_TABLE1	haifa_ipc_raw_table1.csv	haifa_ipc_raw_table1.csv		class_rollforward	ppe_rollforward	wip	wip			nbv_close	8198777.0		NIS_thousands	NIS	year		2019.0		high	yes	yes		From IPC raw fixed-asset table 1
IPC_T2_2019_05	IPC	2019	IPC_RAW_TABLE2	haifa_ipc_raw_table2.csv	haifa_ipc_raw_table2.csv		annual_summary	annual_summary		total			approx_gross_ppe_investment	1100386.0		NIS_thousands	NIS	year		2019.0		high	yes	yes		From IPC raw fixed-asset table 2
IPC_T2_2019_03	IPC	2019	IPC_RAW_TABLE2	haifa_ipc_raw_table2.csv	haifa_ipc_raw_table2.csv		annual_summary	annual_summary		total			capitalized_interest_ppe	-48197.0		NIS_thousands	NIS	year		2019.0		high	yes	yes		From IPC raw fixed-asset table 2
IPC_T2_2019_01	IPC	2019	IPC_RAW_TABLE2	haifa_ipc_raw_table2.csv	haifa_ipc_raw_table2.csv		annual_summary	annual_summary		total			dep_amort_total	224640.0		NIS_thousands	NIS	year		2019.0		high	yes	yes		From IPC raw fixed-asset table 2
IPC_T2_2019_04	IPC	2019	IPC_RAW_TABLE2	haifa_ipc_raw_table2.csv	haifa_ipc_raw_table2.csv		annual_summary	annual_summary		total			proceeds_sale_ppe_cashflow	1181.0		NIS_thousands	NIS	year		2019.0		high	yes	yes		From IPC raw fixed-asset table 2
IPC_T2_2019_02	IPC	2019	IPC_RAW_TABLE2	haifa_ipc_raw_table2.csv	haifa_ipc_raw_table2.csv		annual_summary	annual_summary		total			purchase_ppe_cashflow	-1051008.0		NIS_thousands	NIS	year		2019.0		high	yes	yes		From IPC raw fixed-asset table 2
IPC_T1_2020_016_10	IPC	2020	IPC_RAW_TABLE1	haifa_ipc_raw_table1.csv	haifa_ipc_raw_table1.csv		class_rollforward	ppe_rollforward	bldg_landside	buildings_landside			accdep_close	96902.0		NIS_thousands	NIS	year		2020.0		high	yes	yes		From IPC raw fixed-asset table 1
IPC_T1_2020_016_09	IPC	2020	IPC_RAW_TABLE1	haifa_ipc_raw_table1.csv	haifa_ipc_raw_table1.csv		class_rollforward	ppe_rollforward	bldg_landside	buildings_landside			accdep_disposals	0.0		NIS_thousands	NIS	year		2020.0		high	yes	yes		From IPC raw fixed-asset table 1
IPC_T1_2020_016_07	IPC	2020	IPC_RAW_TABLE1	haifa_ipc_raw_table1.csv	haifa_ipc_raw_table1.csv		class_rollforward	ppe_rollforward	bldg_landside	buildings_landside			accdep_open	83669.0		NIS_thousands	NIS	year		2020.0		high	yes	yes		From IPC raw fixed-asset table 1
IPC_T1_2020_016_02	IPC	2020	IPC_RAW_TABLE1	haifa_ipc_raw_table1.csv	haifa_ipc_raw_table1.csv		class_rollforward	ppe_rollforward	bldg_landside	buildings_landside			additions	19.0		NIS_thousands	NIS	year		2020.0		high	yes	yes	yes	From IPC raw fixed-asset table 1
IPC_T1_2020_016_04	IPC	2020	IPC_RAW_TABLE1	haifa_ipc_raw_table1.csv	haifa_ipc_raw_table1.csv		class_rollforward	ppe_rollforward	bldg_landside	buildings_landside			capitalized_interest	0.0		NIS_thousands	NIS	year		2020.0		high	yes	yes	yes	From IPC raw fixed-asset table 1
IPC_T1_2020_016_03	IPC	2020	IPC_RAW_TABLE1	haifa_ipc_raw_table1.csv	haifa_ipc_raw_table1.csv		class_rollforward	ppe_rollforward	bldg_landside	buildings_landside			commissioned_assets_or_transfers	305.0		NIS_thousands	NIS	year		2020.0		high	yes	yes	yes	From IPC raw fixed-asset table 1
IPC_T1_2020_016_06	IPC	2020	IPC_RAW_TABLE1	haifa_ipc_raw_table1.csv	haifa_ipc_raw_table1.csv		class_rollforward	ppe_rollforward	bldg_landside	buildings_landside			cost_close	249080.0		NIS_thousands	NIS	year		2020.0		high	yes	yes		From IPC raw fixed-asset table 1
IPC_T1_2020_016_01	IPC	2020	IPC_RAW_TABLE1	haifa_ipc_raw_table1.csv	haifa_ipc_raw_table1.csv		class_rollforward	ppe_rollforward	bldg_landside	buildings_landside			cost_open	248756.0		NIS_thousands	NIS	year		2020.0		high	yes	yes		From IPC raw fixed-asset table 1
IPC_T1_2020_016_08	IPC	2020	IPC_RAW_TABLE1	haifa_ipc_raw_table1.csv	haifa_ipc_raw_table1.csv		class_rollforward	ppe_rollforward	bldg_landside	buildings_landside			depreciation_expense	13233.0		NIS_thousands	NIS	year		2020.0		high	yes	yes		From IPC raw fixed-asset table 1
IPC_T1_2020_016_05	IPC	2020	IPC_RAW_TABLE1	haifa_ipc_raw_table1.csv	haifa_ipc_raw_table1.csv		class_rollforward	ppe_rollforward	bldg_landside	buildings_landside			disposals	0.0		NIS_thousands	NIS	year		2020.0		high	yes	yes		From IPC raw fixed-asset table 1
IPC_T1_2020_016_11	IPC	2020	IPC_RAW_TABLE1	haifa_ipc_raw_table1.csv	haifa_ipc_raw_table1.csv		class_rollforward	ppe_rollforward	bldg_landside	buildings_landside			nbv_close	152178.0		NIS_thousands	NIS	year		2020.0		high	yes	yes		From IPC raw fixed-asset table 1
IPC_T1_2020_018_10	IPC	2020	IPC_RAW_TABLE1	haifa_ipc_raw_table1.csv	haifa_ipc_raw_table1.csv		class_rollforward	ppe_rollforward	land	land			accdep_close	96655.0		NIS_thousands	NIS	year		2020.0		high	yes	no		From IPC raw fixed-asset table 1
IPC_T1_2020_018_09	IPC	2020	IPC_RAW_TABLE1	haifa_ipc_raw_table1.csv	haifa_ipc_raw_table1.csv		class_rollforward	ppe_rollforward	land	land			accdep_disposals	0.0		NIS_thousands	NIS	year		2020.0		high	yes	no		From IPC raw fixed-asset table 1
IPC_T1_2020_018_07	IPC	2020	IPC_RAW_TABLE1	haifa_ipc_raw_table1.csv	haifa_ipc_raw_table1.csv		class_rollforward	ppe_rollforward	land	land			accdep_open	83602.0		NIS_thousands	NIS	year		2020.0		high	yes	no		From IPC raw fixed-asset table 1
IPC_T1_2020_018_02	IPC	2020	IPC_RAW_TABLE1	haifa_ipc_raw_table1.csv	haifa_ipc_raw_table1.csv		class_rollforward	ppe_rollforward	land	land			additions	170766.0		NIS_thousands	NIS	year		2020.0		high	yes	no	yes	From IPC raw fixed-asset table 1
IPC_T1_2020_018_04	IPC	2020	IPC_RAW_TABLE1	haifa_ipc_raw_table1.csv	haifa_ipc_raw_table1.csv		class_rollforward	ppe_rollforward	land	land			capitalized_interest	0.0		NIS_thousands	NIS	year		2020.0		high	yes	no	yes	From IPC raw fixed-asset table 1
IPC_T1_2020_018_03	IPC	2020	IPC_RAW_TABLE1	haifa_ipc_raw_table1.csv	haifa_ipc_raw_table1.csv		class_rollforward	ppe_rollforward	land	land			commissioned_assets_or_transfers	0.0		NIS_thousands	NIS	year		2020.0		high	yes	no	yes	From IPC raw fixed-asset table 1
IPC_T1_2020_018_06	IPC	2020	IPC_RAW_TABLE1	haifa_ipc_raw_table1.csv	haifa_ipc_raw_table1.csv		class_rollforward	ppe_rollforward	land	land			cost_close	817073.0		NIS_thousands	NIS	year		2020.0		high	yes	no		From IPC raw fixed-asset table 1
IPC_T1_2020_018_01	IPC	2020	IPC_RAW_TABLE1	haifa_ipc_raw_table1.csv	haifa_ipc_raw_table1.csv		class_rollforward	ppe_rollforward	land	land			cost_open	646307.0		NIS_thousands	NIS	year		2020.0		high	yes	no		From IPC raw fixed-asset table 1
IPC_T1_2020_018_08	IPC	2020	IPC_RAW_TABLE1	haifa_ipc_raw_table1.csv	haifa_ipc_raw_table1.csv		class_rollforward	ppe_rollforward	land	land			depreciation_expense	13053.0		NIS_thousands	NIS	year		2020.0		high	yes	no		From IPC raw fixed-asset table 1
IPC_T1_2020_018_05	IPC	2020	IPC_RAW_TABLE1	haifa_ipc_raw_table1.csv	haifa_ipc_raw_table1.csv		class_rollforward	ppe_rollforward	land	land			disposals	0.0		NIS_thousands	NIS	year		2020.0		high	yes	no		From IPC raw fixed-asset table 1
IPC_T1_2020_018_11	IPC	2020	IPC_RAW_TABLE1	haifa_ipc_raw_table1.csv	haifa_ipc_raw_table1.csv		class_rollforward	ppe_rollforward	land	land			nbv_close	720418.0		NIS_thousands	NIS	year		2020.0		high	yes	no		From IPC raw fixed-asset table 1
IPC_T1_2020_017_10	IPC	2020	IPC_RAW_TABLE1	haifa_ipc_raw_table1.csv	haifa_ipc_raw_table1.csv		class_rollforward	ppe_rollforward	marine	maritime_infrastructure			accdep_close	1337199.0		NIS_thousands	NIS	year		2020.0		high	yes	yes		From IPC raw fixed-asset table 1
IPC_T1_2020_017_09	IPC	2020	IPC_RAW_TABLE1	haifa_ipc_raw_table1.csv	haifa_ipc_raw_table1.csv		class_rollforward	ppe_rollforward	marine	maritime_infrastructure			accdep_disposals	-1799.0		NIS_thousands	NIS	year		2020.0		high	yes	yes		From IPC raw fixed-asset table 1
IPC_T1_2020_017_07	IPC	2020	IPC_RAW_TABLE1	haifa_ipc_raw_table1.csv	haifa_ipc_raw_table1.csv		class_rollforward	ppe_rollforward	marine	maritime_infrastructure			accdep_open	1160664.0		NIS_thousands	NIS	year		2020.0		high	yes	yes		From IPC raw fixed-asset table 1
IPC_T1_2020_017_02	IPC	2020	IPC_RAW_TABLE1	haifa_ipc_raw_table1.csv	haifa_ipc_raw_table1.csv		class_rollforward	ppe_rollforward	marine	maritime_infrastructure			additions	0.0		NIS_thousands	NIS	year		2020.0		high	yes	yes	yes	From IPC raw fixed-asset table 1
IPC_T1_2020_017_04	IPC	2020	IPC_RAW_TABLE1	haifa_ipc_raw_table1.csv	haifa_ipc_raw_table1.csv		class_rollforward	ppe_rollforward	marine	maritime_infrastructure			capitalized_interest	0.0		NIS_thousands	NIS	year		2020.0		high	yes	yes	yes	From IPC raw fixed-asset table 1
IPC_T1_2020_017_03	IPC	2020	IPC_RAW_TABLE1	haifa_ipc_raw_table1.csv	haifa_ipc_raw_table1.csv		class_rollforward	ppe_rollforward	marine	maritime_infrastructure			commissioned_assets_or_transfers	10934.0		NIS_thousands	NIS	year		2020.0		high	yes	yes	yes	From IPC raw fixed-asset table 1
IPC_T1_2020_017_06	IPC	2020	IPC_RAW_TABLE1	haifa_ipc_raw_table1.csv	haifa_ipc_raw_table1.csv		class_rollforward	ppe_rollforward	marine	maritime_infrastructure			cost_close	4593795.0		NIS_thousands	NIS	year		2020.0		high	yes	yes		From IPC raw fixed-asset table 1
IPC_T1_2020_017_01	IPC	2020	IPC_RAW_TABLE1	haifa_ipc_raw_table1.csv	haifa_ipc_raw_table1.csv		class_rollforward	ppe_rollforward	marine	maritime_infrastructure			cost_open	4587358.0		NIS_thousands	NIS	year		2020.0		high	yes	yes		From IPC raw fixed-asset table 1
IPC_T1_2020_017_08	IPC	2020	IPC_RAW_TABLE1	haifa_ipc_raw_table1.csv	haifa_ipc_raw_table1.csv		class_rollforward	ppe_rollforward	marine	maritime_infrastructure			depreciation_expense	178334.0		NIS_thousands	NIS	year		2020.0		high	yes	yes		From IPC raw fixed-asset table 1
IPC_T1_2020_017_05	IPC	2020	IPC_RAW_TABLE1	haifa_ipc_raw_table1.csv	haifa_ipc_raw_table1.csv		class_rollforward	ppe_rollforward	marine	maritime_infrastructure			disposals	-4497.0		NIS_thousands	NIS	year		2020.0		high	yes	yes		From IPC raw fixed-asset table 1
IPC_T1_2020_017_11	IPC	2020	IPC_RAW_TABLE1	haifa_ipc_raw_table1.csv	haifa_ipc_raw_table1.csv		class_rollforward	ppe_rollforward	marine	maritime_infrastructure			nbv_close	3256596.0		NIS_thousands	NIS	year		2020.0		high	yes	yes		From IPC raw fixed-asset table 1
IPC_T1_2020_013_10	IPC	2020	IPC_RAW_TABLE1	haifa_ipc_raw_table1.csv	haifa_ipc_raw_table1.csv		class_rollforward	ppe_rollforward	total	total			accdep_close	1660023.0		NIS_thousands	NIS	year		2020.0		high	yes	yes		From IPC raw fixed-asset table 1
IPC_T1_2020_013_09	IPC	2020	IPC_RAW_TABLE1	haifa_ipc_raw_table1.csv	haifa_ipc_raw_table1.csv		class_rollforward	ppe_rollforward	total	total			accdep_disposals	-1799.0		NIS_thousands	NIS	year		2020.0		high	yes	yes		From IPC raw fixed-asset table 1
IPC_T1_2020_013_07	IPC	2020	IPC_RAW_TABLE1	haifa_ipc_raw_table1.csv	haifa_ipc_raw_table1.csv		class_rollforward	ppe_rollforward	total	total			accdep_open	1436605.0		NIS_thousands	NIS	year		2020.0		high	yes	yes		From IPC raw fixed-asset table 1
IPC_T1_2020_013_02	IPC	2020	IPC_RAW_TABLE1	haifa_ipc_raw_table1.csv	haifa_ipc_raw_table1.csv		class_rollforward	ppe_rollforward	total	total			additions	534595.0		NIS_thousands	NIS	year		2020.0		high	yes	yes	yes	From IPC raw fixed-asset table 1
IPC_T1_2020_013_04	IPC	2020	IPC_RAW_TABLE1	haifa_ipc_raw_table1.csv	haifa_ipc_raw_table1.csv		class_rollforward	ppe_rollforward	total	total			capitalized_interest	26784.0		NIS_thousands	NIS	year		2020.0		high	yes	yes	yes	From IPC raw fixed-asset table 1
IPC_T1_2020_013_03	IPC	2020	IPC_RAW_TABLE1	haifa_ipc_raw_table1.csv	haifa_ipc_raw_table1.csv		class_rollforward	ppe_rollforward	total	total			commissioned_assets_or_transfers	18673.0		NIS_thousands	NIS	year		2020.0		high	yes	yes	yes	From IPC raw fixed-asset table 1
IPC_T1_2020_013_06	IPC	2020	IPC_RAW_TABLE1	haifa_ipc_raw_table1.csv	haifa_ipc_raw_table1.csv		class_rollforward	ppe_rollforward	total	total			cost_close	14526092.0		NIS_thousands	NIS	year		2020.0		high	yes	yes		From IPC raw fixed-asset table 1
IPC_T1_2020_013_01	IPC	2020	IPC_RAW_TABLE1	haifa_ipc_raw_table1.csv	haifa_ipc_raw_table1.csv		class_rollforward	ppe_rollforward	total	total			cost_open	13950537.0		NIS_thousands	NIS	year		2020.0		high	yes	yes		From IPC raw fixed-asset table 1
IPC_T1_2020_013_08	IPC	2020	IPC_RAW_TABLE1	haifa_ipc_raw_table1.csv	haifa_ipc_raw_table1.csv		class_rollforward	ppe_rollforward	total	total			depreciation_expense	225217.0		NIS_thousands	NIS	year		2020.0		high	yes	yes		From IPC raw fixed-asset table 1
IPC_T1_2020_013_05	IPC	2020	IPC_RAW_TABLE1	haifa_ipc_raw_table1.csv	haifa_ipc_raw_table1.csv		class_rollforward	ppe_rollforward	total	total			disposals	-4497.0		NIS_thousands	NIS	year		2020.0		high	yes	yes		From IPC raw fixed-asset table 1
IPC_T1_2020_013_11	IPC	2020	IPC_RAW_TABLE1	haifa_ipc_raw_table1.csv	haifa_ipc_raw_table1.csv		class_rollforward	ppe_rollforward	total	total			nbv_close	12866069.0		NIS_thousands	NIS	year		2020.0		high	yes	yes		From IPC raw fixed-asset table 1
IPC_T1_2020_015_10	IPC	2020	IPC_RAW_TABLE1	haifa_ipc_raw_table1.csv	haifa_ipc_raw_table1.csv		class_rollforward	ppe_rollforward	equip_it	vessels_equipment_it			accdep_close	129267.0		NIS_thousands	NIS	year		2020.0		high	yes	yes		From IPC raw fixed-asset table 1
IPC_T1_2020_015_09	IPC	2020	IPC_RAW_TABLE1	haifa_ipc_raw_table1.csv	haifa_ipc_raw_table1.csv		class_rollforward	ppe_rollforward	equip_it	vessels_equipment_it			accdep_disposals	0.0		NIS_thousands	NIS	year		2020.0		high	yes	yes		From IPC raw fixed-asset table 1
IPC_T1_2020_015_07	IPC	2020	IPC_RAW_TABLE1	haifa_ipc_raw_table1.csv	haifa_ipc_raw_table1.csv		class_rollforward	ppe_rollforward	equip_it	vessels_equipment_it			accdep_open	108670.0		NIS_thousands	NIS	year		2020.0		high	yes	yes		From IPC raw fixed-asset table 1
IPC_T1_2020_015_02	IPC	2020	IPC_RAW_TABLE1	haifa_ipc_raw_table1.csv	haifa_ipc_raw_table1.csv		class_rollforward	ppe_rollforward	equip_it	vessels_equipment_it			additions	1019.0		NIS_thousands	NIS	year		2020.0		high	yes	yes	yes	From IPC raw fixed-asset table 1
IPC_T1_2020_015_04	IPC	2020	IPC_RAW_TABLE1	haifa_ipc_raw_table1.csv	haifa_ipc_raw_table1.csv		class_rollforward	ppe_rollforward	equip_it	vessels_equipment_it			capitalized_interest	0.0		NIS_thousands	NIS	year		2020.0		high	yes	yes	yes	From IPC raw fixed-asset table 1
IPC_T1_2020_015_03	IPC	2020	IPC_RAW_TABLE1	haifa_ipc_raw_table1.csv	haifa_ipc_raw_table1.csv		class_rollforward	ppe_rollforward	equip_it	vessels_equipment_it			commissioned_assets_or_transfers	6993.0		NIS_thousands	NIS	year		2020.0		high	yes	yes	yes	From IPC raw fixed-asset table 1
IPC_T1_2020_015_06	IPC	2020	IPC_RAW_TABLE1	haifa_ipc_raw_table1.csv	haifa_ipc_raw_table1.csv		class_rollforward	ppe_rollforward	equip_it	vessels_equipment_it			cost_close	277351.0		NIS_thousands	NIS	year		2020.0		high	yes	yes		From IPC raw fixed-asset table 1
IPC_T1_2020_015_01	IPC	2020	IPC_RAW_TABLE1	haifa_ipc_raw_table1.csv	haifa_ipc_raw_table1.csv		class_rollforward	ppe_rollforward	equip_it	vessels_equipment_it			cost_open	269339.0		NIS_thousands	NIS	year		2020.0		high	yes	yes		From IPC raw fixed-asset table 1
IPC_T1_2020_015_08	IPC	2020	IPC_RAW_TABLE1	haifa_ipc_raw_table1.csv	haifa_ipc_raw_table1.csv		class_rollforward	ppe_rollforward	equip_it	vessels_equipment_it			depreciation_expense	20597.0		NIS_thousands	NIS	year		2020.0		high	yes	yes		From IPC raw fixed-asset table 1
IPC_T1_2020_015_05	IPC	2020	IPC_RAW_TABLE1	haifa_ipc_raw_table1.csv	haifa_ipc_raw_table1.csv		class_rollforward	ppe_rollforward	equip_it	vessels_equipment_it			disposals	0.0		NIS_thousands	NIS	year		2020.0		high	yes	yes		From IPC raw fixed-asset table 1
IPC_T1_2020_015_11	IPC	2020	IPC_RAW_TABLE1	haifa_ipc_raw_table1.csv	haifa_ipc_raw_table1.csv		class_rollforward	ppe_rollforward	equip_it	vessels_equipment_it			nbv_close	148084.0		NIS_thousands	NIS	year		2020.0		high	yes	yes		From IPC raw fixed-asset table 1
IPC_T1_2020_014_10	IPC	2020	IPC_RAW_TABLE1	haifa_ipc_raw_table1.csv	haifa_ipc_raw_table1.csv		class_rollforward	ppe_rollforward	wip	wip			accdep_close	0.0		NIS_thousands	NIS	year		2020.0		high	yes	yes		From IPC raw fixed-asset table 1
IPC_T1_2020_014_09	IPC	2020	IPC_RAW_TABLE1	haifa_ipc_raw_table1.csv	haifa_ipc_raw_table1.csv		class_rollforward	ppe_rollforward	wip	wip			accdep_disposals	0.0		NIS_thousands	NIS	year		2020.0		high	yes	yes		From IPC raw fixed-asset table 1
IPC_T1_2020_014_07	IPC	2020	IPC_RAW_TABLE1	haifa_ipc_raw_table1.csv	haifa_ipc_raw_table1.csv		class_rollforward	ppe_rollforward	wip	wip			accdep_open	0.0		NIS_thousands	NIS	year		2020.0		high	yes	yes		From IPC raw fixed-asset table 1
IPC_T1_2020_014_02	IPC	2020	IPC_RAW_TABLE1	haifa_ipc_raw_table1.csv	haifa_ipc_raw_table1.csv		class_rollforward	ppe_rollforward	wip	wip			additions	362791.0		NIS_thousands	NIS	year		2020.0		high	yes	yes	yes	From IPC raw fixed-asset table 1
IPC_T1_2020_014_04	IPC	2020	IPC_RAW_TABLE1	haifa_ipc_raw_table1.csv	haifa_ipc_raw_table1.csv		class_rollforward	ppe_rollforward	wip	wip			capitalized_interest	26784.0		NIS_thousands	NIS	year		2020.0		high	yes	yes	yes	From IPC raw fixed-asset table 1
IPC_T1_2020_014_03	IPC	2020	IPC_RAW_TABLE1	haifa_ipc_raw_table1.csv	haifa_ipc_raw_table1.csv		class_rollforward	ppe_rollforward	wip	wip			commissioned_assets_or_transfers	441.0		NIS_thousands	NIS	year		2020.0		high	yes	yes	yes	From IPC raw fixed-asset table 1
IPC_T1_2020_014_06	IPC	2020	IPC_RAW_TABLE1	haifa_ipc_raw_table1.csv	haifa_ipc_raw_table1.csv		class_rollforward	ppe_rollforward	wip	wip			cost_close	8588793.0		NIS_thousands	NIS	year		2020.0		high	yes	yes		From IPC raw fixed-asset table 1
IPC_T1_2020_014_01	IPC	2020	IPC_RAW_TABLE1	haifa_ipc_raw_table1.csv	haifa_ipc_raw_table1.csv		class_rollforward	ppe_rollforward	wip	wip			cost_open	8198777.0		NIS_thousands	NIS	year		2020.0		high	yes	yes		From IPC raw fixed-asset table 1
IPC_T1_2020_014_08	IPC	2020	IPC_RAW_TABLE1	haifa_ipc_raw_table1.csv	haifa_ipc_raw_table1.csv		class_rollforward	ppe_rollforward	wip	wip			depreciation_expense	0.0		NIS_thousands	NIS	year		2020.0		high	yes	yes		From IPC raw fixed-asset table 1
IPC_T1_2020_014_05	IPC	2020	IPC_RAW_TABLE1	haifa_ipc_raw_table1.csv	haifa_ipc_raw_table1.csv		class_rollforward	ppe_rollforward	wip	wip			disposals	0.0		NIS_thousands	NIS	year		2020.0		high	yes	yes		From IPC raw fixed-asset table 1
IPC_T1_2020_014_11	IPC	2020	IPC_RAW_TABLE1	haifa_ipc_raw_table1.csv	haifa_ipc_raw_table1.csv		class_rollforward	ppe_rollforward	wip	wip			nbv_close	8588793.0		NIS_thousands	NIS	year		2020.0		high	yes	yes		From IPC raw fixed-asset table 1
IPC_T2_2020_05	IPC	2020	IPC_RAW_TABLE2	haifa_ipc_raw_table2.csv	haifa_ipc_raw_table2.csv		annual_summary	annual_summary		total			approx_gross_ppe_investment	560898.0		NIS_thousands	NIS	year		2020.0		high	yes	yes		From IPC raw fixed-asset table 2
IPC_T2_2020_03	IPC	2020	IPC_RAW_TABLE2	haifa_ipc_raw_table2.csv	haifa_ipc_raw_table2.csv		annual_summary	annual_summary		total			capitalized_interest_ppe	-80949.0		NIS_thousands	NIS	year		2020.0		high	yes	yes		From IPC raw fixed-asset table 2
IPC_T2_2020_01	IPC	2020	IPC_RAW_TABLE2	haifa_ipc_raw_table2.csv	haifa_ipc_raw_table2.csv		annual_summary	annual_summary		total			dep_amort_total	238299.0		NIS_thousands	NIS	year		2020.0		high	yes	yes		From IPC raw fixed-asset table 2
IPC_T2_2020_04	IPC	2020	IPC_RAW_TABLE2	haifa_ipc_raw_table2.csv	haifa_ipc_raw_table2.csv		annual_summary	annual_summary		total			proceeds_sale_ppe_cashflow	1090.0		NIS_thousands	NIS	year		2020.0		high	yes	yes		From IPC raw fixed-asset table 2
IPC_T2_2020_02	IPC	2020	IPC_RAW_TABLE2	haifa_ipc_raw_table2.csv	haifa_ipc_raw_table2.csv		annual_summary	annual_summary		total			purchase_ppe_cashflow	-478859.0		NIS_thousands	NIS	year		2020.0		high	yes	yes		From IPC raw fixed-asset table 2
IPC_T1_2021_019_10	IPC	2021	IPC_RAW_TABLE1	haifa_ipc_raw_table1.csv	haifa_ipc_raw_table1.csv		class_rollforward	ppe_rollforward	total	total			accdep_close	1986786.0		NIS_thousands	NIS	year		2021.0		high	yes	yes		From IPC raw fixed-asset table 1
IPC_T1_2021_019_02	IPC	2021	IPC_RAW_TABLE1	haifa_ipc_raw_table1.csv	haifa_ipc_raw_table1.csv		class_rollforward	ppe_rollforward	total	total			additions	439792.0		NIS_thousands	NIS	year		2021.0		high	yes	yes	yes	From IPC raw fixed-asset table 1
IPC_T1_2021_019_04	IPC	2021	IPC_RAW_TABLE1	haifa_ipc_raw_table1.csv	haifa_ipc_raw_table1.csv		class_rollforward	ppe_rollforward	total	total			capitalized_interest	137809.0		NIS_thousands	NIS	year		2021.0		high	yes	yes	yes	From IPC raw fixed-asset table 1
IPC_T1_2021_019_03	IPC	2021	IPC_RAW_TABLE1	haifa_ipc_raw_table1.csv	haifa_ipc_raw_table1.csv		class_rollforward	ppe_rollforward	total	total			commissioned_assets_or_transfers	-14574.0		NIS_thousands	NIS	year		2021.0		high	yes	yes	yes	From IPC raw fixed-asset table 1
IPC_T1_2021_019_06	IPC	2021	IPC_RAW_TABLE1	haifa_ipc_raw_table1.csv	haifa_ipc_raw_table1.csv		class_rollforward	ppe_rollforward	total	total			cost_close	15196582.0		NIS_thousands	NIS	year		2021.0		high	yes	yes		From IPC raw fixed-asset table 1
IPC_T1_2021_019_01	IPC	2021	IPC_RAW_TABLE1	haifa_ipc_raw_table1.csv	haifa_ipc_raw_table1.csv		class_rollforward	ppe_rollforward	total	total			cost_open	14633555.0		NIS_thousands	NIS	year		2021.0		high	yes	yes		From IPC raw fixed-asset table 1
IPC_T1_2021_019_05	IPC	2021	IPC_RAW_TABLE1	haifa_ipc_raw_table1.csv	haifa_ipc_raw_table1.csv		class_rollforward	ppe_rollforward	total	total			disposals	0.0		NIS_thousands	NIS	year		2021.0		high	yes	yes		From IPC raw fixed-asset table 1
IPC_T1_2021_019_11	IPC	2021	IPC_RAW_TABLE1	haifa_ipc_raw_table1.csv	haifa_ipc_raw_table1.csv		class_rollforward	ppe_rollforward	total	total			nbv_close	13209796.0		NIS_thousands	NIS	year		2021.0		high	yes	yes		From IPC raw fixed-asset table 1
IPC_T2_2021_05	IPC	2021	IPC_RAW_TABLE2	haifa_ipc_raw_table2.csv	haifa_ipc_raw_table2.csv		annual_summary	annual_summary		total			approx_gross_ppe_investment	419197.0		NIS_thousands	NIS	year		2021.0		high	yes	yes		From IPC raw fixed-asset table 2
IPC_T2_2021_03	IPC	2021	IPC_RAW_TABLE2	haifa_ipc_raw_table2.csv	haifa_ipc_raw_table2.csv		annual_summary	annual_summary		total			capitalized_interest_ppe	-54292.0		NIS_thousands	NIS	year		2021.0		high	yes	yes		From IPC raw fixed-asset table 2
IPC_T2_2021_01	IPC	2021	IPC_RAW_TABLE2	haifa_ipc_raw_table2.csv	haifa_ipc_raw_table2.csv		annual_summary	annual_summary		total			dep_amort_total	282698.0		NIS_thousands	NIS	year		2021.0		high	yes	yes		From IPC raw fixed-asset table 2
IPC_T2_2021_04	IPC	2021	IPC_RAW_TABLE2	haifa_ipc_raw_table2.csv	haifa_ipc_raw_table2.csv		annual_summary	annual_summary		total			proceeds_sale_ppe_cashflow	0.0		NIS_thousands	NIS	year		2021.0		high	yes	yes		From IPC raw fixed-asset table 2
IPC_T2_2021_02	IPC	2021	IPC_RAW_TABLE2	haifa_ipc_raw_table2.csv	haifa_ipc_raw_table2.csv		annual_summary	annual_summary		total			purchase_ppe_cashflow	-364905.0		NIS_thousands	NIS	year		2021.0		high	yes	yes		From IPC raw fixed-asset table 2
IPC_2024_AR_CAPINT_2022	IPC	2022	IPC_2024_AR	companies_data_and_reports_israport_financial_report_2024_year.pdf	Israel Ports Company / Israport 2024 annual report	184.0	ביאור 10 – רכוש קבוע, נטו	annual_summary		total			capitalized_borrowing_costs	18930.0		NIS_thousands	NIS	year		2022.0		high	yes	yes	yes	Capitalized borrowing costs for qualifying assets; capitalization rate 5.6%.
IPC_2024_AR_CAPRATE_2022	IPC	2022	IPC_2024_AR	companies_data_and_reports_israport_financial_report_2024_year.pdf	Israel Ports Company / Israport 2024 annual report	184.0	ביאור 10 – רכוש קבוע, נטו	dep_policy	qualified assets	mixed_qualifying_assets			capitalization_rate	0.056		pct_decimal		policy				high	yes	yes		Rate used to capitalize borrowing costs.
IPC_T1_2022_023_10	IPC	2022	IPC_RAW_TABLE1	haifa_ipc_raw_table1.csv	haifa_ipc_raw_table1.csv		class_rollforward	ppe_rollforward	bldg_landside	buildings_landside			accdep_close	125479.0		NIS_thousands	NIS	year		2022.0		high	yes	yes		From IPC raw fixed-asset table 1
IPC_T1_2022_023_02	IPC	2022	IPC_RAW_TABLE1	haifa_ipc_raw_table1.csv	haifa_ipc_raw_table1.csv		class_rollforward	ppe_rollforward	bldg_landside	buildings_landside			additions	1113.0		NIS_thousands	NIS	year		2022.0		high	yes	yes	yes	From IPC raw fixed-asset table 1
IPC_T1_2022_023_04	IPC	2022	IPC_RAW_TABLE1	haifa_ipc_raw_table1.csv	haifa_ipc_raw_table1.csv		class_rollforward	ppe_rollforward	bldg_landside	buildings_landside			capitalized_interest	0.0		NIS_thousands	NIS	year		2022.0		high	yes	yes	yes	From IPC raw fixed-asset table 1
IPC_T1_2022_023_03	IPC	2022	IPC_RAW_TABLE1	haifa_ipc_raw_table1.csv	haifa_ipc_raw_table1.csv		class_rollforward	ppe_rollforward	bldg_landside	buildings_landside			commissioned_assets_or_transfers	0.0		NIS_thousands	NIS	year		2022.0		high	yes	yes	yes	From IPC raw fixed-asset table 1
IPC_T1_2022_023_06	IPC	2022	IPC_RAW_TABLE1	haifa_ipc_raw_table1.csv	haifa_ipc_raw_table1.csv		class_rollforward	ppe_rollforward	bldg_landside	buildings_landside			cost_close	271361.0		NIS_thousands	NIS	year		2022.0		high	yes	yes		From IPC raw fixed-asset table 1
IPC_T1_2022_023_01	IPC	2022	IPC_RAW_TABLE1	haifa_ipc_raw_table1.csv	haifa_ipc_raw_table1.csv		class_rollforward	ppe_rollforward	bldg_landside	buildings_landside			cost_open	270248.0		NIS_thousands	NIS	year		2022.0		high	yes	yes		From IPC raw fixed-asset table 1
IPC_T1_2022_023_05	IPC	2022	IPC_RAW_TABLE1	haifa_ipc_raw_table1.csv	haifa_ipc_raw_table1.csv		class_rollforward	ppe_rollforward	bldg_landside	buildings_landside			disposals	0.0		NIS_thousands	NIS	year		2022.0		high	yes	yes		From IPC raw fixed-asset table 1
IPC_T1_2022_023_11	IPC	2022	IPC_RAW_TABLE1	haifa_ipc_raw_table1.csv	haifa_ipc_raw_table1.csv		class_rollforward	ppe_rollforward	bldg_landside	buildings_landside			nbv_close	145882.0		NIS_thousands	NIS	year		2022.0		high	yes	yes		From IPC raw fixed-asset table 1
IPC_T1_2022_025_10	IPC	2022	IPC_RAW_TABLE1	haifa_ipc_raw_table1.csv	haifa_ipc_raw_table1.csv		class_rollforward	ppe_rollforward	land	land			accdep_close	150627.0		NIS_thousands	NIS	year		2022.0		high	yes	no		From IPC raw fixed-asset table 1
IPC_T1_2022_025_02	IPC	2022	IPC_RAW_TABLE1	haifa_ipc_raw_table1.csv	haifa_ipc_raw_table1.csv		class_rollforward	ppe_rollforward	land	land			additions	225146.0		NIS_thousands	NIS	year		2022.0		high	yes	no	yes	From IPC raw fixed-asset table 1
IPC_T1_2022_025_04	IPC	2022	IPC_RAW_TABLE1	haifa_ipc_raw_table1.csv	haifa_ipc_raw_table1.csv		class_rollforward	ppe_rollforward	land	land			capitalized_interest	0.0		NIS_thousands	NIS	year		2022.0		high	yes	no	yes	From IPC raw fixed-asset table 1
IPC_T1_2022_025_03	IPC	2022	IPC_RAW_TABLE1	haifa_ipc_raw_table1.csv	haifa_ipc_raw_table1.csv		class_rollforward	ppe_rollforward	land	land			commissioned_assets_or_transfers	0.0		NIS_thousands	NIS	year		2022.0		high	yes	no	yes	From IPC raw fixed-asset table 1
IPC_T1_2022_025_06	IPC	2022	IPC_RAW_TABLE1	haifa_ipc_raw_table1.csv	haifa_ipc_raw_table1.csv		class_rollforward	ppe_rollforward	land	land			cost_close	1181936.0		NIS_thousands	NIS	year		2022.0		high	yes	no		From IPC raw fixed-asset table 1
IPC_T1_2022_025_01	IPC	2022	IPC_RAW_TABLE1	haifa_ipc_raw_table1.csv	haifa_ipc_raw_table1.csv		class_rollforward	ppe_rollforward	land	land			cost_open	966048.0		NIS_thousands	NIS	year		2022.0		high	yes	no		From IPC raw fixed-asset table 1
IPC_T1_2022_025_05	IPC	2022	IPC_RAW_TABLE1	haifa_ipc_raw_table1.csv	haifa_ipc_raw_table1.csv		class_rollforward	ppe_rollforward	land	land			disposals	-9258.0		NIS_thousands	NIS	year		2022.0		high	yes	no		From IPC raw fixed-asset table 1
IPC_T1_2022_025_11	IPC	2022	IPC_RAW_TABLE1	haifa_ipc_raw_table1.csv	haifa_ipc_raw_table1.csv		class_rollforward	ppe_rollforward	land	land			nbv_close	1031309.0		NIS_thousands	NIS	year		2022.0		high	yes	no		From IPC raw fixed-asset table 1
IPC_T1_2022_024_10	IPC	2022	IPC_RAW_TABLE1	haifa_ipc_raw_table1.csv	haifa_ipc_raw_table1.csv		class_rollforward	ppe_rollforward	marine	maritime_infrastructure			accdep_close	2002705.0		NIS_thousands	NIS	year		2022.0		high	yes	yes		From IPC raw fixed-asset table 1
IPC_T1_2022_024_02	IPC	2022	IPC_RAW_TABLE1	haifa_ipc_raw_table1.csv	haifa_ipc_raw_table1.csv		class_rollforward	ppe_rollforward	marine	maritime_infrastructure			additions	44626.0		NIS_thousands	NIS	year		2022.0		high	yes	yes	yes	From IPC raw fixed-asset table 1
IPC_T1_2022_024_04	IPC	2022	IPC_RAW_TABLE1	haifa_ipc_raw_table1.csv	haifa_ipc_raw_table1.csv		class_rollforward	ppe_rollforward	marine	maritime_infrastructure			capitalized_interest	18930.0		NIS_thousands	NIS	year		2022.0		high	yes	yes	yes	From IPC raw fixed-asset table 1
IPC_T1_2022_024_03	IPC	2022	IPC_RAW_TABLE1	haifa_ipc_raw_table1.csv	haifa_ipc_raw_table1.csv		class_rollforward	ppe_rollforward	marine	maritime_infrastructure			commissioned_assets_or_transfers	4040986.0		NIS_thousands	NIS	year		2022.0		high	yes	yes	yes	From IPC raw fixed-asset table 1
IPC_T1_2022_024_06	IPC	2022	IPC_RAW_TABLE1	haifa_ipc_raw_table1.csv	haifa_ipc_raw_table1.csv		class_rollforward	ppe_rollforward	marine	maritime_infrastructure			cost_close	13371296.0		NIS_thousands	NIS	year		2022.0		high	yes	yes		From IPC raw fixed-asset table 1
IPC_T1_2022_024_01	IPC	2022	IPC_RAW_TABLE1	haifa_ipc_raw_table1.csv	haifa_ipc_raw_table1.csv		class_rollforward	ppe_rollforward	marine	maritime_infrastructure			cost_open	9266754.0		NIS_thousands	NIS	year		2022.0		high	yes	yes		From IPC raw fixed-asset table 1
IPC_T1_2022_024_05	IPC	2022	IPC_RAW_TABLE1	haifa_ipc_raw_table1.csv	haifa_ipc_raw_table1.csv		class_rollforward	ppe_rollforward	marine	maritime_infrastructure			disposals	0.0		NIS_thousands	NIS	year		2022.0		high	yes	yes		From IPC raw fixed-asset table 1
IPC_T1_2022_024_11	IPC	2022	IPC_RAW_TABLE1	haifa_ipc_raw_table1.csv	haifa_ipc_raw_table1.csv		class_rollforward	ppe_rollforward	marine	maritime_infrastructure			nbv_close	11368591.0		NIS_thousands	NIS	year		2022.0		high	yes	yes		From IPC raw fixed-asset table 1
IPC_T1_2022_020_10	IPC	2022	IPC_RAW_TABLE1	haifa_ipc_raw_table1.csv	haifa_ipc_raw_table1.csv		class_rollforward	ppe_rollforward	total	total			accdep_close	2503125.0		NIS_thousands	NIS	year		2022.0		high	yes	yes		From IPC raw fixed-asset table 1
IPC_T1_2022_020_09	IPC	2022	IPC_RAW_TABLE1	haifa_ipc_raw_table1.csv	haifa_ipc_raw_table1.csv		class_rollforward	ppe_rollforward	total	total			accdep_disposals	-5635.0		NIS_thousands	NIS	year		2022.0		high	yes	yes		From IPC raw fixed-asset table 1
IPC_T1_2022_020_07	IPC	2022	IPC_RAW_TABLE1	haifa_ipc_raw_table1.csv	haifa_ipc_raw_table1.csv		class_rollforward	ppe_rollforward	total	total			accdep_open	1986786.0		NIS_thousands	NIS	year		2022.0		high	yes	yes		From IPC raw fixed-asset table 1
IPC_T1_2022_020_02	IPC	2022	IPC_RAW_TABLE1	haifa_ipc_raw_table1.csv	haifa_ipc_raw_table1.csv		class_rollforward	ppe_rollforward	total	total			additions	444480.0		NIS_thousands	NIS	year		2022.0		high	yes	yes	yes	From IPC raw fixed-asset table 1
IPC_T1_2022_020_04	IPC	2022	IPC_RAW_TABLE1	haifa_ipc_raw_table1.csv	haifa_ipc_raw_table1.csv		class_rollforward	ppe_rollforward	total	total			capitalized_interest	18930.0		NIS_thousands	NIS	year		2022.0		high	yes	yes	yes	From IPC raw fixed-asset table 1
IPC_T1_2022_020_03	IPC	2022	IPC_RAW_TABLE1	haifa_ipc_raw_table1.csv	haifa_ipc_raw_table1.csv		class_rollforward	ppe_rollforward	total	total			commissioned_assets_or_transfers	0.0		NIS_thousands	NIS	year		2022.0		high	yes	yes	yes	From IPC raw fixed-asset table 1
IPC_T1_2022_020_06	IPC	2022	IPC_RAW_TABLE1	haifa_ipc_raw_table1.csv	haifa_ipc_raw_table1.csv		class_rollforward	ppe_rollforward	total	total			cost_close	15646732.0		NIS_thousands	NIS	year		2022.0		high	yes	yes		From IPC raw fixed-asset table 1
IPC_T1_2022_020_01	IPC	2022	IPC_RAW_TABLE1	haifa_ipc_raw_table1.csv	haifa_ipc_raw_table1.csv		class_rollforward	ppe_rollforward	total	total			cost_open	15196582.0		NIS_thousands	NIS	year		2022.0		high	yes	yes		From IPC raw fixed-asset table 1
IPC_T1_2022_020_08	IPC	2022	IPC_RAW_TABLE1	haifa_ipc_raw_table1.csv	haifa_ipc_raw_table1.csv		class_rollforward	ppe_rollforward	total	total			depreciation_expense	521974.0		NIS_thousands	NIS	year		2022.0		high	yes	yes		From IPC raw fixed-asset table 1
IPC_T1_2022_020_05	IPC	2022	IPC_RAW_TABLE1	haifa_ipc_raw_table1.csv	haifa_ipc_raw_table1.csv		class_rollforward	ppe_rollforward	total	total			disposals	-13260.0		NIS_thousands	NIS	year		2022.0		high	yes	yes		From IPC raw fixed-asset table 1
IPC_T1_2022_020_11	IPC	2022	IPC_RAW_TABLE1	haifa_ipc_raw_table1.csv	haifa_ipc_raw_table1.csv		class_rollforward	ppe_rollforward	total	total			nbv_close	13143607.0		NIS_thousands	NIS	year		2022.0		high	yes	yes		From IPC raw fixed-asset table 1
IPC_T1_2022_022_10	IPC	2022	IPC_RAW_TABLE1	haifa_ipc_raw_table1.csv	haifa_ipc_raw_table1.csv		class_rollforward	ppe_rollforward	equip_it	vessels_equipment_it			accdep_close	224314.0		NIS_thousands	NIS	year		2022.0		high	yes	yes		From IPC raw fixed-asset table 1
IPC_T1_2022_022_02	IPC	2022	IPC_RAW_TABLE1	haifa_ipc_raw_table1.csv	haifa_ipc_raw_table1.csv		class_rollforward	ppe_rollforward	equip_it	vessels_equipment_it			additions	10261.0		NIS_thousands	NIS	year		2022.0		high	yes	yes	yes	From IPC raw fixed-asset table 1
IPC_T1_2022_022_04	IPC	2022	IPC_RAW_TABLE1	haifa_ipc_raw_table1.csv	haifa_ipc_raw_table1.csv		class_rollforward	ppe_rollforward	equip_it	vessels_equipment_it			capitalized_interest	0.0		NIS_thousands	NIS	year		2022.0		high	yes	yes	yes	From IPC raw fixed-asset table 1
IPC_T1_2022_022_03	IPC	2022	IPC_RAW_TABLE1	haifa_ipc_raw_table1.csv	haifa_ipc_raw_table1.csv		class_rollforward	ppe_rollforward	equip_it	vessels_equipment_it			commissioned_assets_or_transfers	0.0		NIS_thousands	NIS	year		2022.0		high	yes	yes	yes	From IPC raw fixed-asset table 1
IPC_T1_2022_022_06	IPC	2022	IPC_RAW_TABLE1	haifa_ipc_raw_table1.csv	haifa_ipc_raw_table1.csv		class_rollforward	ppe_rollforward	equip_it	vessels_equipment_it			cost_close	446817.0		NIS_thousands	NIS	year		2022.0		high	yes	yes		From IPC raw fixed-asset table 1
IPC_T1_2022_022_01	IPC	2022	IPC_RAW_TABLE1	haifa_ipc_raw_table1.csv	haifa_ipc_raw_table1.csv		class_rollforward	ppe_rollforward	equip_it	vessels_equipment_it			cost_open	440558.0		NIS_thousands	NIS	year		2022.0		high	yes	yes		From IPC raw fixed-asset table 1
IPC_T1_2022_022_05	IPC	2022	IPC_RAW_TABLE1	haifa_ipc_raw_table1.csv	haifa_ipc_raw_table1.csv		class_rollforward	ppe_rollforward	equip_it	vessels_equipment_it			disposals	-4002.0		NIS_thousands	NIS	year		2022.0		high	yes	yes		From IPC raw fixed-asset table 1
IPC_T1_2022_022_11	IPC	2022	IPC_RAW_TABLE1	haifa_ipc_raw_table1.csv	haifa_ipc_raw_table1.csv		class_rollforward	ppe_rollforward	equip_it	vessels_equipment_it			nbv_close	222503.0		NIS_thousands	NIS	year		2022.0		high	yes	yes		From IPC raw fixed-asset table 1
IPC_T1_2022_021_10	IPC	2022	IPC_RAW_TABLE1	haifa_ipc_raw_table1.csv	haifa_ipc_raw_table1.csv		class_rollforward	ppe_rollforward	wip	wip			accdep_close	0.0		NIS_thousands	NIS	year		2022.0		high	yes	yes		From IPC raw fixed-asset table 1
IPC_T1_2022_021_09	IPC	2022	IPC_RAW_TABLE1	haifa_ipc_raw_table1.csv	haifa_ipc_raw_table1.csv		class_rollforward	ppe_rollforward	wip	wip			accdep_disposals	0.0		NIS_thousands	NIS	year		2022.0		high	yes	yes		From IPC raw fixed-asset table 1
IPC_T1_2022_021_07	IPC	2022	IPC_RAW_TABLE1	haifa_ipc_raw_table1.csv	haifa_ipc_raw_table1.csv		class_rollforward	ppe_rollforward	wip	wip			accdep_open	0.0		NIS_thousands	NIS	year		2022.0		high	yes	yes		From IPC raw fixed-asset table 1
IPC_T1_2022_021_02	IPC	2022	IPC_RAW_TABLE1	haifa_ipc_raw_table1.csv	haifa_ipc_raw_table1.csv		class_rollforward	ppe_rollforward	wip	wip			additions	163334.0		NIS_thousands	NIS	year		2022.0		high	yes	yes	yes	From IPC raw fixed-asset table 1
IPC_T1_2022_021_04	IPC	2022	IPC_RAW_TABLE1	haifa_ipc_raw_table1.csv	haifa_ipc_raw_table1.csv		class_rollforward	ppe_rollforward	wip	wip			capitalized_interest	0.0		NIS_thousands	NIS	year		2022.0		high	yes	yes	yes	From IPC raw fixed-asset table 1
IPC_T1_2022_021_03	IPC	2022	IPC_RAW_TABLE1	haifa_ipc_raw_table1.csv	haifa_ipc_raw_table1.csv		class_rollforward	ppe_rollforward	wip	wip			commissioned_assets_or_transfers	-4040986.0		NIS_thousands	NIS	year		2022.0		high	yes	yes	yes	From IPC raw fixed-asset table 1
IPC_T1_2022_021_06	IPC	2022	IPC_RAW_TABLE1	haifa_ipc_raw_table1.csv	haifa_ipc_raw_table1.csv		class_rollforward	ppe_rollforward	wip	wip			cost_close	375322.0		NIS_thousands	NIS	year		2022.0		high	yes	yes		From IPC raw fixed-asset table 1
IPC_T1_2022_021_01	IPC	2022	IPC_RAW_TABLE1	haifa_ipc_raw_table1.csv	haifa_ipc_raw_table1.csv		class_rollforward	ppe_rollforward	wip	wip			cost_open	4252974.0		NIS_thousands	NIS	year		2022.0		high	yes	yes		From IPC raw fixed-asset table 1
IPC_T1_2022_021_08	IPC	2022	IPC_RAW_TABLE1	haifa_ipc_raw_table1.csv	haifa_ipc_raw_table1.csv		class_rollforward	ppe_rollforward	wip	wip			depreciation_expense	0.0		NIS_thousands	NIS	year		2022.0		high	yes	yes		From IPC raw fixed-asset table 1
IPC_T1_2022_021_05	IPC	2022	IPC_RAW_TABLE1	haifa_ipc_raw_table1.csv	haifa_ipc_raw_table1.csv		class_rollforward	ppe_rollforward	wip	wip			disposals	0.0		NIS_thousands	NIS	year		2022.0		high	yes	yes		From IPC raw fixed-asset table 1
IPC_T1_2022_021_11	IPC	2022	IPC_RAW_TABLE1	haifa_ipc_raw_table1.csv	haifa_ipc_raw_table1.csv		class_rollforward	ppe_rollforward	wip	wip			nbv_close	375322.0		NIS_thousands	NIS	year		2022.0		high	yes	yes		From IPC raw fixed-asset table 1
IPC_T2_2022_05	IPC	2022	IPC_RAW_TABLE2	haifa_ipc_raw_table2.csv	haifa_ipc_raw_table2.csv		annual_summary	annual_summary		total			approx_gross_ppe_investment	214152.0		NIS_thousands	NIS	year		2022.0		high	yes	yes		From IPC raw fixed-asset table 2
IPC_T2_2022_03	IPC	2022	IPC_RAW_TABLE2	haifa_ipc_raw_table2.csv	haifa_ipc_raw_table2.csv		annual_summary	annual_summary		total			capitalized_interest_ppe	-10000.0		NIS_thousands	NIS	year		2022.0		high	yes	yes		From IPC raw fixed-asset table 2
IPC_T2_2022_01	IPC	2022	IPC_RAW_TABLE2	haifa_ipc_raw_table2.csv	haifa_ipc_raw_table2.csv		annual_summary	annual_summary		total			dep_amort_total	521974.0		NIS_thousands	NIS	year		2022.0		high	yes	yes		From IPC raw fixed-asset table 2
IPC_T2_2022_04	IPC	2022	IPC_RAW_TABLE2	haifa_ipc_raw_table2.csv	haifa_ipc_raw_table2.csv		annual_summary	annual_summary		total			proceeds_sale_ppe_cashflow	0.0		NIS_thousands	NIS	year		2022.0		high	yes	yes		From IPC raw fixed-asset table 2
IPC_T2_2022_02	IPC	2022	IPC_RAW_TABLE2	haifa_ipc_raw_table2.csv	haifa_ipc_raw_table2.csv		annual_summary	annual_summary		total			purchase_ppe_cashflow	-204152.0		NIS_thousands	NIS	year		2022.0		high	yes	yes		From IPC raw fixed-asset table 2
IPC_2024_AR_CAPINT_2023	IPC	2023	IPC_2024_AR	companies_data_and_reports_israport_financial_report_2024_year.pdf	Israel Ports Company / Israport 2024 annual report	184.0	ביאור 10 – רכוש קבוע, נטו	annual_summary		total			capitalized_borrowing_costs	16885.0		NIS_thousands	NIS	year		2023.0		high	yes	yes	yes	Capitalized borrowing costs for qualifying assets; capitalization rate 3.9%.
IPC_2024_AR_CAPRATE_2023	IPC	2023	IPC_2024_AR	companies_data_and_reports_israport_financial_report_2024_year.pdf	Israel Ports Company / Israport 2024 annual report	184.0	ביאור 10 – רכוש קבוע, נטו	dep_policy	qualified assets	mixed_qualifying_assets			capitalization_rate	0.039		pct_decimal		policy				high	yes	yes		Rate used to capitalize borrowing costs.
IPC_T1_2023_029_10	IPC	2023	IPC_RAW_TABLE1	haifa_ipc_raw_table1.csv	haifa_ipc_raw_table1.csv		class_rollforward	ppe_rollforward	bldg_landside	buildings_landside			accdep_close	139696.0		NIS_thousands	NIS	year		2023.0		high	yes	yes		From IPC raw fixed-asset table 1
IPC_T1_2023_029_09	IPC	2023	IPC_RAW_TABLE1	haifa_ipc_raw_table1.csv	haifa_ipc_raw_table1.csv		class_rollforward	ppe_rollforward	bldg_landside	buildings_landside			accdep_disposals	0.0		NIS_thousands	NIS	year		2023.0		high	yes	yes		From IPC raw fixed-asset table 1
IPC_T1_2023_029_07	IPC	2023	IPC_RAW_TABLE1	haifa_ipc_raw_table1.csv	haifa_ipc_raw_table1.csv		class_rollforward	ppe_rollforward	bldg_landside	buildings_landside			accdep_open	125479.0		NIS_thousands	NIS	year		2023.0		high	yes	yes		From IPC raw fixed-asset table 1
IPC_T1_2023_029_02	IPC	2023	IPC_RAW_TABLE1	haifa_ipc_raw_table1.csv	haifa_ipc_raw_table1.csv		class_rollforward	ppe_rollforward	bldg_landside	buildings_landside			additions	2383.0		NIS_thousands	NIS	year		2023.0		high	yes	yes	yes	From IPC raw fixed-asset table 1
IPC_T1_2023_029_04	IPC	2023	IPC_RAW_TABLE1	haifa_ipc_raw_table1.csv	haifa_ipc_raw_table1.csv		class_rollforward	ppe_rollforward	bldg_landside	buildings_landside			capitalized_interest	0.0		NIS_thousands	NIS	year		2023.0		high	yes	yes	yes	From IPC raw fixed-asset table 1
IPC_T1_2023_029_03	IPC	2023	IPC_RAW_TABLE1	haifa_ipc_raw_table1.csv	haifa_ipc_raw_table1.csv		class_rollforward	ppe_rollforward	bldg_landside	buildings_landside			commissioned_assets_or_transfers	3825.0		NIS_thousands	NIS	year		2023.0		high	yes	yes	yes	From IPC raw fixed-asset table 1
IPC_T1_2023_029_06	IPC	2023	IPC_RAW_TABLE1	haifa_ipc_raw_table1.csv	haifa_ipc_raw_table1.csv		class_rollforward	ppe_rollforward	bldg_landside	buildings_landside			cost_close	277569.0		NIS_thousands	NIS	year		2023.0		high	yes	yes		From IPC raw fixed-asset table 1
IPC_T1_2023_029_01	IPC	2023	IPC_RAW_TABLE1	haifa_ipc_raw_table1.csv	haifa_ipc_raw_table1.csv		class_rollforward	ppe_rollforward	bldg_landside	buildings_landside			cost_open	271361.0		NIS_thousands	NIS	year		2023.0		high	yes	yes		From IPC raw fixed-asset table 1
IPC_T1_2023_029_08	IPC	2023	IPC_RAW_TABLE1	haifa_ipc_raw_table1.csv	haifa_ipc_raw_table1.csv		class_rollforward	ppe_rollforward	bldg_landside	buildings_landside			depreciation_expense	14217.0		NIS_thousands	NIS	year		2023.0		high	yes	yes		From IPC raw fixed-asset table 1
IPC_T1_2023_029_05	IPC	2023	IPC_RAW_TABLE1	haifa_ipc_raw_table1.csv	haifa_ipc_raw_table1.csv		class_rollforward	ppe_rollforward	bldg_landside	buildings_landside			disposals	0.0		NIS_thousands	NIS	year		2023.0		high	yes	yes		From IPC raw fixed-asset table 1
IPC_T1_2023_029_11	IPC	2023	IPC_RAW_TABLE1	haifa_ipc_raw_table1.csv	haifa_ipc_raw_table1.csv		class_rollforward	ppe_rollforward	bldg_landside	buildings_landside			nbv_close	137873.0		NIS_thousands	NIS	year		2023.0		high	yes	yes		From IPC raw fixed-asset table 1
IPC_T1_2023_031_10	IPC	2023	IPC_RAW_TABLE1	haifa_ipc_raw_table1.csv	haifa_ipc_raw_table1.csv		class_rollforward	ppe_rollforward	land	land			accdep_close	183264.0		NIS_thousands	NIS	year		2023.0		high	yes	no		From IPC raw fixed-asset table 1
IPC_T1_2023_031_09	IPC	2023	IPC_RAW_TABLE1	haifa_ipc_raw_table1.csv	haifa_ipc_raw_table1.csv		class_rollforward	ppe_rollforward	land	land			accdep_disposals	0.0		NIS_thousands	NIS	year		2023.0		high	yes	no		From IPC raw fixed-asset table 1
IPC_T1_2023_031_07	IPC	2023	IPC_RAW_TABLE1	haifa_ipc_raw_table1.csv	haifa_ipc_raw_table1.csv		class_rollforward	ppe_rollforward	land	land			accdep_open	150627.0		NIS_thousands	NIS	year		2023.0		high	yes	no		From IPC raw fixed-asset table 1
IPC_T1_2023_031_02	IPC	2023	IPC_RAW_TABLE1	haifa_ipc_raw_table1.csv	haifa_ipc_raw_table1.csv		class_rollforward	ppe_rollforward	land	land			additions	224.0		NIS_thousands	NIS	year		2023.0		high	yes	no	yes	From IPC raw fixed-asset table 1
IPC_T1_2023_031_04	IPC	2023	IPC_RAW_TABLE1	haifa_ipc_raw_table1.csv	haifa_ipc_raw_table1.csv		class_rollforward	ppe_rollforward	land	land			capitalized_interest	0.0		NIS_thousands	NIS	year		2023.0		high	yes	no	yes	From IPC raw fixed-asset table 1
IPC_T1_2023_031_03	IPC	2023	IPC_RAW_TABLE1	haifa_ipc_raw_table1.csv	haifa_ipc_raw_table1.csv		class_rollforward	ppe_rollforward	land	land			commissioned_assets_or_transfers	0.0		NIS_thousands	NIS	year		2023.0		high	yes	no	yes	From IPC raw fixed-asset table 1
IPC_T1_2023_031_06	IPC	2023	IPC_RAW_TABLE1	haifa_ipc_raw_table1.csv	haifa_ipc_raw_table1.csv		class_rollforward	ppe_rollforward	land	land			cost_close	1182160.0		NIS_thousands	NIS	year		2023.0		high	yes	no		From IPC raw fixed-asset table 1
IPC_T1_2023_031_01	IPC	2023	IPC_RAW_TABLE1	haifa_ipc_raw_table1.csv	haifa_ipc_raw_table1.csv		class_rollforward	ppe_rollforward	land	land			cost_open	1181936.0		NIS_thousands	NIS	year		2023.0		high	yes	no		From IPC raw fixed-asset table 1
IPC_T1_2023_031_08	IPC	2023	IPC_RAW_TABLE1	haifa_ipc_raw_table1.csv	haifa_ipc_raw_table1.csv		class_rollforward	ppe_rollforward	land	land			depreciation_expense	32637.0		NIS_thousands	NIS	year		2023.0		high	yes	no		From IPC raw fixed-asset table 1
IPC_T1_2023_031_05	IPC	2023	IPC_RAW_TABLE1	haifa_ipc_raw_table1.csv	haifa_ipc_raw_table1.csv		class_rollforward	ppe_rollforward	land	land			disposals	0.0		NIS_thousands	NIS	year		2023.0		high	yes	no		From IPC raw fixed-asset table 1
IPC_T1_2023_031_11	IPC	2023	IPC_RAW_TABLE1	haifa_ipc_raw_table1.csv	haifa_ipc_raw_table1.csv		class_rollforward	ppe_rollforward	land	land			nbv_close	998896.0		NIS_thousands	NIS	year		2023.0		high	yes	no		From IPC raw fixed-asset table 1
IPC_T1_2023_030_10	IPC	2023	IPC_RAW_TABLE1	haifa_ipc_raw_table1.csv	haifa_ipc_raw_table1.csv		class_rollforward	ppe_rollforward	marine	maritime_infrastructure			accdep_close	2462024.0		NIS_thousands	NIS	year		2023.0		high	yes	yes		From IPC raw fixed-asset table 1
IPC_T1_2023_030_09	IPC	2023	IPC_RAW_TABLE1	haifa_ipc_raw_table1.csv	haifa_ipc_raw_table1.csv		class_rollforward	ppe_rollforward	marine	maritime_infrastructure			accdep_disposals	0.0		NIS_thousands	NIS	year		2023.0		high	yes	yes		From IPC raw fixed-asset table 1
IPC_T1_2023_030_07	IPC	2023	IPC_RAW_TABLE1	haifa_ipc_raw_table1.csv	haifa_ipc_raw_table1.csv		class_rollforward	ppe_rollforward	marine	maritime_infrastructure			accdep_open	2002705.0		NIS_thousands	NIS	year		2023.0		high	yes	yes		From IPC raw fixed-asset table 1
IPC_T1_2023_030_02	IPC	2023	IPC_RAW_TABLE1	haifa_ipc_raw_table1.csv	haifa_ipc_raw_table1.csv		class_rollforward	ppe_rollforward	marine	maritime_infrastructure			additions	7001.0		NIS_thousands	NIS	year		2023.0		high	yes	yes	yes	From IPC raw fixed-asset table 1
IPC_T1_2023_030_04	IPC	2023	IPC_RAW_TABLE1	haifa_ipc_raw_table1.csv	haifa_ipc_raw_table1.csv		class_rollforward	ppe_rollforward	marine	maritime_infrastructure			capitalized_interest	16885.0		NIS_thousands	NIS	year		2023.0		high	yes	yes	yes	From IPC raw fixed-asset table 1
IPC_T1_2023_030_03	IPC	2023	IPC_RAW_TABLE1	haifa_ipc_raw_table1.csv	haifa_ipc_raw_table1.csv		class_rollforward	ppe_rollforward	marine	maritime_infrastructure			commissioned_assets_or_transfers	78888.0		NIS_thousands	NIS	year		2023.0		high	yes	yes	yes	From IPC raw fixed-asset table 1
IPC_T1_2023_030_06	IPC	2023	IPC_RAW_TABLE1	haifa_ipc_raw_table1.csv	haifa_ipc_raw_table1.csv		class_rollforward	ppe_rollforward	marine	maritime_infrastructure			cost_close	13474070.0		NIS_thousands	NIS	year		2023.0		high	yes	yes		From IPC raw fixed-asset table 1
IPC_T1_2023_030_01	IPC	2023	IPC_RAW_TABLE1	haifa_ipc_raw_table1.csv	haifa_ipc_raw_table1.csv		class_rollforward	ppe_rollforward	marine	maritime_infrastructure			cost_open	13371296.0		NIS_thousands	NIS	year		2023.0		high	yes	yes		From IPC raw fixed-asset table 1
IPC_T1_2023_030_08	IPC	2023	IPC_RAW_TABLE1	haifa_ipc_raw_table1.csv	haifa_ipc_raw_table1.csv		class_rollforward	ppe_rollforward	marine	maritime_infrastructure			depreciation_expense	459319.0		NIS_thousands	NIS	year		2023.0		high	yes	yes		From IPC raw fixed-asset table 1
IPC_T1_2023_030_05	IPC	2023	IPC_RAW_TABLE1	haifa_ipc_raw_table1.csv	haifa_ipc_raw_table1.csv		class_rollforward	ppe_rollforward	marine	maritime_infrastructure			disposals	0.0		NIS_thousands	NIS	year		2023.0		high	yes	yes		From IPC raw fixed-asset table 1
IPC_T1_2023_030_11	IPC	2023	IPC_RAW_TABLE1	haifa_ipc_raw_table1.csv	haifa_ipc_raw_table1.csv		class_rollforward	ppe_rollforward	marine	maritime_infrastructure			nbv_close	11012046.0		NIS_thousands	NIS	year		2023.0		high	yes	yes		From IPC raw fixed-asset table 1
IPC_T1_2023_026_10	IPC	2023	IPC_RAW_TABLE1	haifa_ipc_raw_table1.csv	haifa_ipc_raw_table1.csv		class_rollforward	ppe_rollforward	total	total			accdep_close	3015647.0		NIS_thousands	NIS	year		2023.0		high	yes	yes		From IPC raw fixed-asset table 1
IPC_T1_2023_026_09	IPC	2023	IPC_RAW_TABLE1	haifa_ipc_raw_table1.csv	haifa_ipc_raw_table1.csv		class_rollforward	ppe_rollforward	total	total			accdep_disposals	-18430.0		NIS_thousands	NIS	year		2023.0		high	yes	yes		From IPC raw fixed-asset table 1
IPC_T1_2023_026_07	IPC	2023	IPC_RAW_TABLE1	haifa_ipc_raw_table1.csv	haifa_ipc_raw_table1.csv		class_rollforward	ppe_rollforward	total	total			accdep_open	2503125.0		NIS_thousands	NIS	year		2023.0		high	yes	yes		From IPC raw fixed-asset table 1
IPC_T1_2023_026_02	IPC	2023	IPC_RAW_TABLE1	haifa_ipc_raw_table1.csv	haifa_ipc_raw_table1.csv		class_rollforward	ppe_rollforward	total	total			additions	479854.0		NIS_thousands	NIS	year		2023.0		high	yes	yes	yes	From IPC raw fixed-asset table 1
IPC_T1_2023_026_04	IPC	2023	IPC_RAW_TABLE1	haifa_ipc_raw_table1.csv	haifa_ipc_raw_table1.csv		class_rollforward	ppe_rollforward	total	total			capitalized_interest	16885.0		NIS_thousands	NIS	year		2023.0		high	yes	yes	yes	From IPC raw fixed-asset table 1
IPC_T1_2023_026_03	IPC	2023	IPC_RAW_TABLE1	haifa_ipc_raw_table1.csv	haifa_ipc_raw_table1.csv		class_rollforward	ppe_rollforward	total	total			commissioned_assets_or_transfers	0.0		NIS_thousands	NIS	year		2023.0		high	yes	yes	yes	From IPC raw fixed-asset table 1
IPC_T1_2023_026_06	IPC	2023	IPC_RAW_TABLE1	haifa_ipc_raw_table1.csv	haifa_ipc_raw_table1.csv		class_rollforward	ppe_rollforward	total	total			cost_close	16120841.0		NIS_thousands	NIS	year		2023.0		high	yes	yes		From IPC raw fixed-asset table 1
IPC_T1_2023_026_01	IPC	2023	IPC_RAW_TABLE1	haifa_ipc_raw_table1.csv	haifa_ipc_raw_table1.csv		class_rollforward	ppe_rollforward	total	total			cost_open	15646732.0		NIS_thousands	NIS	year		2023.0		high	yes	yes		From IPC raw fixed-asset table 1
IPC_T1_2023_026_08	IPC	2023	IPC_RAW_TABLE1	haifa_ipc_raw_table1.csv	haifa_ipc_raw_table1.csv		class_rollforward	ppe_rollforward	total	total			depreciation_expense	530952.0		NIS_thousands	NIS	year		2023.0		high	yes	yes		From IPC raw fixed-asset table 1
IPC_T1_2023_026_05	IPC	2023	IPC_RAW_TABLE1	haifa_ipc_raw_table1.csv	haifa_ipc_raw_table1.csv		class_rollforward	ppe_rollforward	total	total			disposals	-22630.0		NIS_thousands	NIS	year		2023.0		high	yes	yes		From IPC raw fixed-asset table 1
IPC_T1_2023_026_11	IPC	2023	IPC_RAW_TABLE1	haifa_ipc_raw_table1.csv	haifa_ipc_raw_table1.csv		class_rollforward	ppe_rollforward	total	total			nbv_close	13105194.0		NIS_thousands	NIS	year		2023.0		high	yes	yes		From IPC raw fixed-asset table 1
IPC_T1_2023_028_10	IPC	2023	IPC_RAW_TABLE1	haifa_ipc_raw_table1.csv	haifa_ipc_raw_table1.csv		class_rollforward	ppe_rollforward	equip_it	vessels_equipment_it			accdep_close	230663.0		NIS_thousands	NIS	year		2023.0		high	yes	yes		From IPC raw fixed-asset table 1
IPC_T1_2023_028_09	IPC	2023	IPC_RAW_TABLE1	haifa_ipc_raw_table1.csv	haifa_ipc_raw_table1.csv		class_rollforward	ppe_rollforward	equip_it	vessels_equipment_it			accdep_disposals	-18430.0		NIS_thousands	NIS	year		2023.0		high	yes	yes		From IPC raw fixed-asset table 1
IPC_T1_2023_028_07	IPC	2023	IPC_RAW_TABLE1	haifa_ipc_raw_table1.csv	haifa_ipc_raw_table1.csv		class_rollforward	ppe_rollforward	equip_it	vessels_equipment_it			accdep_open	224314.0		NIS_thousands	NIS	year		2023.0		high	yes	yes		From IPC raw fixed-asset table 1
IPC_T1_2023_028_02	IPC	2023	IPC_RAW_TABLE1	haifa_ipc_raw_table1.csv	haifa_ipc_raw_table1.csv		class_rollforward	ppe_rollforward	equip_it	vessels_equipment_it			additions	76731.0		NIS_thousands	NIS	year		2023.0		high	yes	yes	yes	From IPC raw fixed-asset table 1
IPC_T1_2023_028_04	IPC	2023	IPC_RAW_TABLE1	haifa_ipc_raw_table1.csv	haifa_ipc_raw_table1.csv		class_rollforward	ppe_rollforward	equip_it	vessels_equipment_it			capitalized_interest	0.0		NIS_thousands	NIS	year		2023.0		high	yes	yes	yes	From IPC raw fixed-asset table 1
IPC_T1_2023_028_03	IPC	2023	IPC_RAW_TABLE1	haifa_ipc_raw_table1.csv	haifa_ipc_raw_table1.csv		class_rollforward	ppe_rollforward	equip_it	vessels_equipment_it			commissioned_assets_or_transfers	9782.0		NIS_thousands	NIS	year		2023.0		high	yes	yes	yes	From IPC raw fixed-asset table 1
IPC_T1_2023_028_06	IPC	2023	IPC_RAW_TABLE1	haifa_ipc_raw_table1.csv	haifa_ipc_raw_table1.csv		class_rollforward	ppe_rollforward	equip_it	vessels_equipment_it			cost_close	510700.0		NIS_thousands	NIS	year		2023.0		high	yes	yes		From IPC raw fixed-asset table 1
IPC_T1_2023_028_01	IPC	2023	IPC_RAW_TABLE1	haifa_ipc_raw_table1.csv	haifa_ipc_raw_table1.csv		class_rollforward	ppe_rollforward	equip_it	vessels_equipment_it			cost_open	446817.0		NIS_thousands	NIS	year		2023.0		high	yes	yes		From IPC raw fixed-asset table 1
IPC_T1_2023_028_08	IPC	2023	IPC_RAW_TABLE1	haifa_ipc_raw_table1.csv	haifa_ipc_raw_table1.csv		class_rollforward	ppe_rollforward	equip_it	vessels_equipment_it			depreciation_expense	24779.0		NIS_thousands	NIS	year		2023.0		high	yes	yes		From IPC raw fixed-asset table 1
IPC_T1_2023_028_05	IPC	2023	IPC_RAW_TABLE1	haifa_ipc_raw_table1.csv	haifa_ipc_raw_table1.csv		class_rollforward	ppe_rollforward	equip_it	vessels_equipment_it			disposals	-22630.0		NIS_thousands	NIS	year		2023.0		high	yes	yes		From IPC raw fixed-asset table 1
IPC_T1_2023_028_11	IPC	2023	IPC_RAW_TABLE1	haifa_ipc_raw_table1.csv	haifa_ipc_raw_table1.csv		class_rollforward	ppe_rollforward	equip_it	vessels_equipment_it			nbv_close	280037.0		NIS_thousands	NIS	year		2023.0		high	yes	yes		From IPC raw fixed-asset table 1
IPC_T1_2023_027_10	IPC	2023	IPC_RAW_TABLE1	haifa_ipc_raw_table1.csv	haifa_ipc_raw_table1.csv		class_rollforward	ppe_rollforward	wip	wip			accdep_close	0.0		NIS_thousands	NIS	year		2023.0		high	yes	yes		From IPC raw fixed-asset table 1
IPC_T1_2023_027_09	IPC	2023	IPC_RAW_TABLE1	haifa_ipc_raw_table1.csv	haifa_ipc_raw_table1.csv		class_rollforward	ppe_rollforward	wip	wip			accdep_disposals	0.0		NIS_thousands	NIS	year		2023.0		high	yes	yes		From IPC raw fixed-asset table 1
IPC_T1_2023_027_07	IPC	2023	IPC_RAW_TABLE1	haifa_ipc_raw_table1.csv	haifa_ipc_raw_table1.csv		class_rollforward	ppe_rollforward	wip	wip			accdep_open	0.0		NIS_thousands	NIS	year		2023.0		high	yes	yes		From IPC raw fixed-asset table 1
IPC_T1_2023_027_02	IPC	2023	IPC_RAW_TABLE1	haifa_ipc_raw_table1.csv	haifa_ipc_raw_table1.csv		class_rollforward	ppe_rollforward	wip	wip			additions	393515.0		NIS_thousands	NIS	year		2023.0		high	yes	yes	yes	From IPC raw fixed-asset table 1
IPC_T1_2023_027_04	IPC	2023	IPC_RAW_TABLE1	haifa_ipc_raw_table1.csv	haifa_ipc_raw_table1.csv		class_rollforward	ppe_rollforward	wip	wip			capitalized_interest	0.0		NIS_thousands	NIS	year		2023.0		high	yes	yes	yes	From IPC raw fixed-asset table 1
IPC_T1_2023_027_03	IPC	2023	IPC_RAW_TABLE1	haifa_ipc_raw_table1.csv	haifa_ipc_raw_table1.csv		class_rollforward	ppe_rollforward	wip	wip			commissioned_assets_or_transfers	-92495.0		NIS_thousands	NIS	year		2023.0		high	yes	yes	yes	From IPC raw fixed-asset table 1
IPC_T1_2023_027_06	IPC	2023	IPC_RAW_TABLE1	haifa_ipc_raw_table1.csv	haifa_ipc_raw_table1.csv		class_rollforward	ppe_rollforward	wip	wip			cost_close	676342.0		NIS_thousands	NIS	year		2023.0		high	yes	yes		From IPC raw fixed-asset table 1
IPC_T1_2023_027_01	IPC	2023	IPC_RAW_TABLE1	haifa_ipc_raw_table1.csv	haifa_ipc_raw_table1.csv		class_rollforward	ppe_rollforward	wip	wip			cost_open	375322.0		NIS_thousands	NIS	year		2023.0		high	yes	yes		From IPC raw fixed-asset table 1
IPC_T1_2023_027_08	IPC	2023	IPC_RAW_TABLE1	haifa_ipc_raw_table1.csv	haifa_ipc_raw_table1.csv		class_rollforward	ppe_rollforward	wip	wip			depreciation_expense	0.0		NIS_thousands	NIS	year		2023.0		high	yes	yes		From IPC raw fixed-asset table 1
IPC_T1_2023_027_05	IPC	2023	IPC_RAW_TABLE1	haifa_ipc_raw_table1.csv	haifa_ipc_raw_table1.csv		class_rollforward	ppe_rollforward	wip	wip			disposals	0.0		NIS_thousands	NIS	year		2023.0		high	yes	yes		From IPC raw fixed-asset table 1
IPC_T1_2023_027_11	IPC	2023	IPC_RAW_TABLE1	haifa_ipc_raw_table1.csv	haifa_ipc_raw_table1.csv		class_rollforward	ppe_rollforward	wip	wip			nbv_close	676342.0		NIS_thousands	NIS	year		2023.0		high	yes	yes		From IPC raw fixed-asset table 1
IPC_T2_2023_05	IPC	2023	IPC_RAW_TABLE2	haifa_ipc_raw_table2.csv	haifa_ipc_raw_table2.csv		annual_summary	annual_summary		total			approx_gross_ppe_investment	449072.0		NIS_thousands	NIS	year		2023.0		high	yes	yes		From IPC raw fixed-asset table 2
IPC_T2_2023_03	IPC	2023	IPC_RAW_TABLE2	haifa_ipc_raw_table2.csv	haifa_ipc_raw_table2.csv		annual_summary	annual_summary		total			capitalized_interest_ppe	-16885.0		NIS_thousands	NIS	year		2023.0		high	yes	yes		From IPC raw fixed-asset table 2
IPC_T2_2023_01	IPC	2023	IPC_RAW_TABLE2	haifa_ipc_raw_table2.csv	haifa_ipc_raw_table2.csv		annual_summary	annual_summary		total			dep_amort_total	530952.0		NIS_thousands	NIS	year		2023.0		high	yes	yes		From IPC raw fixed-asset table 2
IPC_T2_2023_04	IPC	2023	IPC_RAW_TABLE2	haifa_ipc_raw_table2.csv	haifa_ipc_raw_table2.csv		annual_summary	annual_summary		total			proceeds_sale_ppe_cashflow	2016.0		NIS_thousands	NIS	year		2023.0		high	yes	yes		From IPC raw fixed-asset table 2
IPC_T2_2023_02	IPC	2023	IPC_RAW_TABLE2	haifa_ipc_raw_table2.csv	haifa_ipc_raw_table2.csv		annual_summary	annual_summary		total			purchase_ppe_cashflow	-430171.0		NIS_thousands	NIS	year		2023.0		high	yes	yes		From IPC raw fixed-asset table 2
IPC_2024_AR_CAPINT_2024	IPC	2024	IPC_2024_AR	companies_data_and_reports_israport_financial_report_2024_year.pdf	Israel Ports Company / Israport 2024 annual report	184.0	ביאור 10 – רכוש קבוע, נטו	annual_summary		total			capitalized_borrowing_costs	26607.0		NIS_thousands	NIS	year		2024.0		high	yes	yes	yes	Capitalized borrowing costs for qualifying assets; capitalization rate 4.0%.
IPC_2024_AR_RANGE_02_MAX	IPC	2024	IPC_2024_AR	companies_data_and_reports_israport_financial_report_2024_year.pdf	Israel Ports Company / Israport 2024 annual report	170.0	ביאור 3 – עיקרי המדיניות החשבונאית	dep_policy	Land-side buildings	buildings_landside			useful_life_years_max	20.0		years		policy				high	yes	yes		Manual extraction from useful-life range.
IPC_2024_AR_RANGE_02_MIN	IPC	2024	IPC_2024_AR	companies_data_and_reports_israport_financial_report_2024_year.pdf	Israel Ports Company / Israport 2024 annual report	170.0	ביאור 3 – עיקרי המדיניות החשבונאית	dep_policy	Land-side buildings	buildings_landside			useful_life_years_min	15.0		years		policy				high	yes	yes		Manual extraction from useful-life range.
IPC_2024_AR_DEPMETHOD_01	IPC	2024	IPC_2024_AR	companies_data_and_reports_israport_financial_report_2024_year.pdf	Israel Ports Company / Israport 2024 annual report	170.0	ביאור 3 – עיקרי המדיניות החשבונאית	dep_policy	רכוש קבוע	fixed_assets			depr_method		straight_line	text		policy				high	yes	yes		Depreciation recognized on a straight-line basis.
IPC_2024_AR_RANGE_06_MAX	IPC	2024	IPC_2024_AR	companies_data_and_reports_israport_financial_report_2024_year.pdf	Israel Ports Company / Israport 2024 annual report	170.0	ביאור 3 – עיקרי המדיניות החשבונאית	dep_policy	Land	land			useful_life_years_max	41.0		years		policy				high	yes	no		Manual extraction from useful-life range.
IPC_2024_AR_RANGE_06_MIN	IPC	2024	IPC_2024_AR	companies_data_and_reports_israport_financial_report_2024_year.pdf	Israel Ports Company / Israport 2024 annual report	170.0	ביאור 3 – עיקרי המדיניות החשבונאית	dep_policy	Land	land			useful_life_years_min	32.0		years		policy				high	yes	no		Manual extraction from useful-life range.
IPC_2024_AR_FIX_01	IPC	2024	IPC_2024_AR	companies_data_and_reports_israport_financial_report_2024_year.pdf	Israel Ports Company / Israport 2024 annual report	170.0	ביאור 3 – עיקרי המדיניות החשבונאית	dep_policy	Breakwaters	maritime_infrastructure			useful_life_years	32.0		years		policy				high	yes	yes		Manual extraction from useful-life bullet list.
IPC_2024_AR_FIX_02	IPC	2024	IPC_2024_AR	companies_data_and_reports_israport_financial_report_2024_year.pdf	Israel Ports Company / Israport 2024 annual report	170.0	ביאור 3 – עיקרי המדיניות החשבונאית	dep_policy	Quays	maritime_infrastructure			useful_life_years	30.0		years		policy				high	yes	yes		Manual extraction from useful-life bullet list.
IPC_2024_AR_RANGE_01_MAX	IPC	2024	IPC_2024_AR	companies_data_and_reports_israport_financial_report_2024_year.pdf	Israel Ports Company / Israport 2024 annual report	170.0	ביאור 3 – עיקרי המדיניות החשבונאית	dep_policy	Roads and operational areas	maritime_infrastructure			useful_life_years_max	25.0		years		policy				high	yes	yes		Manual extraction from useful-life range.
IPC_2024_AR_RANGE_01_MIN	IPC	2024	IPC_2024_AR	companies_data_and_reports_israport_financial_report_2024_year.pdf	Israel Ports Company / Israport 2024 annual report	170.0	ביאור 3 – עיקרי המדיניות החשבונאית	dep_policy	Roads and operational areas	maritime_infrastructure			useful_life_years_min	20.0		years		policy				high	yes	yes		Manual extraction from useful-life range.
IPC_2024_AR_CAPRATE_2024	IPC	2024	IPC_2024_AR	companies_data_and_reports_israport_financial_report_2024_year.pdf	Israel Ports Company / Israport 2024 annual report	184.0	ביאור 10 – רכוש קבוע, נטו	dep_policy	qualified assets	mixed_qualifying_assets			capitalization_rate	0.04		pct_decimal		policy				high	yes	yes		Rate used to capitalize borrowing costs.
IPC_2024_AR_RANGE_03_MAX	IPC	2024	IPC_2024_AR	companies_data_and_reports_israport_financial_report_2024_year.pdf	Israel Ports Company / Israport 2024 annual report	170.0	ביאור 3 – עיקרי המדיניות החשבונאית	dep_policy	Vessels	vessels_equipment_it			useful_life_years_max	31.0		years		policy				high	yes	yes		Manual extraction from useful-life range.
IPC_2024_AR_RANGE_04_MAX	IPC	2024	IPC_2024_AR	companies_data_and_reports_israport_financial_report_2024_year.pdf	Israel Ports Company / Israport 2024 annual report	170.0	ביאור 3 – עיקרי המדיניות החשבונאית	dep_policy	Computer equipment	vessels_equipment_it			useful_life_years_max	5.0		years		policy				high	yes	yes		Manual extraction from useful-life range.
IPC_2024_AR_RANGE_05_MAX	IPC	2024	IPC_2024_AR	companies_data_and_reports_israport_financial_report_2024_year.pdf	Israel Ports Company / Israport 2024 annual report	170.0	ביאור 3 – עיקרי המדיניות החשבונאית	dep_policy	Other equipment and furniture	vessels_equipment_it			useful_life_years_max	14.0		years		policy				high	yes	yes		Manual extraction from useful-life range.
IPC_2024_AR_RANGE_03_MIN	IPC	2024	IPC_2024_AR	companies_data_and_reports_israport_financial_report_2024_year.pdf	Israel Ports Company / Israport 2024 annual report	170.0	ביאור 3 – עיקרי המדיניות החשבונאית	dep_policy	Vessels	vessels_equipment_it			useful_life_years_min	26.0		years		policy				high	yes	yes		Manual extraction from useful-life range.
IPC_2024_AR_RANGE_04_MIN	IPC	2024	IPC_2024_AR	companies_data_and_reports_israport_financial_report_2024_year.pdf	Israel Ports Company / Israport 2024 annual report	170.0	ביאור 3 – עיקרי המדיניות החשבונאית	dep_policy	Computer equipment	vessels_equipment_it			useful_life_years_min	3.0		years		policy				high	yes	yes		Manual extraction from useful-life range.
IPC_2024_AR_RANGE_05_MIN	IPC	2024	IPC_2024_AR	companies_data_and_reports_israport_financial_report_2024_year.pdf	Israel Ports Company / Israport 2024 annual report	170.0	ביאור 3 – עיקרי המדיניות החשבונאית	dep_policy	Other equipment and furniture	vessels_equipment_it			useful_life_years_min	10.0		years		policy				high	yes	yes		Manual extraction from useful-life range.
IPC_T1_2024_035_10	IPC	2024	IPC_RAW_TABLE1	haifa_ipc_raw_table1.csv	haifa_ipc_raw_table1.csv		class_rollforward	ppe_rollforward	bldg_landside	buildings_landside			accdep_close	154215.0		NIS_thousands	NIS	year		2024.0		high	yes	yes		From IPC raw fixed-asset table 1
IPC_T1_2024_035_09	IPC	2024	IPC_RAW_TABLE1	haifa_ipc_raw_table1.csv	haifa_ipc_raw_table1.csv		class_rollforward	ppe_rollforward	bldg_landside	buildings_landside			accdep_disposals	0.0		NIS_thousands	NIS	year		2024.0		high	yes	yes		From IPC raw fixed-asset table 1
IPC_T1_2024_035_07	IPC	2024	IPC_RAW_TABLE1	haifa_ipc_raw_table1.csv	haifa_ipc_raw_table1.csv		class_rollforward	ppe_rollforward	bldg_landside	buildings_landside			accdep_open	139696.0		NIS_thousands	NIS	year		2024.0		high	yes	yes		From IPC raw fixed-asset table 1
IPC_T1_2024_035_02	IPC	2024	IPC_RAW_TABLE1	haifa_ipc_raw_table1.csv	haifa_ipc_raw_table1.csv		class_rollforward	ppe_rollforward	bldg_landside	buildings_landside			additions	0.0		NIS_thousands	NIS	year		2024.0		high	yes	yes	yes	From IPC raw fixed-asset table 1
IPC_T1_2024_035_04	IPC	2024	IPC_RAW_TABLE1	haifa_ipc_raw_table1.csv	haifa_ipc_raw_table1.csv		class_rollforward	ppe_rollforward	bldg_landside	buildings_landside			capitalized_interest	0.0		NIS_thousands	NIS	year		2024.0		high	yes	yes	yes	From IPC raw fixed-asset table 1
IPC_T1_2024_035_03	IPC	2024	IPC_RAW_TABLE1	haifa_ipc_raw_table1.csv	haifa_ipc_raw_table1.csv		class_rollforward	ppe_rollforward	bldg_landside	buildings_landside			commissioned_assets_or_transfers	17760.0		NIS_thousands	NIS	year		2024.0		high	yes	yes	yes	From IPC raw fixed-asset table 1
IPC_T1_2024_035_06	IPC	2024	IPC_RAW_TABLE1	haifa_ipc_raw_table1.csv	haifa_ipc_raw_table1.csv		class_rollforward	ppe_rollforward	bldg_landside	buildings_landside			cost_close	295329.0		NIS_thousands	NIS	year		2024.0		high	yes	yes		From IPC raw fixed-asset table 1
IPC_T1_2024_035_01	IPC	2024	IPC_RAW_TABLE1	haifa_ipc_raw_table1.csv	haifa_ipc_raw_table1.csv		class_rollforward	ppe_rollforward	bldg_landside	buildings_landside			cost_open	277569.0		NIS_thousands	NIS	year		2024.0		high	yes	yes		From IPC raw fixed-asset table 1
IPC_T1_2024_035_08	IPC	2024	IPC_RAW_TABLE1	haifa_ipc_raw_table1.csv	haifa_ipc_raw_table1.csv		class_rollforward	ppe_rollforward	bldg_landside	buildings_landside			depreciation_expense	14519.0		NIS_thousands	NIS	year		2024.0		high	yes	yes		From IPC raw fixed-asset table 1
IPC_T1_2024_035_05	IPC	2024	IPC_RAW_TABLE1	haifa_ipc_raw_table1.csv	haifa_ipc_raw_table1.csv		class_rollforward	ppe_rollforward	bldg_landside	buildings_landside			disposals	0.0		NIS_thousands	NIS	year		2024.0		high	yes	yes		From IPC raw fixed-asset table 1
IPC_T1_2024_035_11	IPC	2024	IPC_RAW_TABLE1	haifa_ipc_raw_table1.csv	haifa_ipc_raw_table1.csv		class_rollforward	ppe_rollforward	bldg_landside	buildings_landside			nbv_close	141114.0		NIS_thousands	NIS	year		2024.0		high	yes	yes		From IPC raw fixed-asset table 1
IPC_T1_2024_037_10	IPC	2024	IPC_RAW_TABLE1	haifa_ipc_raw_table1.csv	haifa_ipc_raw_table1.csv		class_rollforward	ppe_rollforward	land	land			accdep_close	215919.0		NIS_thousands	NIS	year		2024.0		high	yes	no		From IPC raw fixed-asset table 1
IPC_T1_2024_037_09	IPC	2024	IPC_RAW_TABLE1	haifa_ipc_raw_table1.csv	haifa_ipc_raw_table1.csv		class_rollforward	ppe_rollforward	land	land			accdep_disposals	0.0		NIS_thousands	NIS	year		2024.0		high	yes	no		From IPC raw fixed-asset table 1
IPC_T1_2024_037_07	IPC	2024	IPC_RAW_TABLE1	haifa_ipc_raw_table1.csv	haifa_ipc_raw_table1.csv		class_rollforward	ppe_rollforward	land	land			accdep_open	183264.0		NIS_thousands	NIS	year		2024.0		high	yes	no		From IPC raw fixed-asset table 1
IPC_T1_2024_037_02	IPC	2024	IPC_RAW_TABLE1	haifa_ipc_raw_table1.csv	haifa_ipc_raw_table1.csv		class_rollforward	ppe_rollforward	land	land			additions	0.0		NIS_thousands	NIS	year		2024.0		high	yes	no	yes	From IPC raw fixed-asset table 1
IPC_T1_2024_037_04	IPC	2024	IPC_RAW_TABLE1	haifa_ipc_raw_table1.csv	haifa_ipc_raw_table1.csv		class_rollforward	ppe_rollforward	land	land			capitalized_interest	0.0		NIS_thousands	NIS	year		2024.0		high	yes	no	yes	From IPC raw fixed-asset table 1
IPC_T1_2024_037_03	IPC	2024	IPC_RAW_TABLE1	haifa_ipc_raw_table1.csv	haifa_ipc_raw_table1.csv		class_rollforward	ppe_rollforward	land	land			commissioned_assets_or_transfers	0.0		NIS_thousands	NIS	year		2024.0		high	yes	no	yes	From IPC raw fixed-asset table 1
IPC_T1_2024_037_06	IPC	2024	IPC_RAW_TABLE1	haifa_ipc_raw_table1.csv	haifa_ipc_raw_table1.csv		class_rollforward	ppe_rollforward	land	land			cost_close	1182160.0		NIS_thousands	NIS	year		2024.0		high	yes	no		From IPC raw fixed-asset table 1
IPC_T1_2024_037_01	IPC	2024	IPC_RAW_TABLE1	haifa_ipc_raw_table1.csv	haifa_ipc_raw_table1.csv		class_rollforward	ppe_rollforward	land	land			cost_open	1182160.0		NIS_thousands	NIS	year		2024.0		high	yes	no		From IPC raw fixed-asset table 1
IPC_T1_2024_037_08	IPC	2024	IPC_RAW_TABLE1	haifa_ipc_raw_table1.csv	haifa_ipc_raw_table1.csv		class_rollforward	ppe_rollforward	land	land			depreciation_expense	32655.0		NIS_thousands	NIS	year		2024.0		high	yes	no		From IPC raw fixed-asset table 1
IPC_T1_2024_037_05	IPC	2024	IPC_RAW_TABLE1	haifa_ipc_raw_table1.csv	haifa_ipc_raw_table1.csv		class_rollforward	ppe_rollforward	land	land			disposals	0.0		NIS_thousands	NIS	year		2024.0		high	yes	no		From IPC raw fixed-asset table 1
IPC_T1_2024_037_11	IPC	2024	IPC_RAW_TABLE1	haifa_ipc_raw_table1.csv	haifa_ipc_raw_table1.csv		class_rollforward	ppe_rollforward	land	land			nbv_close	966241.0		NIS_thousands	NIS	year		2024.0		high	yes	no		From IPC raw fixed-asset table 1
IPC_T1_2024_036_10	IPC	2024	IPC_RAW_TABLE1	haifa_ipc_raw_table1.csv	haifa_ipc_raw_table1.csv		class_rollforward	ppe_rollforward	marine	maritime_infrastructure			accdep_close	2923747.0		NIS_thousands	NIS	year		2024.0		high	yes	yes		From IPC raw fixed-asset table 1
IPC_T1_2024_036_09	IPC	2024	IPC_RAW_TABLE1	haifa_ipc_raw_table1.csv	haifa_ipc_raw_table1.csv		class_rollforward	ppe_rollforward	marine	maritime_infrastructure			accdep_disposals	0.0		NIS_thousands	NIS	year		2024.0		high	yes	yes		From IPC raw fixed-asset table 1
IPC_T1_2024_036_07	IPC	2024	IPC_RAW_TABLE1	haifa_ipc_raw_table1.csv	haifa_ipc_raw_table1.csv		class_rollforward	ppe_rollforward	marine	maritime_infrastructure			accdep_open	2462024.0		NIS_thousands	NIS	year		2024.0		high	yes	yes		From IPC raw fixed-asset table 1
IPC_T1_2024_036_02	IPC	2024	IPC_RAW_TABLE1	haifa_ipc_raw_table1.csv	haifa_ipc_raw_table1.csv		class_rollforward	ppe_rollforward	marine	maritime_infrastructure			additions	0.0		NIS_thousands	NIS	year		2024.0		high	yes	yes	yes	From IPC raw fixed-asset table 1
IPC_T1_2024_036_04	IPC	2024	IPC_RAW_TABLE1	haifa_ipc_raw_table1.csv	haifa_ipc_raw_table1.csv		class_rollforward	ppe_rollforward	marine	maritime_infrastructure			capitalized_interest	26607.0		NIS_thousands	NIS	year		2024.0		high	yes	yes	yes	From IPC raw fixed-asset table 1
IPC_T1_2024_036_03	IPC	2024	IPC_RAW_TABLE1	haifa_ipc_raw_table1.csv	haifa_ipc_raw_table1.csv		class_rollforward	ppe_rollforward	marine	maritime_infrastructure			commissioned_assets_or_transfers	53257.0		NIS_thousands	NIS	year		2024.0		high	yes	yes	yes	From IPC raw fixed-asset table 1
IPC_T1_2024_036_06	IPC	2024	IPC_RAW_TABLE1	haifa_ipc_raw_table1.csv	haifa_ipc_raw_table1.csv		class_rollforward	ppe_rollforward	marine	maritime_infrastructure			cost_close	13553934.0		NIS_thousands	NIS	year		2024.0		high	yes	yes		From IPC raw fixed-asset table 1
IPC_T1_2024_036_01	IPC	2024	IPC_RAW_TABLE1	haifa_ipc_raw_table1.csv	haifa_ipc_raw_table1.csv		class_rollforward	ppe_rollforward	marine	maritime_infrastructure			cost_open	13474070.0		NIS_thousands	NIS	year		2024.0		high	yes	yes		From IPC raw fixed-asset table 1
IPC_T1_2024_036_08	IPC	2024	IPC_RAW_TABLE1	haifa_ipc_raw_table1.csv	haifa_ipc_raw_table1.csv		class_rollforward	ppe_rollforward	marine	maritime_infrastructure			depreciation_expense	461723.0		NIS_thousands	NIS	year		2024.0		high	yes	yes		From IPC raw fixed-asset table 1
IPC_T1_2024_036_05	IPC	2024	IPC_RAW_TABLE1	haifa_ipc_raw_table1.csv	haifa_ipc_raw_table1.csv		class_rollforward	ppe_rollforward	marine	maritime_infrastructure			disposals	0.0		NIS_thousands	NIS	year		2024.0		high	yes	yes		From IPC raw fixed-asset table 1
IPC_T1_2024_036_11	IPC	2024	IPC_RAW_TABLE1	haifa_ipc_raw_table1.csv	haifa_ipc_raw_table1.csv		class_rollforward	ppe_rollforward	marine	maritime_infrastructure			nbv_close	10630187.0		NIS_thousands	NIS	year		2024.0		high	yes	yes		From IPC raw fixed-asset table 1
IPC_T1_2024_032_10	IPC	2024	IPC_RAW_TABLE1	haifa_ipc_raw_table1.csv	haifa_ipc_raw_table1.csv		class_rollforward	ppe_rollforward	total	total			accdep_close	3550198.0		NIS_thousands	NIS	year		2024.0		high	yes	yes		From IPC raw fixed-asset table 1
IPC_T1_2024_032_09	IPC	2024	IPC_RAW_TABLE1	haifa_ipc_raw_table1.csv	haifa_ipc_raw_table1.csv		class_rollforward	ppe_rollforward	total	total			accdep_disposals	-1249.0		NIS_thousands	NIS	year		2024.0		high	yes	yes		From IPC raw fixed-asset table 1
IPC_T1_2024_032_07	IPC	2024	IPC_RAW_TABLE1	haifa_ipc_raw_table1.csv	haifa_ipc_raw_table1.csv		class_rollforward	ppe_rollforward	total	total			accdep_open	3015647.0		NIS_thousands	NIS	year		2024.0		high	yes	yes		From IPC raw fixed-asset table 1
IPC_T1_2024_032_02	IPC	2024	IPC_RAW_TABLE1	haifa_ipc_raw_table1.csv	haifa_ipc_raw_table1.csv		class_rollforward	ppe_rollforward	total	total			additions	237623.0		NIS_thousands	NIS	year		2024.0		high	yes	yes	yes	From IPC raw fixed-asset table 1
IPC_T1_2024_032_04	IPC	2024	IPC_RAW_TABLE1	haifa_ipc_raw_table1.csv	haifa_ipc_raw_table1.csv		class_rollforward	ppe_rollforward	total	total			capitalized_interest	26607.0		NIS_thousands	NIS	year		2024.0		high	yes	yes	yes	From IPC raw fixed-asset table 1
IPC_T1_2024_032_03	IPC	2024	IPC_RAW_TABLE1	haifa_ipc_raw_table1.csv	haifa_ipc_raw_table1.csv		class_rollforward	ppe_rollforward	total	total			commissioned_assets_or_transfers	0.0		NIS_thousands	NIS	year		2024.0		high	yes	yes	yes	From IPC raw fixed-asset table 1
IPC_T1_2024_032_06	IPC	2024	IPC_RAW_TABLE1	haifa_ipc_raw_table1.csv	haifa_ipc_raw_table1.csv		class_rollforward	ppe_rollforward	total	total			cost_close	16379609.0		NIS_thousands	NIS	year		2024.0		high	yes	yes		From IPC raw fixed-asset table 1
IPC_T1_2024_032_01	IPC	2024	IPC_RAW_TABLE1	haifa_ipc_raw_table1.csv	haifa_ipc_raw_table1.csv		class_rollforward	ppe_rollforward	total	total			cost_open	16120841.0		NIS_thousands	NIS	year		2024.0		high	yes	yes		From IPC raw fixed-asset table 1
IPC_T1_2024_032_08	IPC	2024	IPC_RAW_TABLE1	haifa_ipc_raw_table1.csv	haifa_ipc_raw_table1.csv		class_rollforward	ppe_rollforward	total	total			depreciation_expense	535800.0		NIS_thousands	NIS	year		2024.0		high	yes	yes		From IPC raw fixed-asset table 1
IPC_T1_2024_032_05	IPC	2024	IPC_RAW_TABLE1	haifa_ipc_raw_table1.csv	haifa_ipc_raw_table1.csv		class_rollforward	ppe_rollforward	total	total			disposals	-5462.0		NIS_thousands	NIS	year		2024.0		high	yes	yes		From IPC raw fixed-asset table 1
IPC_T1_2024_032_11	IPC	2024	IPC_RAW_TABLE1	haifa_ipc_raw_table1.csv	haifa_ipc_raw_table1.csv		class_rollforward	ppe_rollforward	total	total			nbv_close	12829411.0		NIS_thousands	NIS	year		2024.0		high	yes	yes		From IPC raw fixed-asset table 1
IPC_T1_2024_034_10	IPC	2024	IPC_RAW_TABLE1	haifa_ipc_raw_table1.csv	haifa_ipc_raw_table1.csv		class_rollforward	ppe_rollforward	equip_it	vessels_equipment_it			accdep_close	256317.0		NIS_thousands	NIS	year		2024.0		high	yes	yes		From IPC raw fixed-asset table 1
IPC_T1_2024_034_09	IPC	2024	IPC_RAW_TABLE1	haifa_ipc_raw_table1.csv	haifa_ipc_raw_table1.csv		class_rollforward	ppe_rollforward	equip_it	vessels_equipment_it			accdep_disposals	-1249.0		NIS_thousands	NIS	year		2024.0		high	yes	yes		From IPC raw fixed-asset table 1
IPC_T1_2024_034_07	IPC	2024	IPC_RAW_TABLE1	haifa_ipc_raw_table1.csv	haifa_ipc_raw_table1.csv		class_rollforward	ppe_rollforward	equip_it	vessels_equipment_it			accdep_open	230663.0		NIS_thousands	NIS	year		2024.0		high	yes	yes		From IPC raw fixed-asset table 1
IPC_T1_2024_034_02	IPC	2024	IPC_RAW_TABLE1	haifa_ipc_raw_table1.csv	haifa_ipc_raw_table1.csv		class_rollforward	ppe_rollforward	equip_it	vessels_equipment_it			additions	0.0		NIS_thousands	NIS	year		2024.0		high	yes	yes	yes	From IPC raw fixed-asset table 1
IPC_T1_2024_034_04	IPC	2024	IPC_RAW_TABLE1	haifa_ipc_raw_table1.csv	haifa_ipc_raw_table1.csv		class_rollforward	ppe_rollforward	equip_it	vessels_equipment_it			capitalized_interest	0.0		NIS_thousands	NIS	year		2024.0		high	yes	yes	yes	From IPC raw fixed-asset table 1
IPC_T1_2024_034_03	IPC	2024	IPC_RAW_TABLE1	haifa_ipc_raw_table1.csv	haifa_ipc_raw_table1.csv		class_rollforward	ppe_rollforward	equip_it	vessels_equipment_it			commissioned_assets_or_transfers	5049.0		NIS_thousands	NIS	year		2024.0		high	yes	yes	yes	From IPC raw fixed-asset table 1
IPC_T1_2024_034_06	IPC	2024	IPC_RAW_TABLE1	haifa_ipc_raw_table1.csv	haifa_ipc_raw_table1.csv		class_rollforward	ppe_rollforward	equip_it	vessels_equipment_it			cost_close	510287.0		NIS_thousands	NIS	year		2024.0		high	yes	yes		From IPC raw fixed-asset table 1
IPC_T1_2024_034_01	IPC	2024	IPC_RAW_TABLE1	haifa_ipc_raw_table1.csv	haifa_ipc_raw_table1.csv		class_rollforward	ppe_rollforward	equip_it	vessels_equipment_it			cost_open	510700.0		NIS_thousands	NIS	year		2024.0		high	yes	yes		From IPC raw fixed-asset table 1
IPC_T1_2024_034_08	IPC	2024	IPC_RAW_TABLE1	haifa_ipc_raw_table1.csv	haifa_ipc_raw_table1.csv		class_rollforward	ppe_rollforward	equip_it	vessels_equipment_it			depreciation_expense	26903.0		NIS_thousands	NIS	year		2024.0		high	yes	yes		From IPC raw fixed-asset table 1
IPC_T1_2024_034_05	IPC	2024	IPC_RAW_TABLE1	haifa_ipc_raw_table1.csv	haifa_ipc_raw_table1.csv		class_rollforward	ppe_rollforward	equip_it	vessels_equipment_it			disposals	-5462.0		NIS_thousands	NIS	year		2024.0		high	yes	yes		From IPC raw fixed-asset table 1
IPC_T1_2024_034_11	IPC	2024	IPC_RAW_TABLE1	haifa_ipc_raw_table1.csv	haifa_ipc_raw_table1.csv		class_rollforward	ppe_rollforward	equip_it	vessels_equipment_it			nbv_close	253970.0		NIS_thousands	NIS	year		2024.0		high	yes	yes		From IPC raw fixed-asset table 1
IPC_T1_2024_033_10	IPC	2024	IPC_RAW_TABLE1	haifa_ipc_raw_table1.csv	haifa_ipc_raw_table1.csv		class_rollforward	ppe_rollforward	wip	wip			accdep_close	0.0		NIS_thousands	NIS	year		2024.0		high	yes	yes		From IPC raw fixed-asset table 1
IPC_T1_2024_033_09	IPC	2024	IPC_RAW_TABLE1	haifa_ipc_raw_table1.csv	haifa_ipc_raw_table1.csv		class_rollforward	ppe_rollforward	wip	wip			accdep_disposals	0.0		NIS_thousands	NIS	year		2024.0		high	yes	yes		From IPC raw fixed-asset table 1
IPC_T1_2024_033_07	IPC	2024	IPC_RAW_TABLE1	haifa_ipc_raw_table1.csv	haifa_ipc_raw_table1.csv		class_rollforward	ppe_rollforward	wip	wip			accdep_open	0.0		NIS_thousands	NIS	year		2024.0		high	yes	yes		From IPC raw fixed-asset table 1
IPC_T1_2024_033_02	IPC	2024	IPC_RAW_TABLE1	haifa_ipc_raw_table1.csv	haifa_ipc_raw_table1.csv		class_rollforward	ppe_rollforward	wip	wip			additions	237623.0		NIS_thousands	NIS	year		2024.0		high	yes	yes	yes	From IPC raw fixed-asset table 1
IPC_T1_2024_033_04	IPC	2024	IPC_RAW_TABLE1	haifa_ipc_raw_table1.csv	haifa_ipc_raw_table1.csv		class_rollforward	ppe_rollforward	wip	wip			capitalized_interest	0.0		NIS_thousands	NIS	year		2024.0		high	yes	yes	yes	From IPC raw fixed-asset table 1
IPC_T1_2024_033_03	IPC	2024	IPC_RAW_TABLE1	haifa_ipc_raw_table1.csv	haifa_ipc_raw_table1.csv		class_rollforward	ppe_rollforward	wip	wip			commissioned_assets_or_transfers	-76066.0		NIS_thousands	NIS	year		2024.0		high	yes	yes	yes	From IPC raw fixed-asset table 1
IPC_T1_2024_033_06	IPC	2024	IPC_RAW_TABLE1	haifa_ipc_raw_table1.csv	haifa_ipc_raw_table1.csv		class_rollforward	ppe_rollforward	wip	wip			cost_close	837899.0		NIS_thousands	NIS	year		2024.0		high	yes	yes		From IPC raw fixed-asset table 1
IPC_T1_2024_033_01	IPC	2024	IPC_RAW_TABLE1	haifa_ipc_raw_table1.csv	haifa_ipc_raw_table1.csv		class_rollforward	ppe_rollforward	wip	wip			cost_open	676342.0		NIS_thousands	NIS	year		2024.0		high	yes	yes		From IPC raw fixed-asset table 1
IPC_T1_2024_033_08	IPC	2024	IPC_RAW_TABLE1	haifa_ipc_raw_table1.csv	haifa_ipc_raw_table1.csv		class_rollforward	ppe_rollforward	wip	wip			depreciation_expense	0.0		NIS_thousands	NIS	year		2024.0		high	yes	yes		From IPC raw fixed-asset table 1
IPC_T1_2024_033_05	IPC	2024	IPC_RAW_TABLE1	haifa_ipc_raw_table1.csv	haifa_ipc_raw_table1.csv		class_rollforward	ppe_rollforward	wip	wip			disposals	0.0		NIS_thousands	NIS	year		2024.0		high	yes	yes		From IPC raw fixed-asset table 1
IPC_T1_2024_033_11	IPC	2024	IPC_RAW_TABLE1	haifa_ipc_raw_table1.csv	haifa_ipc_raw_table1.csv		class_rollforward	ppe_rollforward	wip	wip			nbv_close	837899.0		NIS_thousands	NIS	year		2024.0		high	yes	yes		From IPC raw fixed-asset table 1
IPC_T2_2024_05	IPC	2024	IPC_RAW_TABLE2	haifa_ipc_raw_table2.csv	haifa_ipc_raw_table2.csv		annual_summary	annual_summary		total			approx_gross_ppe_investment	247552.0		NIS_thousands	NIS	year		2024.0		high	yes	yes		From IPC raw fixed-asset table 2
IPC_T2_2024_03	IPC	2024	IPC_RAW_TABLE2	haifa_ipc_raw_table2.csv	haifa_ipc_raw_table2.csv		annual_summary	annual_summary		total			capitalized_interest_ppe	-26607.0		NIS_thousands	NIS	year		2024.0		high	yes	yes		From IPC raw fixed-asset table 2
IPC_T2_2024_01	IPC	2024	IPC_RAW_TABLE2	haifa_ipc_raw_table2.csv	haifa_ipc_raw_table2.csv		annual_summary	annual_summary		total			dep_amort_total	535800.0		NIS_thousands	NIS	year		2024.0		high	yes	yes		From IPC raw fixed-asset table 2
IPC_T2_2024_04	IPC	2024	IPC_RAW_TABLE2	haifa_ipc_raw_table2.csv	haifa_ipc_raw_table2.csv		annual_summary	annual_summary		total			proceeds_sale_ppe_cashflow	0.0		NIS_thousands	NIS	year		2024.0		high	yes	yes		From IPC raw fixed-asset table 2
IPC_T2_2024_02	IPC	2024	IPC_RAW_TABLE2	haifa_ipc_raw_table2.csv	haifa_ipc_raw_table2.csv		annual_summary	annual_summary		total			purchase_ppe_cashflow	-220945.0		NIS_thousands	NIS	year		2024.0		high	yes	yes		From IPC raw fixed-asset table 2
SIPG_2018_CIP_001_03	SIPG	2018	SIPG_BAYPORT_CIP	sipg_haifa_bayport_CIP_RMB.csv	sipg_haifa_bayport_CIP_RMB.csv		bayport_cip_clean	cip_flow	Bayport CIP	wip_bayport	SIPG_BAYPORT_2018	Haifa Bayport port engineering project	cip_additions	24884690.11		yuan	CNY	year		2018.0		high	yes	yes	yes	CIP – Bayport main civil works before major ramp-up; figures from 2018 AR 在建工程 table (Haifa Bayport row).
SIPG_2018_CIP_001_06	SIPG	2018	SIPG_BAYPORT_CIP	sipg_haifa_bayport_CIP_RMB.csv	sipg_haifa_bayport_CIP_RMB.csv		bayport_cip_clean	cip_flow	Bayport CIP	wip_bayport	SIPG_BAYPORT_2018	Haifa Bayport port engineering project	cip_close	25519122.94		yuan	CNY	year		2018.0		high	yes	yes		CIP – Bayport main civil works before major ramp-up; figures from 2018 AR 在建工程 table (Haifa Bayport row).
SIPG_2018_CIP_001_02	SIPG	2018	SIPG_BAYPORT_CIP	sipg_haifa_bayport_CIP_RMB.csv	sipg_haifa_bayport_CIP_RMB.csv		bayport_cip_clean	cip_flow	Bayport CIP	wip_bayport	SIPG_BAYPORT_2018	Haifa Bayport port engineering project	cip_open	634432.83		yuan	CNY	year		2018.0		high	yes	yes		CIP – Bayport main civil works before major ramp-up; figures from 2018 AR 在建工程 table (Haifa Bayport row).
SIPG_2018_CIP_001_05	SIPG	2018	SIPG_BAYPORT_CIP	sipg_haifa_bayport_CIP_RMB.csv	sipg_haifa_bayport_CIP_RMB.csv		bayport_cip_clean	cip_flow	Bayport CIP	wip_bayport	SIPG_BAYPORT_2018	Haifa Bayport port engineering project	cip_other_decreases	0.0		yuan	CNY	year		2018.0		high	yes	yes		CIP – Bayport main civil works before major ramp-up; figures from 2018 AR 在建工程 table (Haifa Bayport row).
SIPG_2018_CIP_001_07	SIPG	2018	SIPG_BAYPORT_CIP	sipg_haifa_bayport_CIP_RMB.csv	sipg_haifa_bayport_CIP_RMB.csv		bayport_cip_clean	cip_flow	Bayport CIP	wip_bayport	SIPG_BAYPORT_2018	Haifa Bayport port engineering project	progress_pct	0.5		pct		year		2018.0		high	yes	yes		CIP – Bayport main civil works before major ramp-up; figures from 2018 AR 在建工程 table (Haifa Bayport row).
SIPG_2018_CIP_001_01	SIPG	2018	SIPG_BAYPORT_CIP	sipg_haifa_bayport_CIP_RMB.csv	sipg_haifa_bayport_CIP_RMB.csv		bayport_cip_clean	cip_flow	Bayport CIP	wip_bayport	SIPG_BAYPORT_2018	Haifa Bayport port engineering project	project_budget	4980000000.0		yuan	CNY	year		2018.0		high	yes	yes		CIP – Bayport main civil works before major ramp-up; figures from 2018 AR 在建工程 table (Haifa Bayport row).
SIPG_2018_CIP_001_04	SIPG	2018	SIPG_BAYPORT_CIP	sipg_haifa_bayport_CIP_RMB.csv	sipg_haifa_bayport_CIP_RMB.csv		bayport_cip_clean	cip_flow	Bayport CIP	wip_bayport	SIPG_BAYPORT_2018	Haifa Bayport port engineering project	transfer_to_ppe	0.0		yuan	CNY	year		2018.0		high	yes	yes	yes	CIP – Bayport main civil works before major ramp-up; figures from 2018 AR 在建工程 table (Haifa Bayport row).
SIPG_2018_SIG_002	SIPG	2018	SIPG_BAYPORT_SIGNALS	sipg_haifa_bayport_other_signals.tsv	sipg_haifa_bayport_other_signals.tsv		EPC_contract	signal				Haifa Bayport	EPC_cumulative_paid_asof	41418157.65			USD	year		2018.0		medium	maybe			Amount paid to EPC contractor under Haifa Bayport EPC contract as of 2018-12-31. | absolute From 2018 AR related-party / commitments note (“Masada Infrastructure Co., Ltd.” row).
SIPG_2018_SIG_001	SIPG	2018	SIPG_BAYPORT_SIGNALS	sipg_haifa_bayport_other_signals.tsv	sipg_haifa_bayport_other_signals.tsv		EPC_contract	signal				Haifa Bayport	EPC_total_contract_amount	293477232.0			USD	year		2018.0		medium	maybe			Haifa Bayport port project general EPC contract with Masada Infrastructure Co., Ltd. (contract price excludes tax). | absolute Contract signed by SIPG BAYPORT TERMINAL CO., LTD.; contract still in progress as of 2018-12-31.
SIPG_2019_CIP_002_06	SIPG	2019	SIPG_BAYPORT_CIP	sipg_haifa_bayport_CIP_RMB.csv	sipg_haifa_bayport_CIP_RMB.csv		bayport_cip_clean	cip_flow	Bayport CIP	wip_bayport	SIPG_BAYPORT_2019	Haifa Bayport port engineering project	cip_close	1069545860.8		yuan	CNY	year		2019.0		medium	yes	yes		CIP balances only (opening = 2018 closing, closing = 2020 opening); Bayport CIP flows for 2019 not yet extracted; flows left blank rather than treated as zero.
SIPG_2019_CIP_002_02	SIPG	2019	SIPG_BAYPORT_CIP	sipg_haifa_bayport_CIP_RMB.csv	sipg_haifa_bayport_CIP_RMB.csv		bayport_cip_clean	cip_flow	Bayport CIP	wip_bayport	SIPG_BAYPORT_2019	Haifa Bayport port engineering project	cip_open	25519122.94		yuan	CNY	year		2019.0		medium	yes	yes		CIP balances only (opening = 2018 closing, closing = 2020 opening); Bayport CIP flows for 2019 not yet extracted; flows left blank rather than treated as zero.
SIPG_2019_CIP_002_01	SIPG	2019	SIPG_BAYPORT_CIP	sipg_haifa_bayport_CIP_RMB.csv	sipg_haifa_bayport_CIP_RMB.csv		bayport_cip_clean	cip_flow	Bayport CIP	wip_bayport	SIPG_BAYPORT_2019	Haifa Bayport port engineering project	project_budget	4977300000.0		yuan	CNY	year		2019.0		medium	yes	yes		CIP balances only (opening = 2018 closing, closing = 2020 opening); Bayport CIP flows for 2019 not yet extracted; flows left blank rather than treated as zero.
SIPG_2020_SIG_007_PRIOR	SIPG	2019	SIPG_BAYPORT_SIGNALS	sipg_haifa_bayport_other_signals.tsv	sipg_haifa_bayport_other_signals.tsv		Investment_commitment	signal				Haifa Bayport	Bayport_terminal_registered_and_paid_in_capital_prior_or_comparative	720000000.0		absolute	NIS	year		2019.0		medium	maybe			Comparative amount carried in 2020 disclosure. Registered capital and paid-in capital of SIPG Bayport Terminal Co., Ltd.; unpaid commitment is the difference. | From 2020 AR Note 45 对外投资承诺: registered capital 720,000,000 NIS, paid-in 713,080,010 NIS, unpaid commitment 6,919,990 NIS.
SIPG_2019_SIG_003	SIPG	2019	SIPG_BAYPORT_SIGNALS	sipg_haifa_bayport_other_signals.tsv	sipg_haifa_bayport_other_signals.tsv		EPC_contract	signal				Haifa Bayport	EPC_cumulative_paid_asof	80710995.65			USD	year		2019.0		medium	maybe			Amount paid to EPC contractor under Haifa Bayport EPC contract as of 2019-12-31. | absolute From 2019 AR major contracts / commitments note (Masada EPC contract row).
SIPG_2020_SIG_006_PRIOR	SIPG	2019	SIPG_BAYPORT_SIGNALS	sipg_haifa_bayport_other_signals.tsv	sipg_haifa_bayport_other_signals.tsv		Other_payables	signal				Haifa Bayport	Payables_to_Masada_for_Bayport_project_prior_or_comparative	128241171.62		absolute	CNY	year		2019.0		medium	maybe			Comparative amount carried in 2020 disclosure. Other payables (project payables to EPC contractor Masada) related to Haifa Bayport project. | Closing and opening balances from 2020 AR Note 52 关联方关系及其交易 – 其他应付款.
SIPG_2020_SIG_004_PRIOR	SIPG	2019	SIPG_BAYPORT_SIGNALS	sipg_haifa_bayport_other_signals.tsv	sipg_haifa_bayport_other_signals.tsv		VAT_refundable	signal				Haifa Bayport	VAT_to_be_refunded_Haifa_Bayport_prior_or_comparative	18674036.95		absolute	CNY	year		2019.0		medium	maybe			Comparative amount carried in 2020 disclosure. VAT to be refunded for the Haifa Bayport port engineering project (other current assets). | Current-year and prior-year balances from 2020 AR Note 9 其他流动资产.
SIPG_2020_CIP_003_10	SIPG	2020	SIPG_BAYPORT_CIP	sipg_haifa_bayport_CIP_RMB.csv	sipg_haifa_bayport_CIP_RMB.csv		bayport_cip_clean	cip_flow	Bayport CIP	wip_bayport	SIPG_BAYPORT_2020	Haifa Bayport port engineering project	capitalization_rate_pct	2.79		pct		year		2020.0		high	yes	yes		Year with continued Bayport civil-works investment and initial transfers to PPE; figures from 2020 AR 在建工程 (重大在建工程项目本期变动情况 + 在建工程情况).
SIPG_2020_CIP_003_08	SIPG	2020	SIPG_BAYPORT_CIP	sipg_haifa_bayport_CIP_RMB.csv	sipg_haifa_bayport_CIP_RMB.csv		bayport_cip_clean	cip_flow	Bayport CIP	wip_bayport	SIPG_BAYPORT_2020	Haifa Bayport port engineering project	capitalized_interest_cumulative	7366471.58		yuan	CNY	year		2020.0		high	yes	yes		Year with continued Bayport civil-works investment and initial transfers to PPE; figures from 2020 AR 在建工程 (重大在建工程项目本期变动情况 + 在建工程情况).
SIPG_2020_CIP_003_09	SIPG	2020	SIPG_BAYPORT_CIP	sipg_haifa_bayport_CIP_RMB.csv	sipg_haifa_bayport_CIP_RMB.csv		bayport_cip_clean	cip_flow	Bayport CIP	wip_bayport	SIPG_BAYPORT_2020	Haifa Bayport port engineering project	capitalized_interest_current	7366471.58		yuan	CNY	year		2020.0		high	yes	yes		Year with continued Bayport civil-works investment and initial transfers to PPE; figures from 2020 AR 在建工程 (重大在建工程项目本期变动情况 + 在建工程情况).
SIPG_2020_CIP_003_03	SIPG	2020	SIPG_BAYPORT_CIP	sipg_haifa_bayport_CIP_RMB.csv	sipg_haifa_bayport_CIP_RMB.csv		bayport_cip_clean	cip_flow	Bayport CIP	wip_bayport	SIPG_BAYPORT_2020	Haifa Bayport port engineering project	cip_additions	1073965300.79		yuan	CNY	year		2020.0		high	yes	yes	yes	Year with continued Bayport civil-works investment and initial transfers to PPE; figures from 2020 AR 在建工程 (重大在建工程项目本期变动情况 + 在建工程情况).
SIPG_2020_CIP_003_06	SIPG	2020	SIPG_BAYPORT_CIP	sipg_haifa_bayport_CIP_RMB.csv	sipg_haifa_bayport_CIP_RMB.csv		bayport_cip_clean	cip_flow	Bayport CIP	wip_bayport	SIPG_BAYPORT_2020	Haifa Bayport port engineering project	cip_close	2143511161.59		yuan	CNY	year		2020.0		high	yes	yes		Year with continued Bayport civil-works investment and initial transfers to PPE; figures from 2020 AR 在建工程 (重大在建工程项目本期变动情况 + 在建工程情况).
SIPG_2020_CIP_003_02	SIPG	2020	SIPG_BAYPORT_CIP	sipg_haifa_bayport_CIP_RMB.csv	sipg_haifa_bayport_CIP_RMB.csv		bayport_cip_clean	cip_flow	Bayport CIP	wip_bayport	SIPG_BAYPORT_2020	Haifa Bayport port engineering project	cip_open	1069545860.8		yuan	CNY	year		2020.0		high	yes	yes		Year with continued Bayport civil-works investment and initial transfers to PPE; figures from 2020 AR 在建工程 (重大在建工程项目本期变动情况 + 在建工程情况).
SIPG_2020_CIP_003_05	SIPG	2020	SIPG_BAYPORT_CIP	sipg_haifa_bayport_CIP_RMB.csv	sipg_haifa_bayport_CIP_RMB.csv		bayport_cip_clean	cip_flow	Bayport CIP	wip_bayport	SIPG_BAYPORT_2020	Haifa Bayport port engineering project	cip_other_decreases	0.0		yuan	CNY	year		2020.0		high	yes	yes		Year with continued Bayport civil-works investment and initial transfers to PPE; figures from 2020 AR 在建工程 (重大在建工程项目本期变动情况 + 在建工程情况).
SIPG_2020_CIP_003_07	SIPG	2020	SIPG_BAYPORT_CIP	sipg_haifa_bayport_CIP_RMB.csv	sipg_haifa_bayport_CIP_RMB.csv		bayport_cip_clean	cip_flow	Bayport CIP	wip_bayport	SIPG_BAYPORT_2020	Haifa Bayport port engineering project	progress_pct	43.07		pct		year		2020.0		high	yes	yes		Year with continued Bayport civil-works investment and initial transfers to PPE; figures from 2020 AR 在建工程 (重大在建工程项目本期变动情况 + 在建工程情况).
SIPG_2020_CIP_003_01	SIPG	2020	SIPG_BAYPORT_CIP	sipg_haifa_bayport_CIP_RMB.csv	sipg_haifa_bayport_CIP_RMB.csv		bayport_cip_clean	cip_flow	Bayport CIP	wip_bayport	SIPG_BAYPORT_2020	Haifa Bayport port engineering project	project_budget	4977300000.0		yuan	CNY	year		2020.0		high	yes	yes		Year with continued Bayport civil-works investment and initial transfers to PPE; figures from 2020 AR 在建工程 (重大在建工程项目本期变动情况 + 在建工程情况).
SIPG_2020_CIP_003_04	SIPG	2020	SIPG_BAYPORT_CIP	sipg_haifa_bayport_CIP_RMB.csv	sipg_haifa_bayport_CIP_RMB.csv		bayport_cip_clean	cip_flow	Bayport CIP	wip_bayport	SIPG_BAYPORT_2020	Haifa Bayport port engineering project	transfer_to_ppe	8997549.05		yuan	CNY	year		2020.0		high	yes	yes	yes	Year with continued Bayport civil-works investment and initial transfers to PPE; figures from 2020 AR 在建工程 (重大在建工程项目本期变动情况 + 在建工程情况).
SIPG_2020_SIG_007	SIPG	2020	SIPG_BAYPORT_SIGNALS	sipg_haifa_bayport_other_signals.tsv	sipg_haifa_bayport_other_signals.tsv		Investment_commitment	signal				Haifa Bayport	Bayport_terminal_registered_and_paid_in_capital	713080010.0		absolute	NIS	year		2020.0		medium	maybe			Registered capital and paid-in capital of SIPG Bayport Terminal Co., Ltd.; unpaid commitment is the difference. | From 2020 AR Note 45 对外投资承诺: registered capital 720,000,000 NIS, paid-in 713,080,010 NIS, unpaid commitment 6,919,990 NIS.
SIPG_2020_SIG_008	SIPG	2020	SIPG_BAYPORT_SIGNALS	sipg_haifa_bayport_other_signals.tsv	sipg_haifa_bayport_other_signals.tsv		Investment_commitment	signal				Haifa Bayport	Bayport_terminal_unpaid_capital_commitment	6919990.0			NIS	year		2020.0		medium	maybe			Unpaid capital commitment for SIPG Bayport Terminal Co., Ltd. under foreign investment commitment note. | absolute Unpaid portion of registered capital (720,000,000 – 713,080,010) as of 2020-12-31.
SIPG_2020_SIG_006	SIPG	2020	SIPG_BAYPORT_SIGNALS	sipg_haifa_bayport_other_signals.tsv	sipg_haifa_bayport_other_signals.tsv		Other_payables	signal				Haifa Bayport	Payables_to_Masada_for_Bayport_project	142284234.21		absolute	CNY	year		2020.0		medium	maybe			Other payables (project payables to EPC contractor Masada) related to Haifa Bayport project. | Closing and opening balances from 2020 AR Note 52 关联方关系及其交易 – 其他应付款.
SIPG_2020_SIG_004	SIPG	2020	SIPG_BAYPORT_SIGNALS	sipg_haifa_bayport_other_signals.tsv	sipg_haifa_bayport_other_signals.tsv		VAT_refundable	signal				Haifa Bayport	VAT_to_be_refunded_Haifa_Bayport	99604610.65		absolute	CNY	year		2020.0		medium	maybe			VAT to be refunded for the Haifa Bayport port engineering project (other current assets). | Current-year and prior-year balances from 2020 AR Note 9 其他流动资产.
SIPG_2021_SIG_005_PRIOR	SIPG	2020	SIPG_BAYPORT_SIGNALS	sipg_haifa_bayport_other_signals.tsv	sipg_haifa_bayport_other_signals.tsv		VAT_refundable	signal				Haifa Bayport	VAT_to_be_refunded_Haifa_Bayport_prior_or_comparative	99604610.65		absolute	CNY	year		2020.0		medium	maybe			Comparative amount carried in 2021 disclosure. VAT to be refunded for the Israel Haifa Bayport port project (other current assets). | Current-year and prior-year balances from 2021 AR Note 12 其他流动资产.
SIPG_2021_CIP_004_10	SIPG	2021	SIPG_BAYPORT_CIP	sipg_haifa_bayport_CIP_RMB.csv	sipg_haifa_bayport_CIP_RMB.csv		bayport_cip_clean	cip_flow	Bayport CIP	wip_bayport	SIPG_BAYPORT_2021	Haifa Bayport port engineering project	capitalization_rate_pct	2.79		pct		year		2021.0		high	yes	yes		Year main project is largely transferred from CIP to PPE; figures from 2021 AR 在建工程 (重要在建工程项目本期变动情况 + 在建工程情况).
SIPG_2021_CIP_004_08	SIPG	2021	SIPG_BAYPORT_CIP	sipg_haifa_bayport_CIP_RMB.csv	sipg_haifa_bayport_CIP_RMB.csv		bayport_cip_clean	cip_flow	Bayport CIP	wip_bayport	SIPG_BAYPORT_2021	Haifa Bayport port engineering project	capitalized_interest_cumulative	41132928.5		yuan	CNY	year		2021.0		high	yes	yes		Year main project is largely transferred from CIP to PPE; figures from 2021 AR 在建工程 (重要在建工程项目本期变动情况 + 在建工程情况).
SIPG_2021_CIP_004_09	SIPG	2021	SIPG_BAYPORT_CIP	sipg_haifa_bayport_CIP_RMB.csv	sipg_haifa_bayport_CIP_RMB.csv		bayport_cip_clean	cip_flow	Bayport CIP	wip_bayport	SIPG_BAYPORT_2021	Haifa Bayport port engineering project	capitalized_interest_current	33766456.92		yuan	CNY	year		2021.0		high	yes	yes		Year main project is largely transferred from CIP to PPE; figures from 2021 AR 在建工程 (重要在建工程项目本期变动情况 + 在建工程情况).
SIPG_2021_CIP_004_03	SIPG	2021	SIPG_BAYPORT_CIP	sipg_haifa_bayport_CIP_RMB.csv	sipg_haifa_bayport_CIP_RMB.csv		bayport_cip_clean	cip_flow	Bayport CIP	wip_bayport	SIPG_BAYPORT_2021	Haifa Bayport port engineering project	cip_additions	1291560440.67		yuan	CNY	year		2021.0		high	yes	yes	yes	Year main project is largely transferred from CIP to PPE; figures from 2021 AR 在建工程 (重要在建工程项目本期变动情况 + 在建工程情况).
SIPG_2021_CIP_004_06	SIPG	2021	SIPG_BAYPORT_CIP	sipg_haifa_bayport_CIP_RMB.csv	sipg_haifa_bayport_CIP_RMB.csv		bayport_cip_clean	cip_flow	Bayport CIP	wip_bayport	SIPG_BAYPORT_2021	Haifa Bayport port engineering project	cip_close	745857891.94		yuan	CNY	year		2021.0		high	yes	yes		Year main project is largely transferred from CIP to PPE; figures from 2021 AR 在建工程 (重要在建工程项目本期变动情况 + 在建工程情况).
SIPG_2021_CIP_004_02	SIPG	2021	SIPG_BAYPORT_CIP	sipg_haifa_bayport_CIP_RMB.csv	sipg_haifa_bayport_CIP_RMB.csv		bayport_cip_clean	cip_flow	Bayport CIP	wip_bayport	SIPG_BAYPORT_2021	Haifa Bayport port engineering project	cip_open	2143511161.59		yuan	CNY	year		2021.0		high	yes	yes		Year main project is largely transferred from CIP to PPE; figures from 2021 AR 在建工程 (重要在建工程项目本期变动情况 + 在建工程情况).
SIPG_2021_CIP_004_05	SIPG	2021	SIPG_BAYPORT_CIP	sipg_haifa_bayport_CIP_RMB.csv	sipg_haifa_bayport_CIP_RMB.csv		bayport_cip_clean	cip_flow	Bayport CIP	wip_bayport	SIPG_BAYPORT_2021	Haifa Bayport port engineering project	cip_other_decreases	11984163.14		yuan	CNY	year		2021.0		high	yes	yes		Year main project is largely transferred from CIP to PPE; figures from 2021 AR 在建工程 (重要在建工程项目本期变动情况 + 在建工程情况).
SIPG_2021_CIP_004_07	SIPG	2021	SIPG_BAYPORT_CIP	sipg_haifa_bayport_CIP_RMB.csv	sipg_haifa_bayport_CIP_RMB.csv		bayport_cip_clean	cip_flow	Bayport CIP	wip_bayport	SIPG_BAYPORT_2021	Haifa Bayport port engineering project	progress_pct	69.01		pct		year		2021.0		high	yes	yes		Year main project is largely transferred from CIP to PPE; figures from 2021 AR 在建工程 (重要在建工程项目本期变动情况 + 在建工程情况).
SIPG_2021_CIP_004_01	SIPG	2021	SIPG_BAYPORT_CIP	sipg_haifa_bayport_CIP_RMB.csv	sipg_haifa_bayport_CIP_RMB.csv		bayport_cip_clean	cip_flow	Bayport CIP	wip_bayport	SIPG_BAYPORT_2021	Haifa Bayport port engineering project	project_budget	4977300000.0		yuan	CNY	year		2021.0		high	yes	yes		Year main project is largely transferred from CIP to PPE; figures from 2021 AR 在建工程 (重要在建工程项目本期变动情况 + 在建工程情况).
SIPG_2021_CIP_004_04	SIPG	2021	SIPG_BAYPORT_CIP	sipg_haifa_bayport_CIP_RMB.csv	sipg_haifa_bayport_CIP_RMB.csv		bayport_cip_clean	cip_flow	Bayport CIP	wip_bayport	SIPG_BAYPORT_2021	Haifa Bayport port engineering project	transfer_to_ppe	2677229547.18		yuan	CNY	year		2021.0		high	yes	yes	yes	Year main project is largely transferred from CIP to PPE; figures from 2021 AR 在建工程 (重要在建工程项目本期变动情况 + 在建工程情况).
SIPG_2021_SIG_005	SIPG	2021	SIPG_BAYPORT_SIGNALS	sipg_haifa_bayport_other_signals.tsv	sipg_haifa_bayport_other_signals.tsv		VAT_refundable	signal				Haifa Bayport	VAT_to_be_refunded_Haifa_Bayport	12637920.58		absolute	CNY	year		2021.0		medium	maybe			VAT to be refunded for the Israel Haifa Bayport port project (other current assets). | Current-year and prior-year balances from 2021 AR Note 12 其他流动资产.
SIPG_2022_CIP_005_08	SIPG	2022	SIPG_BAYPORT_CIP	sipg_haifa_bayport_CIP_RMB.csv	sipg_haifa_bayport_CIP_RMB.csv		bayport_cip_clean	cip_flow	Bayport CIP	wip_bayport	SIPG_BAYPORT_2022	Israel Haifa Bayport port construction project	capitalized_interest_cumulative	41132928.5		yuan	CNY	year		2022.0		high	yes	yes		Final construction year for main Bayport project (100% progress, main CIP closed); other decreases include transfers to intangibles and long-term deferred expenses; figures from 2022 AR 在建工程 tables.
SIPG_2022_CIP_005_09	SIPG	2022	SIPG_BAYPORT_CIP	sipg_haifa_bayport_CIP_RMB.csv	sipg_haifa_bayport_CIP_RMB.csv		bayport_cip_clean	cip_flow	Bayport CIP	wip_bayport	SIPG_BAYPORT_2022	Israel Haifa Bayport port construction project	capitalized_interest_current	0.0		yuan	CNY	year		2022.0		high	yes	yes		Final construction year for main Bayport project (100% progress, main CIP closed); other decreases include transfers to intangibles and long-term deferred expenses; figures from 2022 AR 在建工程 tables.
SIPG_2022_CIP_005_03	SIPG	2022	SIPG_BAYPORT_CIP	sipg_haifa_bayport_CIP_RMB.csv	sipg_haifa_bayport_CIP_RMB.csv		bayport_cip_clean	cip_flow	Bayport CIP	wip_bayport	SIPG_BAYPORT_2022	Israel Haifa Bayport port construction project	cip_additions	267700816.73		yuan	CNY	year		2022.0		high	yes	yes	yes	Final construction year for main Bayport project (100% progress, main CIP closed); other decreases include transfers to intangibles and long-term deferred expenses; figures from 2022 AR 在建工程 tables.
SIPG_2022_CIP_005_06	SIPG	2022	SIPG_BAYPORT_CIP	sipg_haifa_bayport_CIP_RMB.csv	sipg_haifa_bayport_CIP_RMB.csv		bayport_cip_clean	cip_flow	Bayport CIP	wip_bayport	SIPG_BAYPORT_2022	Israel Haifa Bayport port construction project	cip_close	0.0		yuan	CNY	year		2022.0		high	yes	yes		Final construction year for main Bayport project (100% progress, main CIP closed); other decreases include transfers to intangibles and long-term deferred expenses; figures from 2022 AR 在建工程 tables.
SIPG_2022_CIP_005_02	SIPG	2022	SIPG_BAYPORT_CIP	sipg_haifa_bayport_CIP_RMB.csv	sipg_haifa_bayport_CIP_RMB.csv		bayport_cip_clean	cip_flow	Bayport CIP	wip_bayport	SIPG_BAYPORT_2022	Israel Haifa Bayport port construction project	cip_open	745857891.94		yuan	CNY	year		2022.0		high	yes	yes		Final construction year for main Bayport project (100% progress, main CIP closed); other decreases include transfers to intangibles and long-term deferred expenses; figures from 2022 AR 在建工程 tables.
SIPG_2022_CIP_005_05	SIPG	2022	SIPG_BAYPORT_CIP	sipg_haifa_bayport_CIP_RMB.csv	sipg_haifa_bayport_CIP_RMB.csv		bayport_cip_clean	cip_flow	Bayport CIP	wip_bayport	SIPG_BAYPORT_2022	Israel Haifa Bayport port construction project	cip_other_decreases	71404120.85		yuan	CNY	year		2022.0		high	yes	yes		Final construction year for main Bayport project (100% progress, main CIP closed); other decreases include transfers to intangibles and long-term deferred expenses; figures from 2022 AR 在建工程 tables.
SIPG_2022_CIP_005_07	SIPG	2022	SIPG_BAYPORT_CIP	sipg_haifa_bayport_CIP_RMB.csv	sipg_haifa_bayport_CIP_RMB.csv		bayport_cip_clean	cip_flow	Bayport CIP	wip_bayport	SIPG_BAYPORT_2022	Israel Haifa Bayport port construction project	progress_pct	100.0		pct		year		2022.0		high	yes	yes		Final construction year for main Bayport project (100% progress, main CIP closed); other decreases include transfers to intangibles and long-term deferred expenses; figures from 2022 AR 在建工程 tables.
SIPG_2022_CIP_005_01	SIPG	2022	SIPG_BAYPORT_CIP	sipg_haifa_bayport_CIP_RMB.csv	sipg_haifa_bayport_CIP_RMB.csv		bayport_cip_clean	cip_flow	Bayport CIP	wip_bayport	SIPG_BAYPORT_2022	Israel Haifa Bayport port construction project	project_budget	4977300000.0		yuan	CNY	year		2022.0		high	yes	yes		Final construction year for main Bayport project (100% progress, main CIP closed); other decreases include transfers to intangibles and long-term deferred expenses; figures from 2022 AR 在建工程 tables.
SIPG_2022_CIP_005_04	SIPG	2022	SIPG_BAYPORT_CIP	sipg_haifa_bayport_CIP_RMB.csv	sipg_haifa_bayport_CIP_RMB.csv		bayport_cip_clean	cip_flow	Bayport CIP	wip_bayport	SIPG_BAYPORT_2022	Israel Haifa Bayport port construction project	transfer_to_ppe	942154587.82		yuan	CNY	year		2022.0		high	yes	yes	yes	Final construction year for main Bayport project (100% progress, main CIP closed); other decreases include transfers to intangibles and long-term deferred expenses; figures from 2022 AR 在建工程 tables.
SIPG_2023_CIP_006_06	SIPG	2023	SIPG_BAYPORT_CIP	sipg_haifa_bayport_CIP_RMB.csv	sipg_haifa_bayport_CIP_RMB.csv		bayport_cip_clean	cip_flow	Bayport CIP	wip_bayport	SIPG_BAYPORT_2023	Haifa Bayport port engineering project	cip_close	0.0		yuan	CNY	year		2023.0		medium	yes	yes		No Bayport main-terminal CIP line was extracted from the 2023 AR; any small residual projects (if present) are not material at cluster level and are omitted here.
SIPG_2023_CIP_006_02	SIPG	2023	SIPG_BAYPORT_CIP	sipg_haifa_bayport_CIP_RMB.csv	sipg_haifa_bayport_CIP_RMB.csv		bayport_cip_clean	cip_flow	Bayport CIP	wip_bayport	SIPG_BAYPORT_2023	Haifa Bayport port engineering project	cip_open	0.0		yuan	CNY	year		2023.0		medium	yes	yes		No Bayport main-terminal CIP line was extracted from the 2023 AR; any small residual projects (if present) are not material at cluster level and are omitted here.
SIPG_2023_CIP_006_01	SIPG	2023	SIPG_BAYPORT_CIP	sipg_haifa_bayport_CIP_RMB.csv	sipg_haifa_bayport_CIP_RMB.csv		bayport_cip_clean	cip_flow	Bayport CIP	wip_bayport	SIPG_BAYPORT_2023	Haifa Bayport port engineering project	project_budget	4977300000.0		yuan	CNY	year		2023.0		medium	yes	yes		No Bayport main-terminal CIP line was extracted from the 2023 AR; any small residual projects (if present) are not material at cluster level and are omitted here.
SIPG_2024_CIP_007_03	SIPG	2024	SIPG_BAYPORT_CIP	sipg_haifa_bayport_CIP_RMB.csv	sipg_haifa_bayport_CIP_RMB.csv		bayport_cip_clean	cip_flow	Bayport CIP	wip_bayport	SIPG_BAYPORT_2024	Bayport rail area fire-cannon system project	cip_additions	20475543.11		yuan	CNY	year		2024.0		high	yes	yes	yes	Ancillary Bayport CIP project (fire-cannon system in rail area); figures from 2024 AR 在建工程 – 重要在建工程项目本期变动情况.
SIPG_2024_CIP_007_06	SIPG	2024	SIPG_BAYPORT_CIP	sipg_haifa_bayport_CIP_RMB.csv	sipg_haifa_bayport_CIP_RMB.csv		bayport_cip_clean	cip_flow	Bayport CIP	wip_bayport	SIPG_BAYPORT_2024	Bayport rail area fire-cannon system project	cip_close	20475543.11		yuan	CNY	year		2024.0		high	yes	yes		Ancillary Bayport CIP project (fire-cannon system in rail area); figures from 2024 AR 在建工程 – 重要在建工程项目本期变动情况.
SIPG_2024_CIP_007_02	SIPG	2024	SIPG_BAYPORT_CIP	sipg_haifa_bayport_CIP_RMB.csv	sipg_haifa_bayport_CIP_RMB.csv		bayport_cip_clean	cip_flow	Bayport CIP	wip_bayport	SIPG_BAYPORT_2024	Bayport rail area fire-cannon system project	cip_open	0.0		yuan	CNY	year		2024.0		high	yes	yes		Ancillary Bayport CIP project (fire-cannon system in rail area); figures from 2024 AR 在建工程 – 重要在建工程项目本期变动情况.
SIPG_2024_CIP_007_05	SIPG	2024	SIPG_BAYPORT_CIP	sipg_haifa_bayport_CIP_RMB.csv	sipg_haifa_bayport_CIP_RMB.csv		bayport_cip_clean	cip_flow	Bayport CIP	wip_bayport	SIPG_BAYPORT_2024	Bayport rail area fire-cannon system project	cip_other_decreases	0.0		yuan	CNY	year		2024.0		high	yes	yes		Ancillary Bayport CIP project (fire-cannon system in rail area); figures from 2024 AR 在建工程 – 重要在建工程项目本期变动情况.
SIPG_2024_CIP_007_07	SIPG	2024	SIPG_BAYPORT_CIP	sipg_haifa_bayport_CIP_RMB.csv	sipg_haifa_bayport_CIP_RMB.csv		bayport_cip_clean	cip_flow	Bayport CIP	wip_bayport	SIPG_BAYPORT_2024	Bayport rail area fire-cannon system project	progress_pct	73.13		pct		year		2024.0		high	yes	yes		Ancillary Bayport CIP project (fire-cannon system in rail area); figures from 2024 AR 在建工程 – 重要在建工程项目本期变动情况.
SIPG_2024_CIP_007_01	SIPG	2024	SIPG_BAYPORT_CIP	sipg_haifa_bayport_CIP_RMB.csv	sipg_haifa_bayport_CIP_RMB.csv		bayport_cip_clean	cip_flow	Bayport CIP	wip_bayport	SIPG_BAYPORT_2024	Bayport rail area fire-cannon system project	project_budget	28000000.0		yuan	CNY	year		2024.0		high	yes	yes		Ancillary Bayport CIP project (fire-cannon system in rail area); figures from 2024 AR 在建工程 – 重要在建工程项目本期变动情况.
SIPG_2024_CIP_007_04	SIPG	2024	SIPG_BAYPORT_CIP	sipg_haifa_bayport_CIP_RMB.csv	sipg_haifa_bayport_CIP_RMB.csv		bayport_cip_clean	cip_flow	Bayport CIP	wip_bayport	SIPG_BAYPORT_2024	Bayport rail area fire-cannon system project	transfer_to_ppe	0.0		yuan	CNY	year		2024.0		high	yes	yes	yes	Ancillary Bayport CIP project (fire-cannon system in rail area); figures from 2024 AR 在建工程 – 重要在建工程项目本期变动情况.
SIPG_2024_PPE_031_10	SIPG	2024	SIPG_K_REDESIGN_CLEAN	k_redesign_clean.csv	SIPG 2024.pdf	196.0	ppe_flow_summary	annual_summary	固定资产—折旧与在建工程转入摘要	fixed_assets_flows_total			depreciation_expense	3010012297.58		yuan	CNY	year		2024.0		high	yes			From narrative: total depreciation expense in 2024 = 3,010,012,297.58; original cost transferred from CIP to fixed assets = 5,723,206,791.67 (page 196/333).
SIPG_2024_PPE_031_18	SIPG	2024	SIPG_K_REDESIGN_CLEAN	k_redesign_clean.csv	SIPG 2024.pdf	196.0	ppe_flow_summary	annual_summary	固定资产—折旧与在建工程转入摘要	fixed_assets_flows_total			transfer_to_ppe	5723206791.67		yuan	CNY	year		2024.0		high	yes		yes	From narrative: total depreciation expense in 2024 = 3,010,012,297.58; original cost transferred from CIP to fixed assets = 5,723,206,791.67 (page 196/333).
SIPG_2024_SUB_016	SIPG	2024	SIPG_K_REDESIGN_CLEAN	k_redesign_clean.csv	SIPG 2024.pdf	135.0	subsidiary_list	classification	SIPG BAYPORT TERMINAL CO., LTD.	bayport_subsidiary			bayport_subsidiary_in_consolidation_perimeter		yes	flag		year		2024.0		high	yes			Consolidation perimeter list includes 'SIPG BAYPORT TERMINAL CO., LTD.' (item 54).
SIPG_2024_DEPPOL_012_07	SIPG	2024	SIPG_K_REDESIGN_CLEAN	k_redesign_clean.csv	SIPG 2024.pdf	149.0	depr_policy	dep_policy	集装箱	containers			annual_depr_rate_pct_max	12.0		pct		policy				high	yes			Note 21 固定资产; depreciation policy table.
SIPG_2024_DEPPOL_012_06	SIPG	2024	SIPG_K_REDESIGN_CLEAN	k_redesign_clean.csv	SIPG 2024.pdf	149.0	depr_policy	dep_policy	集装箱	containers			annual_depr_rate_pct_min	11.3		pct		policy				high	yes			Note 21 固定资产; depreciation policy table.
SIPG_2024_DEPPOL_012_01	SIPG	2024	SIPG_K_REDESIGN_CLEAN	k_redesign_clean.csv	SIPG 2024.pdf	149.0	depr_policy	dep_policy	集装箱	containers			depr_method		年限平均法	text		policy				high	yes			Note 21 固定资产; depreciation policy table.
SIPG_2024_DEPPOL_012_05	SIPG	2024	SIPG_K_REDESIGN_CLEAN	k_redesign_clean.csv	SIPG 2024.pdf	149.0	depr_policy	dep_policy	集装箱	containers			residual_pct_max	10.0		pct		policy				high	yes			Note 21 固定资产; depreciation policy table.
SIPG_2024_DEPPOL_012_04	SIPG	2024	SIPG_K_REDESIGN_CLEAN	k_redesign_clean.csv	SIPG 2024.pdf	149.0	depr_policy	dep_policy	集装箱	containers			residual_pct_min	4.0		pct		policy				high	yes			Note 21 固定资产; depreciation policy table.
SIPG_2024_DEPPOL_012_03	SIPG	2024	SIPG_K_REDESIGN_CLEAN	k_redesign_clean.csv	SIPG 2024.pdf	149.0	depr_policy	dep_policy	集装箱	containers			useful_life_years_max	8.0		years		policy				high	yes			Note 21 固定资产; depreciation policy table.
SIPG_2024_DEPPOL_012_02	SIPG	2024	SIPG_K_REDESIGN_CLEAN	k_redesign_clean.csv	SIPG 2024.pdf	149.0	depr_policy	dep_policy	集装箱	containers			useful_life_years_min	8.0		years		policy				high	yes			Note 21 固定资产; depreciation policy table.
SIPG_2024_DEPPOL_007_07	SIPG	2024	SIPG_K_REDESIGN_CLEAN	k_redesign_clean.csv	SIPG 2024.pdf	149.0	depr_policy	dep_policy	装卸机械	handling_machinery			annual_depr_rate_pct_max	12.0		pct		policy				high	yes			Note 21 固定资产; depreciation policy table.
SIPG_2024_DEPPOL_007_06	SIPG	2024	SIPG_K_REDESIGN_CLEAN	k_redesign_clean.csv	SIPG 2024.pdf	149.0	depr_policy	dep_policy	装卸机械	handling_machinery			annual_depr_rate_pct_min	4.5		pct		policy				high	yes			Note 21 固定资产; depreciation policy table.
SIPG_2024_DEPPOL_007_01	SIPG	2024	SIPG_K_REDESIGN_CLEAN	k_redesign_clean.csv	SIPG 2024.pdf	149.0	depr_policy	dep_policy	装卸机械	handling_machinery			depr_method		年限平均法	text		policy				high	yes			Note 21 固定资产; depreciation policy table.
SIPG_2024_DEPPOL_007_05	SIPG	2024	SIPG_K_REDESIGN_CLEAN	k_redesign_clean.csv	SIPG 2024.pdf	149.0	depr_policy	dep_policy	装卸机械	handling_machinery			residual_pct_max	10.0		pct		policy				high	yes			Note 21 固定资产; depreciation policy table.
SIPG_2024_DEPPOL_007_04	SIPG	2024	SIPG_K_REDESIGN_CLEAN	k_redesign_clean.csv	SIPG 2024.pdf	149.0	depr_policy	dep_policy	装卸机械	handling_machinery			residual_pct_min	4.0		pct		policy				high	yes			Note 21 固定资产; depreciation policy table.
SIPG_2024_DEPPOL_007_03	SIPG	2024	SIPG_K_REDESIGN_CLEAN	k_redesign_clean.csv	SIPG 2024.pdf	149.0	depr_policy	dep_policy	装卸机械	handling_machinery			useful_life_years_max	20.0		years		policy				high	yes			Note 21 固定资产; depreciation policy table.
SIPG_2024_DEPPOL_007_02	SIPG	2024	SIPG_K_REDESIGN_CLEAN	k_redesign_clean.csv	SIPG 2024.pdf	149.0	depr_policy	dep_policy	装卸机械	handling_machinery			useful_life_years_min	8.0		years		policy				high	yes			Note 21 固定资产; depreciation policy table.
SIPG_2024_DEPPOL_009_07	SIPG	2024	SIPG_K_REDESIGN_CLEAN	k_redesign_clean.csv	SIPG 2024.pdf	149.0	depr_policy	dep_policy	电子计算机	it_computing			annual_depr_rate_pct_max	19.2		pct		policy				high	yes			Note 21 固定资产; depreciation policy table.
SIPG_2024_DEPPOL_009_06	SIPG	2024	SIPG_K_REDESIGN_CLEAN	k_redesign_clean.csv	SIPG 2024.pdf	149.0	depr_policy	dep_policy	电子计算机	it_computing			annual_depr_rate_pct_min	15.0		pct		policy				high	yes			Note 21 固定资产; depreciation policy table.
SIPG_2024_DEPPOL_009_01	SIPG	2024	SIPG_K_REDESIGN_CLEAN	k_redesign_clean.csv	SIPG 2024.pdf	149.0	depr_policy	dep_policy	电子计算机	it_computing			depr_method		年限平均法	text		policy				high	yes			Note 21 固定资产; depreciation policy table.
SIPG_2024_DEPPOL_009_05	SIPG	2024	SIPG_K_REDESIGN_CLEAN	k_redesign_clean.csv	SIPG 2024.pdf	149.0	depr_policy	dep_policy	电子计算机	it_computing			residual_pct_max	10.0		pct		policy				high	yes			Note 21 固定资产; depreciation policy table.
SIPG_2024_DEPPOL_009_04	SIPG	2024	SIPG_K_REDESIGN_CLEAN	k_redesign_clean.csv	SIPG 2024.pdf	149.0	depr_policy	dep_policy	电子计算机	it_computing			residual_pct_min	4.0		pct		policy				high	yes			Note 21 固定资产; depreciation policy table.
SIPG_2024_DEPPOL_009_03	SIPG	2024	SIPG_K_REDESIGN_CLEAN	k_redesign_clean.csv	SIPG 2024.pdf	149.0	depr_policy	dep_policy	电子计算机	it_computing			useful_life_years_max	6.0		years		policy				high	yes			Note 21 固定资产; depreciation policy table.
SIPG_2024_DEPPOL_009_02	SIPG	2024	SIPG_K_REDESIGN_CLEAN	k_redesign_clean.csv	SIPG 2024.pdf	149.0	depr_policy	dep_policy	电子计算机	it_computing			useful_life_years_min	5.0		years		policy				high	yes			Note 21 固定资产; depreciation policy table.
SIPG_2024_DEPPOL_005_07	SIPG	2024	SIPG_K_REDESIGN_CLEAN	k_redesign_clean.csv	SIPG 2024.pdf	149.0	depr_policy	dep_policy	通讯设备	it_telecom			annual_depr_rate_pct_max	19.2		pct		policy				high	yes			Note 21 固定资产; depreciation policy table.
SIPG_2024_DEPPOL_005_06	SIPG	2024	SIPG_K_REDESIGN_CLEAN	k_redesign_clean.csv	SIPG 2024.pdf	149.0	depr_policy	dep_policy	通讯设备	it_telecom			annual_depr_rate_pct_min	9.0		pct		policy				high	yes			Note 21 固定资产; depreciation policy table.
SIPG_2024_DEPPOL_005_01	SIPG	2024	SIPG_K_REDESIGN_CLEAN	k_redesign_clean.csv	SIPG 2024.pdf	149.0	depr_policy	dep_policy	通讯设备	it_telecom			depr_method		年限平均法	text		policy				high	yes			Note 21 固定资产; depreciation policy table.
SIPG_2024_DEPPOL_005_05	SIPG	2024	SIPG_K_REDESIGN_CLEAN	k_redesign_clean.csv	SIPG 2024.pdf	149.0	depr_policy	dep_policy	通讯设备	it_telecom			residual_pct_max	10.0		pct		policy				high	yes			Note 21 固定资产; depreciation policy table.
SIPG_2024_DEPPOL_005_04	SIPG	2024	SIPG_K_REDESIGN_CLEAN	k_redesign_clean.csv	SIPG 2024.pdf	149.0	depr_policy	dep_policy	通讯设备	it_telecom			residual_pct_min	4.0		pct		policy				high	yes			Note 21 固定资产; depreciation policy table.
SIPG_2024_DEPPOL_005_03	SIPG	2024	SIPG_K_REDESIGN_CLEAN	k_redesign_clean.csv	SIPG 2024.pdf	149.0	depr_policy	dep_policy	通讯设备	it_telecom			useful_life_years_max	10.0		years		policy				high	yes			Note 21 固定资产; depreciation policy table.
SIPG_2024_DEPPOL_005_02	SIPG	2024	SIPG_K_REDESIGN_CLEAN	k_redesign_clean.csv	SIPG 2024.pdf	149.0	depr_policy	dep_policy	通讯设备	it_telecom			useful_life_years_min	5.0		years		policy				high	yes			Note 21 固定资产; depreciation policy table.
SIPG_2024_DEPPOL_008_07	SIPG	2024	SIPG_K_REDESIGN_CLEAN	k_redesign_clean.csv	SIPG 2024.pdf	149.0	depr_policy	dep_policy	机器设备	machinery_equipment			annual_depr_rate_pct_max	9.6		pct		policy				high	yes			Note 21 固定资产; depreciation policy table.
SIPG_2024_DEPPOL_008_06	SIPG	2024	SIPG_K_REDESIGN_CLEAN	k_redesign_clean.csv	SIPG 2024.pdf	149.0	depr_policy	dep_policy	机器设备	machinery_equipment			annual_depr_rate_pct_min	6.0		pct		policy				high	yes			Note 21 固定资产; depreciation policy table.
SIPG_2024_DEPPOL_008_01	SIPG	2024	SIPG_K_REDESIGN_CLEAN	k_redesign_clean.csv	SIPG 2024.pdf	149.0	depr_policy	dep_policy	机器设备	machinery_equipment			depr_method		年限平均法	text		policy				high	yes			Note 21 固定资产; depreciation policy table.
SIPG_2024_DEPPOL_008_05	SIPG	2024	SIPG_K_REDESIGN_CLEAN	k_redesign_clean.csv	SIPG 2024.pdf	149.0	depr_policy	dep_policy	机器设备	machinery_equipment			residual_pct_max	10.0		pct		policy				high	yes			Note 21 固定资产; depreciation policy table.
SIPG_2024_DEPPOL_008_04	SIPG	2024	SIPG_K_REDESIGN_CLEAN	k_redesign_clean.csv	SIPG 2024.pdf	149.0	depr_policy	dep_policy	机器设备	machinery_equipment			residual_pct_min	4.0		pct		policy				high	yes			Note 21 固定资产; depreciation policy table.
SIPG_2024_DEPPOL_008_03	SIPG	2024	SIPG_K_REDESIGN_CLEAN	k_redesign_clean.csv	SIPG 2024.pdf	149.0	depr_policy	dep_policy	机器设备	machinery_equipment			useful_life_years_max	15.0		years		policy				high	yes			Note 21 固定资产; depreciation policy table.
SIPG_2024_DEPPOL_008_02	SIPG	2024	SIPG_K_REDESIGN_CLEAN	k_redesign_clean.csv	SIPG 2024.pdf	149.0	depr_policy	dep_policy	机器设备	machinery_equipment			useful_life_years_min	10.0		years		policy				high	yes			Note 21 固定资产; depreciation policy table.
SIPG_2024_DEPPOL_014_07	SIPG	2024	SIPG_K_REDESIGN_CLEAN	k_redesign_clean.csv	SIPG 2024.pdf	149.0	depr_policy	dep_policy	其他	other_equipment			annual_depr_rate_pct_max	19.2		pct		policy				high	yes			Note 21 固定资产; depreciation policy table.
SIPG_2024_DEPPOL_014_06	SIPG	2024	SIPG_K_REDESIGN_CLEAN	k_redesign_clean.csv	SIPG 2024.pdf	149.0	depr_policy	dep_policy	其他	other_equipment			annual_depr_rate_pct_min	9.0		pct		policy				high	yes			Note 21 固定资产; depreciation policy table.
SIPG_2024_DEPPOL_014_01	SIPG	2024	SIPG_K_REDESIGN_CLEAN	k_redesign_clean.csv	SIPG 2024.pdf	149.0	depr_policy	dep_policy	其他	other_equipment			depr_method		年限平均法	text		policy				high	yes			Note 21 固定资产; depreciation policy table.
SIPG_2024_DEPPOL_014_05	SIPG	2024	SIPG_K_REDESIGN_CLEAN	k_redesign_clean.csv	SIPG 2024.pdf	149.0	depr_policy	dep_policy	其他	other_equipment			residual_pct_max	10.0		pct		policy				high	yes			Note 21 固定资产; depreciation policy table.
SIPG_2024_DEPPOL_014_04	SIPG	2024	SIPG_K_REDESIGN_CLEAN	k_redesign_clean.csv	SIPG 2024.pdf	149.0	depr_policy	dep_policy	其他	other_equipment			residual_pct_min	4.0		pct		policy				high	yes			Note 21 固定资产; depreciation policy table.
SIPG_2024_DEPPOL_014_03	SIPG	2024	SIPG_K_REDESIGN_CLEAN	k_redesign_clean.csv	SIPG 2024.pdf	149.0	depr_policy	dep_policy	其他	other_equipment			useful_life_years_max	10.0		years		policy				high	yes			Note 21 固定资产; depreciation policy table.
SIPG_2024_DEPPOL_014_02	SIPG	2024	SIPG_K_REDESIGN_CLEAN	k_redesign_clean.csv	SIPG 2024.pdf	149.0	depr_policy	dep_policy	其他	other_equipment			useful_life_years_min	5.0		years		policy				high	yes			Note 21 固定资产; depreciation policy table.
SIPG_2024_DEPPOL_003_07	SIPG	2024	SIPG_K_REDESIGN_CLEAN	k_redesign_clean.csv	SIPG 2024.pdf	149.0	depr_policy	dep_policy	港务设施	port_infrastructure			annual_depr_rate_pct_max	3.84		pct		policy				high	yes			Note 21 固定资产; depreciation policy table.
SIPG_2024_DEPPOL_003_06	SIPG	2024	SIPG_K_REDESIGN_CLEAN	k_redesign_clean.csv	SIPG 2024.pdf	149.0	depr_policy	dep_policy	港务设施	port_infrastructure			annual_depr_rate_pct_min	3.0		pct		policy				high	yes			Note 21 固定资产; depreciation policy table.
SIPG_2024_DEPPOL_003_01	SIPG	2024	SIPG_K_REDESIGN_CLEAN	k_redesign_clean.csv	SIPG 2024.pdf	149.0	depr_policy	dep_policy	港务设施	port_infrastructure			depr_method		年限平均法	text		policy				high	yes			Note 21 固定资产; depreciation policy table.
SIPG_2024_DEPPOL_003_05	SIPG	2024	SIPG_K_REDESIGN_CLEAN	k_redesign_clean.csv	SIPG 2024.pdf	149.0	depr_policy	dep_policy	港务设施	port_infrastructure			residual_pct_max	10.0		pct		policy				high	yes			Note 21 固定资产; depreciation policy table.
SIPG_2024_DEPPOL_003_04	SIPG	2024	SIPG_K_REDESIGN_CLEAN	k_redesign_clean.csv	SIPG 2024.pdf	149.0	depr_policy	dep_policy	港务设施	port_infrastructure			residual_pct_min	4.0		pct		policy				high	yes			Note 21 固定资产; depreciation policy table.
SIPG_2024_DEPPOL_003_03	SIPG	2024	SIPG_K_REDESIGN_CLEAN	k_redesign_clean.csv	SIPG 2024.pdf	149.0	depr_policy	dep_policy	港务设施	port_infrastructure			useful_life_years_max	30.0		years		policy				high	yes			Note 21 固定资产; depreciation policy table.
SIPG_2024_DEPPOL_003_02	SIPG	2024	SIPG_K_REDESIGN_CLEAN	k_redesign_clean.csv	SIPG 2024.pdf	149.0	depr_policy	dep_policy	港务设施	port_infrastructure			useful_life_years_min	25.0		years		policy				high	yes			Note 21 固定资产; depreciation policy table.
SIPG_2024_DEPPOL_013_07	SIPG	2024	SIPG_K_REDESIGN_CLEAN	k_redesign_clean.csv	SIPG 2024.pdf	149.0	depr_policy	dep_policy	安全设施设备	safety_equipment			annual_depr_rate_pct_max	100.0		pct		policy				high	yes			Note 21 固定资产; depreciation policy table.
SIPG_2024_DEPPOL_013_06	SIPG	2024	SIPG_K_REDESIGN_CLEAN	k_redesign_clean.csv	SIPG 2024.pdf	149.0	depr_policy	dep_policy	安全设施设备	safety_equipment			annual_depr_rate_pct_min	100.0		pct		policy				high	yes			Note 21 固定资产; depreciation policy table.
SIPG_2024_DEPPOL_013_01	SIPG	2024	SIPG_K_REDESIGN_CLEAN	k_redesign_clean.csv	SIPG 2024.pdf	149.0	depr_policy	dep_policy	安全设施设备	safety_equipment			depr_method		一次性全额折旧	text		policy				high	yes			Note 21 固定资产; depreciation policy table.
SIPG_2024_DEPPOL_013_05	SIPG	2024	SIPG_K_REDESIGN_CLEAN	k_redesign_clean.csv	SIPG 2024.pdf	149.0	depr_policy	dep_policy	安全设施设备	safety_equipment			residual_pct_max	0.0		pct		policy				high	yes			Note 21 固定资产; depreciation policy table.
SIPG_2024_DEPPOL_013_04	SIPG	2024	SIPG_K_REDESIGN_CLEAN	k_redesign_clean.csv	SIPG 2024.pdf	149.0	depr_policy	dep_policy	安全设施设备	safety_equipment			residual_pct_min	0.0		pct		policy				high	yes			Note 21 固定资产; depreciation policy table.
SIPG_2024_DEPPOL_001_07	SIPG	2024	SIPG_K_REDESIGN_CLEAN	k_redesign_clean.csv	SIPG 2024.pdf	149.0	depr_policy	dep_policy	房屋	structures_buildings			annual_depr_rate_pct_max	4.8		pct		policy				high	yes			Note 21 固定资产; depreciation policy table.
SIPG_2024_DEPPOL_002_07	SIPG	2024	SIPG_K_REDESIGN_CLEAN	k_redesign_clean.csv	SIPG 2024.pdf	149.0	depr_policy	dep_policy	建筑物	structures_buildings			annual_depr_rate_pct_max	4.8		pct		policy				high	yes			Note 21 固定资产; depreciation policy table.
SIPG_2024_DEPPOL_001_06	SIPG	2024	SIPG_K_REDESIGN_CLEAN	k_redesign_clean.csv	SIPG 2024.pdf	149.0	depr_policy	dep_policy	房屋	structures_buildings			annual_depr_rate_pct_min	3.0		pct		policy				high	yes			Note 21 固定资产; depreciation policy table.
SIPG_2024_DEPPOL_002_06	SIPG	2024	SIPG_K_REDESIGN_CLEAN	k_redesign_clean.csv	SIPG 2024.pdf	149.0	depr_policy	dep_policy	建筑物	structures_buildings			annual_depr_rate_pct_min	3.0		pct		policy				high	yes			Note 21 固定资产; depreciation policy table.
SIPG_2024_DEPPOL_001_01	SIPG	2024	SIPG_K_REDESIGN_CLEAN	k_redesign_clean.csv	SIPG 2024.pdf	149.0	depr_policy	dep_policy	房屋	structures_buildings			depr_method		年限平均法	text		policy				high	yes			Note 21 固定资产; depreciation policy table.
SIPG_2024_DEPPOL_002_01	SIPG	2024	SIPG_K_REDESIGN_CLEAN	k_redesign_clean.csv	SIPG 2024.pdf	149.0	depr_policy	dep_policy	建筑物	structures_buildings			depr_method		年限平均法	text		policy				high	yes			Note 21 固定资产; depreciation policy table.
SIPG_2024_DEPPOL_001_05	SIPG	2024	SIPG_K_REDESIGN_CLEAN	k_redesign_clean.csv	SIPG 2024.pdf	149.0	depr_policy	dep_policy	房屋	structures_buildings			residual_pct_max	10.0		pct		policy				high	yes			Note 21 固定资产; depreciation policy table.
SIPG_2024_DEPPOL_002_05	SIPG	2024	SIPG_K_REDESIGN_CLEAN	k_redesign_clean.csv	SIPG 2024.pdf	149.0	depr_policy	dep_policy	建筑物	structures_buildings			residual_pct_max	10.0		pct		policy				high	yes			Note 21 固定资产; depreciation policy table.
SIPG_2024_DEPPOL_001_04	SIPG	2024	SIPG_K_REDESIGN_CLEAN	k_redesign_clean.csv	SIPG 2024.pdf	149.0	depr_policy	dep_policy	房屋	structures_buildings			residual_pct_min	4.0		pct		policy				high	yes			Note 21 固定资产; depreciation policy table.
SIPG_2024_DEPPOL_002_04	SIPG	2024	SIPG_K_REDESIGN_CLEAN	k_redesign_clean.csv	SIPG 2024.pdf	149.0	depr_policy	dep_policy	建筑物	structures_buildings			residual_pct_min	4.0		pct		policy				high	yes			Note 21 固定资产; depreciation policy table.
SIPG_2024_DEPPOL_001_03	SIPG	2024	SIPG_K_REDESIGN_CLEAN	k_redesign_clean.csv	SIPG 2024.pdf	149.0	depr_policy	dep_policy	房屋	structures_buildings			useful_life_years_max	30.0		years		policy				high	yes			Note 21 固定资产; depreciation policy table.
SIPG_2024_DEPPOL_002_03	SIPG	2024	SIPG_K_REDESIGN_CLEAN	k_redesign_clean.csv	SIPG 2024.pdf	149.0	depr_policy	dep_policy	建筑物	structures_buildings			useful_life_years_max	30.0		years		policy				high	yes			Note 21 固定资产; depreciation policy table.
SIPG_2024_DEPPOL_001_02	SIPG	2024	SIPG_K_REDESIGN_CLEAN	k_redesign_clean.csv	SIPG 2024.pdf	149.0	depr_policy	dep_policy	房屋	structures_buildings			useful_life_years_min	20.0		years		policy				high	yes			Note 21 固定资产; depreciation policy table.
SIPG_2024_DEPPOL_002_02	SIPG	2024	SIPG_K_REDESIGN_CLEAN	k_redesign_clean.csv	SIPG 2024.pdf	149.0	depr_policy	dep_policy	建筑物	structures_buildings			useful_life_years_min	20.0		years		policy				high	yes			Note 21 固定资产; depreciation policy table.
SIPG_2024_DEPPOL_010_07	SIPG	2024	SIPG_K_REDESIGN_CLEAN	k_redesign_clean.csv	SIPG 2024.pdf	149.0	depr_policy	dep_policy	职工住宅	structures_housing			annual_depr_rate_pct_max	2.74		pct		policy				high	yes			Note 21 固定资产; depreciation policy table.
SIPG_2024_DEPPOL_010_06	SIPG	2024	SIPG_K_REDESIGN_CLEAN	k_redesign_clean.csv	SIPG 2024.pdf	149.0	depr_policy	dep_policy	职工住宅	structures_housing			annual_depr_rate_pct_min	2.74		pct		policy				high	yes			Note 21 固定资产; depreciation policy table.
SIPG_2024_DEPPOL_010_01	SIPG	2024	SIPG_K_REDESIGN_CLEAN	k_redesign_clean.csv	SIPG 2024.pdf	149.0	depr_policy	dep_policy	职工住宅	structures_housing			depr_method		年限平均法	text		policy				high	yes			Note 21 固定资产; depreciation policy table.
SIPG_2024_DEPPOL_010_05	SIPG	2024	SIPG_K_REDESIGN_CLEAN	k_redesign_clean.csv	SIPG 2024.pdf	149.0	depr_policy	dep_policy	职工住宅	structures_housing			residual_pct_max	4.0		pct		policy				high	yes			Note 21 固定资产; depreciation policy table.
SIPG_2024_DEPPOL_010_04	SIPG	2024	SIPG_K_REDESIGN_CLEAN	k_redesign_clean.csv	SIPG 2024.pdf	149.0	depr_policy	dep_policy	职工住宅	structures_housing			residual_pct_min	4.0		pct		policy				high	yes			Note 21 固定资产; depreciation policy table.
SIPG_2024_DEPPOL_010_03	SIPG	2024	SIPG_K_REDESIGN_CLEAN	k_redesign_clean.csv	SIPG 2024.pdf	149.0	depr_policy	dep_policy	职工住宅	structures_housing			useful_life_years_max	35.0		years		policy				high	yes			Note 21 固定资产; depreciation policy table.
SIPG_2024_DEPPOL_010_02	SIPG	2024	SIPG_K_REDESIGN_CLEAN	k_redesign_clean.csv	SIPG 2024.pdf	149.0	depr_policy	dep_policy	职工住宅	structures_housing			useful_life_years_min	35.0		years		policy				high	yes			Note 21 固定资产; depreciation policy table.
SIPG_2024_DEPPOL_011_07	SIPG	2024	SIPG_K_REDESIGN_CLEAN	k_redesign_clean.csv	SIPG 2024.pdf	149.0	depr_policy	dep_policy	车辆	vehicles			annual_depr_rate_pct_max	16.0		pct		policy				high	yes			Note 21 固定资产; depreciation policy table.
SIPG_2024_DEPPOL_011_06	SIPG	2024	SIPG_K_REDESIGN_CLEAN	k_redesign_clean.csv	SIPG 2024.pdf	149.0	depr_policy	dep_policy	车辆	vehicles			annual_depr_rate_pct_min	9.0		pct		policy				high	yes			Note 21 固定资产; depreciation policy table.
SIPG_2024_DEPPOL_011_01	SIPG	2024	SIPG_K_REDESIGN_CLEAN	k_redesign_clean.csv	SIPG 2024.pdf	149.0	depr_policy	dep_policy	车辆	vehicles			depr_method		年限平均法	text		policy				high	yes			Note 21 固定资产; depreciation policy table.
SIPG_2024_DEPPOL_011_05	SIPG	2024	SIPG_K_REDESIGN_CLEAN	k_redesign_clean.csv	SIPG 2024.pdf	149.0	depr_policy	dep_policy	车辆	vehicles			residual_pct_max	10.0		pct		policy				high	yes			Note 21 固定资产; depreciation policy table.
SIPG_2024_DEPPOL_011_04	SIPG	2024	SIPG_K_REDESIGN_CLEAN	k_redesign_clean.csv	SIPG 2024.pdf	149.0	depr_policy	dep_policy	车辆	vehicles			residual_pct_min	4.0		pct		policy				high	yes			Note 21 固定资产; depreciation policy table.
SIPG_2024_DEPPOL_011_03	SIPG	2024	SIPG_K_REDESIGN_CLEAN	k_redesign_clean.csv	SIPG 2024.pdf	149.0	depr_policy	dep_policy	车辆	vehicles			useful_life_years_max	10.0		years		policy				high	yes			Note 21 固定资产; depreciation policy table.
SIPG_2024_DEPPOL_011_02	SIPG	2024	SIPG_K_REDESIGN_CLEAN	k_redesign_clean.csv	SIPG 2024.pdf	149.0	depr_policy	dep_policy	车辆	vehicles			useful_life_years_min	6.0		years		policy				high	yes			Note 21 固定资产; depreciation policy table.
SIPG_2024_DEPPOL_006_07	SIPG	2024	SIPG_K_REDESIGN_CLEAN	k_redesign_clean.csv	SIPG 2024.pdf	149.0	depr_policy	dep_policy	船舶	vessels			annual_depr_rate_pct_max	8.0		pct		policy				high	yes			Note 21 固定资产; depreciation policy table.
SIPG_2024_DEPPOL_006_06	SIPG	2024	SIPG_K_REDESIGN_CLEAN	k_redesign_clean.csv	SIPG 2024.pdf	149.0	depr_policy	dep_policy	船舶	vessels			annual_depr_rate_pct_min	3.6		pct		policy				high	yes			Note 21 固定资产; depreciation policy table.
SIPG_2024_DEPPOL_006_01	SIPG	2024	SIPG_K_REDESIGN_CLEAN	k_redesign_clean.csv	SIPG 2024.pdf	149.0	depr_policy	dep_policy	船舶	vessels			depr_method		年限平均法	text		policy				high	yes			Note 21 固定资产; depreciation policy table.
SIPG_2024_DEPPOL_006_05	SIPG	2024	SIPG_K_REDESIGN_CLEAN	k_redesign_clean.csv	SIPG 2024.pdf	149.0	depr_policy	dep_policy	船舶	vessels			residual_pct_max	10.0		pct		policy				high	yes			Note 21 固定资产; depreciation policy table.
SIPG_2024_DEPPOL_006_04	SIPG	2024	SIPG_K_REDESIGN_CLEAN	k_redesign_clean.csv	SIPG 2024.pdf	149.0	depr_policy	dep_policy	船舶	vessels			residual_pct_min	4.0		pct		policy				high	yes			Note 21 固定资产; depreciation policy table.
SIPG_2024_DEPPOL_006_03	SIPG	2024	SIPG_K_REDESIGN_CLEAN	k_redesign_clean.csv	SIPG 2024.pdf	149.0	depr_policy	dep_policy	船舶	vessels			useful_life_years_max	25.0		years		policy				high	yes			Note 21 固定资产; depreciation policy table.
SIPG_2024_DEPPOL_006_02	SIPG	2024	SIPG_K_REDESIGN_CLEAN	k_redesign_clean.csv	SIPG 2024.pdf	149.0	depr_policy	dep_policy	船舶	vessels			useful_life_years_min	12.0		years		policy				high	yes			Note 21 固定资产; depreciation policy table.
SIPG_2024_DEPPOL_004_07	SIPG	2024	SIPG_K_REDESIGN_CLEAN	k_redesign_clean.csv	SIPG 2024.pdf	149.0	depr_policy	dep_policy	库场设施	yard_infrastructure			annual_depr_rate_pct_max	3.84		pct		policy				high	yes			Note 21 固定资产; depreciation policy table.
SIPG_2024_DEPPOL_004_06	SIPG	2024	SIPG_K_REDESIGN_CLEAN	k_redesign_clean.csv	SIPG 2024.pdf	149.0	depr_policy	dep_policy	库场设施	yard_infrastructure			annual_depr_rate_pct_min	3.0		pct		policy				high	yes			Note 21 固定资产; depreciation policy table.
SIPG_2024_DEPPOL_004_01	SIPG	2024	SIPG_K_REDESIGN_CLEAN	k_redesign_clean.csv	SIPG 2024.pdf	149.0	depr_policy	dep_policy	库场设施	yard_infrastructure			depr_method		年限平均法	text		policy				high	yes			Note 21 固定资产; depreciation policy table.
SIPG_2024_DEPPOL_004_05	SIPG	2024	SIPG_K_REDESIGN_CLEAN	k_redesign_clean.csv	SIPG 2024.pdf	149.0	depr_policy	dep_policy	库场设施	yard_infrastructure			residual_pct_max	10.0		pct		policy				high	yes			Note 21 固定资产; depreciation policy table.
SIPG_2024_DEPPOL_004_04	SIPG	2024	SIPG_K_REDESIGN_CLEAN	k_redesign_clean.csv	SIPG 2024.pdf	149.0	depr_policy	dep_policy	库场设施	yard_infrastructure			residual_pct_min	4.0		pct		policy				high	yes			Note 21 固定资产; depreciation policy table.
SIPG_2024_DEPPOL_004_03	SIPG	2024	SIPG_K_REDESIGN_CLEAN	k_redesign_clean.csv	SIPG 2024.pdf	149.0	depr_policy	dep_policy	库场设施	yard_infrastructure			useful_life_years_max	30.0		years		policy				high	yes			Note 21 固定资产; depreciation policy table.
SIPG_2024_DEPPOL_004_02	SIPG	2024	SIPG_K_REDESIGN_CLEAN	k_redesign_clean.csv	SIPG 2024.pdf	149.0	depr_policy	dep_policy	库场设施	yard_infrastructure			useful_life_years_min	25.0		years		policy				high	yes			Note 21 固定资产; depreciation policy table.
SIPG_2024_PPE_027_10	SIPG	2024	SIPG_K_REDESIGN_CLEAN	k_redesign_clean.csv	SIPG 2024.pdf	195.0	ppe_rollforward_extract	ppe_rollforward	集装箱	containers			depreciation_expense	54004464.29		yuan	CNY	year		2024.0		high	yes			Note 21 固定资产→固定资产情况 (p195/333). accdep_additions=2024 depreciation expense (计提). cip_transfers_to_ppe=2024 CIP→PPE transfers (在建工程转入, original cost). nbv_open/close are 期初/期末账面价值.
SIPG_2024_PPE_027_15	SIPG	2024	SIPG_K_REDESIGN_CLEAN	k_redesign_clean.csv	SIPG 2024.pdf	195.0	ppe_rollforward_extract	ppe_rollforward	集装箱	containers			nbv_close	531044115.53		yuan	CNY	year		2024.0		high	yes			Note 21 固定资产→固定资产情况 (p195/333). accdep_additions=2024 depreciation expense (计提). cip_transfers_to_ppe=2024 CIP→PPE transfers (在建工程转入, original cost). nbv_open/close are 期初/期末账面价值.
SIPG_2024_PPE_027_14	SIPG	2024	SIPG_K_REDESIGN_CLEAN	k_redesign_clean.csv	SIPG 2024.pdf	195.0	ppe_rollforward_extract	ppe_rollforward	集装箱	containers			nbv_open	399549904.08		yuan	CNY	year		2024.0		high	yes			Note 21 固定资产→固定资产情况 (p195/333). accdep_additions=2024 depreciation expense (计提). cip_transfers_to_ppe=2024 CIP→PPE transfers (在建工程转入, original cost). nbv_open/close are 期初/期末账面价值.
SIPG_2024_PPE_027_18	SIPG	2024	SIPG_K_REDESIGN_CLEAN	k_redesign_clean.csv	SIPG 2024.pdf	195.0	ppe_rollforward_extract	ppe_rollforward	集装箱	containers			transfer_to_ppe	186114479.82		yuan	CNY	year		2024.0		high	yes		yes	Note 21 固定资产→固定资产情况 (p195/333). accdep_additions=2024 depreciation expense (计提). cip_transfers_to_ppe=2024 CIP→PPE transfers (在建工程转入, original cost). nbv_open/close are 期初/期末账面价值.
SIPG_2024_PPE_023_10	SIPG	2024	SIPG_K_REDESIGN_CLEAN	k_redesign_clean.csv	SIPG 2024.pdf	195.0	ppe_rollforward_extract	ppe_rollforward	装卸机械	handling_machinery			depreciation_expense	804072042.75		yuan	CNY	year		2024.0		high	yes			Note 21 固定资产→固定资产情况 (p195/333). accdep_additions=2024 depreciation expense (计提). cip_transfers_to_ppe=2024 CIP→PPE transfers (在建工程转入, original cost). nbv_open/close are 期初/期末账面价值.
SIPG_2024_PPE_023_15	SIPG	2024	SIPG_K_REDESIGN_CLEAN	k_redesign_clean.csv	SIPG 2024.pdf	195.0	ppe_rollforward_extract	ppe_rollforward	装卸机械	handling_machinery			nbv_close	8826091773.21		yuan	CNY	year		2024.0		high	yes			Note 21 固定资产→固定资产情况 (p195/333). accdep_additions=2024 depreciation expense (计提). cip_transfers_to_ppe=2024 CIP→PPE transfers (在建工程转入, original cost). nbv_open/close are 期初/期末账面价值.
SIPG_2024_PPE_023_14	SIPG	2024	SIPG_K_REDESIGN_CLEAN	k_redesign_clean.csv	SIPG 2024.pdf	195.0	ppe_rollforward_extract	ppe_rollforward	装卸机械	handling_machinery			nbv_open	7615134907.05		yuan	CNY	year		2024.0		high	yes			Note 21 固定资产→固定资产情况 (p195/333). accdep_additions=2024 depreciation expense (计提). cip_transfers_to_ppe=2024 CIP→PPE transfers (在建工程转入, original cost). nbv_open/close are 期初/期末账面价值.
SIPG_2024_PPE_023_18	SIPG	2024	SIPG_K_REDESIGN_CLEAN	k_redesign_clean.csv	SIPG 2024.pdf	195.0	ppe_rollforward_extract	ppe_rollforward	装卸机械	handling_machinery			transfer_to_ppe	1906186285.16		yuan	CNY	year		2024.0		high	yes		yes	Note 21 固定资产→固定资产情况 (p195/333). accdep_additions=2024 depreciation expense (计提). cip_transfers_to_ppe=2024 CIP→PPE transfers (在建工程转入, original cost). nbv_open/close are 期初/期末账面价值.
SIPG_2024_PPE_024_10	SIPG	2024	SIPG_K_REDESIGN_CLEAN	k_redesign_clean.csv	SIPG 2024.pdf	195.0	ppe_rollforward_extract	ppe_rollforward	电子计算机	it_computing			depreciation_expense	123417331.58		yuan	CNY	year		2024.0		high	yes			Note 21 固定资产→固定资产情况 (p195/333). accdep_additions=2024 depreciation expense (计提). cip_transfers_to_ppe=2024 CIP→PPE transfers (在建工程转入, original cost). nbv_open/close are 期初/期末账面价值.
SIPG_2024_PPE_024_15	SIPG	2024	SIPG_K_REDESIGN_CLEAN	k_redesign_clean.csv	SIPG 2024.pdf	195.0	ppe_rollforward_extract	ppe_rollforward	电子计算机	it_computing			nbv_close	482852972.61		yuan	CNY	year		2024.0		high	yes			Note 21 固定资产→固定资产情况 (p195/333). accdep_additions=2024 depreciation expense (计提). cip_transfers_to_ppe=2024 CIP→PPE transfers (在建工程转入, original cost). nbv_open/close are 期初/期末账面价值.
SIPG_2024_PPE_024_14	SIPG	2024	SIPG_K_REDESIGN_CLEAN	k_redesign_clean.csv	SIPG 2024.pdf	195.0	ppe_rollforward_extract	ppe_rollforward	电子计算机	it_computing			nbv_open	446243438.06		yuan	CNY	year		2024.0		high	yes			Note 21 固定资产→固定资产情况 (p195/333). accdep_additions=2024 depreciation expense (计提). cip_transfers_to_ppe=2024 CIP→PPE transfers (在建工程转入, original cost). nbv_open/close are 期初/期末账面价值.
SIPG_2024_PPE_024_18	SIPG	2024	SIPG_K_REDESIGN_CLEAN	k_redesign_clean.csv	SIPG 2024.pdf	195.0	ppe_rollforward_extract	ppe_rollforward	电子计算机	it_computing			transfer_to_ppe	128812820.84		yuan	CNY	year		2024.0		high	yes		yes	Note 21 固定资产→固定资产情况 (p195/333). accdep_additions=2024 depreciation expense (计提). cip_transfers_to_ppe=2024 CIP→PPE transfers (在建工程转入, original cost). nbv_open/close are 期初/期末账面价值.
SIPG_2024_PPE_021_10	SIPG	2024	SIPG_K_REDESIGN_CLEAN	k_redesign_clean.csv	SIPG 2024.pdf	195.0	ppe_rollforward_extract	ppe_rollforward	通讯设施	it_telecom			depreciation_expense	20337318.61		yuan	CNY	year		2024.0		high	yes			Note 21 固定资产→固定资产情况 (p195/333). accdep_additions=2024 depreciation expense (计提). cip_transfers_to_ppe=2024 CIP→PPE transfers (在建工程转入, original cost). nbv_open/close are 期初/期末账面价值.
SIPG_2024_PPE_021_15	SIPG	2024	SIPG_K_REDESIGN_CLEAN	k_redesign_clean.csv	SIPG 2024.pdf	195.0	ppe_rollforward_extract	ppe_rollforward	通讯设施	it_telecom			nbv_close	101066042.23		yuan	CNY	year		2024.0		high	yes			Note 21 固定资产→固定资产情况 (p195/333). accdep_additions=2024 depreciation expense (计提). cip_transfers_to_ppe=2024 CIP→PPE transfers (在建工程转入, original cost). nbv_open/close are 期初/期末账面价值.
SIPG_2024_PPE_021_14	SIPG	2024	SIPG_K_REDESIGN_CLEAN	k_redesign_clean.csv	SIPG 2024.pdf	195.0	ppe_rollforward_extract	ppe_rollforward	通讯设施	it_telecom			nbv_open	116178709.0		yuan	CNY	year		2024.0		high	yes			Note 21 固定资产→固定资产情况 (p195/333). accdep_additions=2024 depreciation expense (计提). cip_transfers_to_ppe=2024 CIP→PPE transfers (在建工程转入, original cost). nbv_open/close are 期初/期末账面价值.
SIPG_2024_PPE_021_18	SIPG	2024	SIPG_K_REDESIGN_CLEAN	k_redesign_clean.csv	SIPG 2024.pdf	195.0	ppe_rollforward_extract	ppe_rollforward	通讯设施	it_telecom			transfer_to_ppe	5824055.79		yuan	CNY	year		2024.0		high	yes		yes	Note 21 固定资产→固定资产情况 (p195/333). accdep_additions=2024 depreciation expense (计提). cip_transfers_to_ppe=2024 CIP→PPE transfers (在建工程转入, original cost). nbv_open/close are 期初/期末账面价值.
SIPG_2024_PPE_018_10	SIPG	2024	SIPG_K_REDESIGN_CLEAN	k_redesign_clean.csv	SIPG 2024.pdf	195.0	ppe_rollforward_extract	ppe_rollforward	机器设备	machinery_equipment			depreciation_expense	122037346.75		yuan	CNY	year		2024.0		high	yes			Note 21 固定资产→固定资产情况 (p195/333). accdep_additions=2024 depreciation expense (计提). cip_transfers_to_ppe=2024 CIP→PPE transfers (在建工程转入, original cost). nbv_open/close are 期初/期末账面价值.
SIPG_2024_PPE_018_15	SIPG	2024	SIPG_K_REDESIGN_CLEAN	k_redesign_clean.csv	SIPG 2024.pdf	195.0	ppe_rollforward_extract	ppe_rollforward	机器设备	machinery_equipment			nbv_close	1198905959.03		yuan	CNY	year		2024.0		high	yes			Note 21 固定资产→固定资产情况 (p195/333). accdep_additions=2024 depreciation expense (计提). cip_transfers_to_ppe=2024 CIP→PPE transfers (在建工程转入, original cost). nbv_open/close are 期初/期末账面价值.
SIPG_2024_PPE_018_14	SIPG	2024	SIPG_K_REDESIGN_CLEAN	k_redesign_clean.csv	SIPG 2024.pdf	195.0	ppe_rollforward_extract	ppe_rollforward	机器设备	machinery_equipment			nbv_open	980350915.32		yuan	CNY	year		2024.0		high	yes			Note 21 固定资产→固定资产情况 (p195/333). accdep_additions=2024 depreciation expense (计提). cip_transfers_to_ppe=2024 CIP→PPE transfers (在建工程转入, original cost). nbv_open/close are 期初/期末账面价值.
SIPG_2024_PPE_018_18	SIPG	2024	SIPG_K_REDESIGN_CLEAN	k_redesign_clean.csv	SIPG 2024.pdf	195.0	ppe_rollforward_extract	ppe_rollforward	机器设备	machinery_equipment			transfer_to_ppe	325243509.18		yuan	CNY	year		2024.0		high	yes		yes	Note 21 固定资产→固定资产情况 (p195/333). accdep_additions=2024 depreciation expense (计提). cip_transfers_to_ppe=2024 CIP→PPE transfers (在建工程转入, original cost). nbv_open/close are 期初/期末账面价值.
SIPG_2024_PPE_029_10	SIPG	2024	SIPG_K_REDESIGN_CLEAN	k_redesign_clean.csv	SIPG 2024.pdf	195.0	ppe_rollforward_extract	ppe_rollforward	其他	other_equipment			depreciation_expense	36136533.25		yuan	CNY	year		2024.0		high	yes			Note 21 固定资产→固定资产情况 (p195/333). accdep_additions=2024 depreciation expense (计提). cip_transfers_to_ppe=2024 CIP→PPE transfers (在建工程转入, original cost). nbv_open/close are 期初/期末账面价值.
SIPG_2024_PPE_029_15	SIPG	2024	SIPG_K_REDESIGN_CLEAN	k_redesign_clean.csv	SIPG 2024.pdf	195.0	ppe_rollforward_extract	ppe_rollforward	其他	other_equipment			nbv_close	218317644.72		yuan	CNY	year		2024.0		high	yes			Note 21 固定资产→固定资产情况 (p195/333). accdep_additions=2024 depreciation expense (计提). cip_transfers_to_ppe=2024 CIP→PPE transfers (在建工程转入, original cost). nbv_open/close are 期初/期末账面价值.
SIPG_2024_PPE_029_14	SIPG	2024	SIPG_K_REDESIGN_CLEAN	k_redesign_clean.csv	SIPG 2024.pdf	195.0	ppe_rollforward_extract	ppe_rollforward	其他	other_equipment			nbv_open	218265029.49		yuan	CNY	year		2024.0		high	yes			Note 21 固定资产→固定资产情况 (p195/333). accdep_additions=2024 depreciation expense (计提). cip_transfers_to_ppe=2024 CIP→PPE transfers (在建工程转入, original cost). nbv_open/close are 期初/期末账面价值.
SIPG_2024_PPE_029_18	SIPG	2024	SIPG_K_REDESIGN_CLEAN	k_redesign_clean.csv	SIPG 2024.pdf	195.0	ppe_rollforward_extract	ppe_rollforward	其他	other_equipment			transfer_to_ppe	47941125.34		yuan	CNY	year		2024.0		high	yes		yes	Note 21 固定资产→固定资产情况 (p195/333). accdep_additions=2024 depreciation expense (计提). cip_transfers_to_ppe=2024 CIP→PPE transfers (在建工程转入, original cost). nbv_open/close are 期初/期末账面价值.
SIPG_2024_PPE_019_10	SIPG	2024	SIPG_K_REDESIGN_CLEAN	k_redesign_clean.csv	SIPG 2024.pdf	195.0	ppe_rollforward_extract	ppe_rollforward	港务设施	port_infrastructure			depreciation_expense	613082881.55		yuan	CNY	year		2024.0		high	yes			Note 21 固定资产→固定资产情况 (p195/333). accdep_additions=2024 depreciation expense (计提). cip_transfers_to_ppe=2024 CIP→PPE transfers (在建工程转入, original cost). nbv_open/close are 期初/期末账面价值.
SIPG_2024_PPE_019_15	SIPG	2024	SIPG_K_REDESIGN_CLEAN	k_redesign_clean.csv	SIPG 2024.pdf	195.0	ppe_rollforward_extract	ppe_rollforward	港务设施	port_infrastructure			nbv_close	8956291932.65		yuan	CNY	year		2024.0		high	yes			Note 21 固定资产→固定资产情况 (p195/333). accdep_additions=2024 depreciation expense (计提). cip_transfers_to_ppe=2024 CIP→PPE transfers (在建工程转入, original cost). nbv_open/close are 期初/期末账面价值.
SIPG_2024_PPE_019_14	SIPG	2024	SIPG_K_REDESIGN_CLEAN	k_redesign_clean.csv	SIPG 2024.pdf	195.0	ppe_rollforward_extract	ppe_rollforward	港务设施	port_infrastructure			nbv_open	8490341589.94		yuan	CNY	year		2024.0		high	yes			Note 21 固定资产→固定资产情况 (p195/333). accdep_additions=2024 depreciation expense (计提). cip_transfers_to_ppe=2024 CIP→PPE transfers (在建工程转入, original cost). nbv_open/close are 期初/期末账面价值.
SIPG_2024_PPE_019_18	SIPG	2024	SIPG_K_REDESIGN_CLEAN	k_redesign_clean.csv	SIPG 2024.pdf	195.0	ppe_rollforward_extract	ppe_rollforward	港务设施	port_infrastructure			transfer_to_ppe	1084593983.23		yuan	CNY	year		2024.0		high	yes		yes	Note 21 固定资产→固定资产情况 (p195/333). accdep_additions=2024 depreciation expense (计提). cip_transfers_to_ppe=2024 CIP→PPE transfers (在建工程转入, original cost). nbv_open/close are 期初/期末账面价值.
SIPG_2024_PPE_028_10	SIPG	2024	SIPG_K_REDESIGN_CLEAN	k_redesign_clean.csv	SIPG 2024.pdf	195.0	ppe_rollforward_extract	ppe_rollforward	安全设施设备	safety_equipment			depreciation_expense	19462813.71		yuan	CNY	year		2024.0		high	yes			Note 21 固定资产→固定资产情况 (p195/333). accdep_additions=2024 depreciation expense (计提). cip_transfers_to_ppe=2024 CIP→PPE transfers (在建工程转入, original cost). nbv_open/close are 期初/期末账面价值.
SIPG_2024_PPE_028_15	SIPG	2024	SIPG_K_REDESIGN_CLEAN	k_redesign_clean.csv	SIPG 2024.pdf	195.0	ppe_rollforward_extract	ppe_rollforward	安全设施设备	safety_equipment			nbv_close	4756143.57		yuan	CNY	year		2024.0		high	yes			Note 21 固定资产→固定资产情况 (p195/333). accdep_additions=2024 depreciation expense (计提). cip_transfers_to_ppe=2024 CIP→PPE transfers (在建工程转入, original cost). nbv_open/close are 期初/期末账面价值.
SIPG_2024_PPE_028_14	SIPG	2024	SIPG_K_REDESIGN_CLEAN	k_redesign_clean.csv	SIPG 2024.pdf	195.0	ppe_rollforward_extract	ppe_rollforward	安全设施设备	safety_equipment			nbv_open	4024486.88		yuan	CNY	year		2024.0		high	yes			Note 21 固定资产→固定资产情况 (p195/333). accdep_additions=2024 depreciation expense (计提). cip_transfers_to_ppe=2024 CIP→PPE transfers (在建工程转入, original cost). nbv_open/close are 期初/期末账面价值.
SIPG_2024_PPE_028_18	SIPG	2024	SIPG_K_REDESIGN_CLEAN	k_redesign_clean.csv	SIPG 2024.pdf	195.0	ppe_rollforward_extract	ppe_rollforward	安全设施设备	safety_equipment			transfer_to_ppe	19358063.01		yuan	CNY	year		2024.0		high	yes		yes	Note 21 固定资产→固定资产情况 (p195/333). accdep_additions=2024 depreciation expense (计提). cip_transfers_to_ppe=2024 CIP→PPE transfers (在建工程转入, original cost). nbv_open/close are 期初/期末账面价值.
SIPG_2024_PPE_017_10	SIPG	2024	SIPG_K_REDESIGN_CLEAN	k_redesign_clean.csv	SIPG 2024.pdf	195.0	ppe_rollforward_extract	ppe_rollforward	房屋及建筑物	structures_buildings			depreciation_expense	339528566.49		yuan	CNY	year		2024.0		high	yes			Note 21 固定资产→固定资产情况 (p195/333). accdep_additions=2024 depreciation expense (计提). cip_transfers_to_ppe=2024 CIP→PPE transfers (在建工程转入, original cost). nbv_open/close are 期初/期末账面价值.
SIPG_2024_PPE_017_15	SIPG	2024	SIPG_K_REDESIGN_CLEAN	k_redesign_clean.csv	SIPG 2024.pdf	195.0	ppe_rollforward_extract	ppe_rollforward	房屋及建筑物	structures_buildings			nbv_close	5544665852.25		yuan	CNY	year		2024.0		high	yes			Note 21 固定资产→固定资产情况 (p195/333). accdep_additions=2024 depreciation expense (计提). cip_transfers_to_ppe=2024 CIP→PPE transfers (在建工程转入, original cost). nbv_open/close are 期初/期末账面价值.
SIPG_2024_PPE_017_14	SIPG	2024	SIPG_K_REDESIGN_CLEAN	k_redesign_clean.csv	SIPG 2024.pdf	195.0	ppe_rollforward_extract	ppe_rollforward	房屋及建筑物	structures_buildings			nbv_open	5525309451.3		yuan	CNY	year		2024.0		high	yes			Note 21 固定资产→固定资产情况 (p195/333). accdep_additions=2024 depreciation expense (计提). cip_transfers_to_ppe=2024 CIP→PPE transfers (在建工程转入, original cost). nbv_open/close are 期初/期末账面价值.
SIPG_2024_PPE_017_18	SIPG	2024	SIPG_K_REDESIGN_CLEAN	k_redesign_clean.csv	SIPG 2024.pdf	195.0	ppe_rollforward_extract	ppe_rollforward	房屋及建筑物	structures_buildings			transfer_to_ppe	383106685.32		yuan	CNY	year		2024.0		high	yes		yes	Note 21 固定资产→固定资产情况 (p195/333). accdep_additions=2024 depreciation expense (计提). cip_transfers_to_ppe=2024 CIP→PPE transfers (在建工程转入, original cost). nbv_open/close are 期初/期末账面价值.
SIPG_2024_PPE_025_10	SIPG	2024	SIPG_K_REDESIGN_CLEAN	k_redesign_clean.csv	SIPG 2024.pdf	195.0	ppe_rollforward_extract	ppe_rollforward	职工住宅	structures_housing			depreciation_expense	917857.05		yuan	CNY	year		2024.0		high	yes			Note 21 固定资产→固定资产情况 (p195/333). accdep_additions=2024 depreciation expense (计提). cip_transfers_to_ppe=2024 CIP→PPE transfers (在建工程转入, original cost). nbv_open/close are 期初/期末账面价值.
SIPG_2024_PPE_025_15	SIPG	2024	SIPG_K_REDESIGN_CLEAN	k_redesign_clean.csv	SIPG 2024.pdf	195.0	ppe_rollforward_extract	ppe_rollforward	职工住宅	structures_housing			nbv_close	17814048.38		yuan	CNY	year		2024.0		high	yes			Note 21 固定资产→固定资产情况 (p195/333). accdep_additions=2024 depreciation expense (计提). cip_transfers_to_ppe=2024 CIP→PPE transfers (在建工程转入, original cost). nbv_open/close are 期初/期末账面价值.
SIPG_2024_PPE_025_14	SIPG	2024	SIPG_K_REDESIGN_CLEAN	k_redesign_clean.csv	SIPG 2024.pdf	195.0	ppe_rollforward_extract	ppe_rollforward	职工住宅	structures_housing			nbv_open	19200690.37		yuan	CNY	year		2024.0		high	yes			Note 21 固定资产→固定资产情况 (p195/333). accdep_additions=2024 depreciation expense (计提). cip_transfers_to_ppe=2024 CIP→PPE transfers (在建工程转入, original cost). nbv_open/close are 期初/期末账面价值.
SIPG_2024_PPE_030_10	SIPG	2024	SIPG_K_REDESIGN_CLEAN	k_redesign_clean.csv	SIPG 2024.pdf	195.0	ppe_rollforward_extract	ppe_rollforward	合计	total			depreciation_expense	3010012297.58		yuan	CNY	year		2024.0		high	yes			Note 21 固定资产→固定资产情况 (p195/333). accdep_additions=2024 depreciation expense (计提). cip_transfers_to_ppe=2024 CIP→PPE transfers (在建工程转入, original cost). nbv_open/close are 期初/期末账面价值.
SIPG_2024_PPE_030_15	SIPG	2024	SIPG_K_REDESIGN_CLEAN	k_redesign_clean.csv	SIPG 2024.pdf	195.0	ppe_rollforward_extract	ppe_rollforward	合计	total			nbv_close	38619005344.24		yuan	CNY	year		2024.0		high	yes			Note 21 固定资产→固定资产情况 (p195/333). accdep_additions=2024 depreciation expense (计提). cip_transfers_to_ppe=2024 CIP→PPE transfers (在建工程转入, original cost). nbv_open/close are 期初/期末账面价值.
SIPG_2024_PPE_030_14	SIPG	2024	SIPG_K_REDESIGN_CLEAN	k_redesign_clean.csv	SIPG 2024.pdf	195.0	ppe_rollforward_extract	ppe_rollforward	合计	total			nbv_open	35989433921.63		yuan	CNY	year		2024.0		high	yes			Note 21 固定资产→固定资产情况 (p195/333). accdep_additions=2024 depreciation expense (计提). cip_transfers_to_ppe=2024 CIP→PPE transfers (在建工程转入, original cost). nbv_open/close are 期初/期末账面价值.
SIPG_2024_PPE_030_18	SIPG	2024	SIPG_K_REDESIGN_CLEAN	k_redesign_clean.csv	SIPG 2024.pdf	195.0	ppe_rollforward_extract	ppe_rollforward	合计	total			transfer_to_ppe	5723206791.67		yuan	CNY	year		2024.0		high	yes		yes	Note 21 固定资产→固定资产情况 (p195/333). accdep_additions=2024 depreciation expense (计提). cip_transfers_to_ppe=2024 CIP→PPE transfers (在建工程转入, original cost). nbv_open/close are 期初/期末账面价值.
SIPG_2024_PPE_026_10	SIPG	2024	SIPG_K_REDESIGN_CLEAN	k_redesign_clean.csv	SIPG 2024.pdf	195.0	ppe_rollforward_extract	ppe_rollforward	车辆	vehicles			depreciation_expense	37932144.17		yuan	CNY	year		2024.0		high	yes			Note 21 固定资产→固定资产情况 (p195/333). accdep_additions=2024 depreciation expense (计提). cip_transfers_to_ppe=2024 CIP→PPE transfers (在建工程转入, original cost). nbv_open/close are 期初/期末账面价值.
SIPG_2024_PPE_026_15	SIPG	2024	SIPG_K_REDESIGN_CLEAN	k_redesign_clean.csv	SIPG 2024.pdf	195.0	ppe_rollforward_extract	ppe_rollforward	车辆	vehicles			nbv_close	185617817.92		yuan	CNY	year		2024.0		high	yes			Note 21 固定资产→固定资产情况 (p195/333). accdep_additions=2024 depreciation expense (计提). cip_transfers_to_ppe=2024 CIP→PPE transfers (在建工程转入, original cost). nbv_open/close are 期初/期末账面价值.
SIPG_2024_PPE_026_14	SIPG	2024	SIPG_K_REDESIGN_CLEAN	k_redesign_clean.csv	SIPG 2024.pdf	195.0	ppe_rollforward_extract	ppe_rollforward	车辆	vehicles			nbv_open	187468060.43		yuan	CNY	year		2024.0		high	yes			Note 21 固定资产→固定资产情况 (p195/333). accdep_additions=2024 depreciation expense (计提). cip_transfers_to_ppe=2024 CIP→PPE transfers (在建工程转入, original cost). nbv_open/close are 期初/期末账面价值.
SIPG_2024_PPE_026_18	SIPG	2024	SIPG_K_REDESIGN_CLEAN	k_redesign_clean.csv	SIPG 2024.pdf	195.0	ppe_rollforward_extract	ppe_rollforward	车辆	vehicles			transfer_to_ppe	37238586.71		yuan	CNY	year		2024.0		high	yes		yes	Note 21 固定资产→固定资产情况 (p195/333). accdep_additions=2024 depreciation expense (计提). cip_transfers_to_ppe=2024 CIP→PPE transfers (在建工程转入, original cost). nbv_open/close are 期初/期末账面价值.
SIPG_2024_PPE_022_10	SIPG	2024	SIPG_K_REDESIGN_CLEAN	k_redesign_clean.csv	SIPG 2024.pdf	195.0	ppe_rollforward_extract	ppe_rollforward	船舶	vessels			depreciation_expense	240920723.63		yuan	CNY	year		2024.0		high	yes			Note 21 固定资产→固定资产情况 (p195/333). accdep_additions=2024 depreciation expense (计提). cip_transfers_to_ppe=2024 CIP→PPE transfers (在建工程转入, original cost). nbv_open/close are 期初/期末账面价值.
SIPG_2024_PPE_022_15	SIPG	2024	SIPG_K_REDESIGN_CLEAN	k_redesign_clean.csv	SIPG 2024.pdf	195.0	ppe_rollforward_extract	ppe_rollforward	船舶	vessels			nbv_close	3230001651.4		yuan	CNY	year		2024.0		high	yes			Note 21 固定资产→固定资产情况 (p195/333). accdep_additions=2024 depreciation expense (计提). cip_transfers_to_ppe=2024 CIP→PPE transfers (在建工程转入, original cost). nbv_open/close are 期初/期末账面价值.
SIPG_2024_PPE_022_14	SIPG	2024	SIPG_K_REDESIGN_CLEAN	k_redesign_clean.csv	SIPG 2024.pdf	195.0	ppe_rollforward_extract	ppe_rollforward	船舶	vessels			nbv_open	2816172723.22		yuan	CNY	year		2024.0		high	yes			Note 21 固定资产→固定资产情况 (p195/333). accdep_additions=2024 depreciation expense (计提). cip_transfers_to_ppe=2024 CIP→PPE transfers (在建工程转入, original cost). nbv_open/close are 期初/期末账面价值.
SIPG_2024_PPE_022_18	SIPG	2024	SIPG_K_REDESIGN_CLEAN	k_redesign_clean.csv	SIPG 2024.pdf	195.0	ppe_rollforward_extract	ppe_rollforward	船舶	vessels			transfer_to_ppe	657904696.76		yuan	CNY	year		2024.0		high	yes		yes	Note 21 固定资产→固定资产情况 (p195/333). accdep_additions=2024 depreciation expense (计提). cip_transfers_to_ppe=2024 CIP→PPE transfers (在建工程转入, original cost). nbv_open/close are 期初/期末账面价值.
SIPG_2024_PPE_020_10	SIPG	2024	SIPG_K_REDESIGN_CLEAN	k_redesign_clean.csv	SIPG 2024.pdf	195.0	ppe_rollforward_extract	ppe_rollforward	库场设施	yard_infrastructure			depreciation_expense	598162273.75		yuan	CNY	year		2024.0		high	yes			Note 21 固定资产→固定资产情况 (p195/333). accdep_additions=2024 depreciation expense (计提). cip_transfers_to_ppe=2024 CIP→PPE transfers (在建工程转入, original cost). nbv_open/close are 期初/期末账面价值.
SIPG_2024_PPE_020_15	SIPG	2024	SIPG_K_REDESIGN_CLEAN	k_redesign_clean.csv	SIPG 2024.pdf	195.0	ppe_rollforward_extract	ppe_rollforward	库场设施	yard_infrastructure			nbv_close	9321579390.74		yuan	CNY	year		2024.0		high	yes			Note 21 固定资产→固定资产情况 (p195/333). accdep_additions=2024 depreciation expense (计提). cip_transfers_to_ppe=2024 CIP→PPE transfers (在建工程转入, original cost). nbv_open/close are 期初/期末账面价值.
SIPG_2024_PPE_020_14	SIPG	2024	SIPG_K_REDESIGN_CLEAN	k_redesign_clean.csv	SIPG 2024.pdf	195.0	ppe_rollforward_extract	ppe_rollforward	库场设施	yard_infrastructure			nbv_open	9171194016.49		yuan	CNY	year		2024.0		high	yes			Note 21 固定资产→固定资产情况 (p195/333). accdep_additions=2024 depreciation expense (计提). cip_transfers_to_ppe=2024 CIP→PPE transfers (在建工程转入, original cost). nbv_open/close are 期初/期末账面价值.
SIPG_2024_PPE_020_18	SIPG	2024	SIPG_K_REDESIGN_CLEAN	k_redesign_clean.csv	SIPG 2024.pdf	195.0	ppe_rollforward_extract	ppe_rollforward	库场设施	yard_infrastructure			transfer_to_ppe	941882500.51		yuan	CNY	year		2024.0		high	yes		yes	Note 21 固定资产→固定资产情况 (p195/333). accdep_additions=2024 depreciation expense (计提). cip_transfers_to_ppe=2024 CIP→PPE transfers (在建工程转入, original cost). nbv_open/close are 期初/期末账面价值.
SIPG_2024_TIMING_015	SIPG	2024	SIPG_K_REDESIGN_CLEAN	k_redesign_clean.csv	SIPG 2024.pdf	150.0	cip_timing_policy	timing_policy	在建工程 (CIP)	CIP			cip_to_ppe_and_depr_start_rule		在建工程在达到预定可使用状态时转入固定资产并于转入后的次月开始计提折旧	text		policy				high	yes		yes	Note 22 在建工程; establishes 'usable state' + 'next-month depreciation' timing rule.
HPC_TBL2_2017_APPROX_GROSS_PPE_INVESTMENT	HPC	2017	THESIS_2026_SUMMARY	Elye_Kehat_Senior_Thesis_03_10_2026 (1).pdf	Elye Kehat Senior Thesis 03-10-2026	9.0	Table 2 annual PPE stocks and flows	annual_summary	total	total			approx_gross_ppe_investment	25025.0		NIS_thousands	NIS	year		2017.0		high	yes	yes	yes	From Thesis Table 2 Panel A (HPC). 2023–2024 stocks exclude investment real estate; 2022 net stock reconstructed from 2023 opening balance when noted.
HPC_TBL2_2017_DEP_AMORT_TOTAL	HPC	2017	THESIS_2026_SUMMARY	Elye_Kehat_Senior_Thesis_03_10_2026 (1).pdf	Elye Kehat Senior Thesis 03-10-2026	9.0	Table 2 annual PPE stocks and flows	annual_summary	total	total			dep_amort_total	67739.0		NIS_thousands	NIS	year		2017.0		high	yes	yes	yes	From Thesis Table 2 Panel A (HPC). 2023–2024 stocks exclude investment real estate; 2022 net stock reconstructed from 2023 opening balance when noted.
HPC_TBL2_2017_DISPOSAL_PROCEEDS	HPC	2017	THESIS_2026_SUMMARY	Elye_Kehat_Senior_Thesis_03_10_2026 (1).pdf	Elye Kehat Senior Thesis 03-10-2026	9.0	Table 2 annual PPE stocks and flows	annual_summary	total	total			disposal_proceeds	1688.0		NIS_thousands	NIS	year		2017.0		high	yes	yes	yes	From Thesis Table 2 Panel A (HPC). 2023–2024 stocks exclude investment real estate; 2022 net stock reconstructed from 2023 opening balance when noted.
HPC_TBL2_2018_PPE_NET_EOY	HPC	2018	THESIS_2026_SUMMARY	Elye_Kehat_Senior_Thesis_03_10_2026 (1).pdf	Elye Kehat Senior Thesis 03-10-2026	9.0	Table 2 annual PPE stocks and flows	annual_summary	total	total			ppe_net_eoy	1163539.0		NIS_thousands	NIS	year		2018.0		high	yes	yes	yes	From Thesis Table 2 Panel A (HPC). 2023–2024 stocks exclude investment real estate; 2022 net stock reconstructed from 2023 opening balance when noted.
HPC_TBL2_2018_APPROX_GROSS_PPE_INVESTMENT	HPC	2018	THESIS_2026_SUMMARY	Elye_Kehat_Senior_Thesis_03_10_2026 (1).pdf	Elye Kehat Senior Thesis 03-10-2026	9.0	Table 2 annual PPE stocks and flows	annual_summary	total	total			approx_gross_ppe_investment	30896.0		NIS_thousands	NIS	year		2018.0		high	yes	yes	yes	From Thesis Table 2 Panel A (HPC). 2023–2024 stocks exclude investment real estate; 2022 net stock reconstructed from 2023 opening balance when noted.
HPC_TBL2_2018_DEP_AMORT_TOTAL	HPC	2018	THESIS_2026_SUMMARY	Elye_Kehat_Senior_Thesis_03_10_2026 (1).pdf	Elye Kehat Senior Thesis 03-10-2026	9.0	Table 2 annual PPE stocks and flows	annual_summary	total	total			dep_amort_total	67012.0		NIS_thousands	NIS	year		2018.0		high	yes	yes	yes	From Thesis Table 2 Panel A (HPC). 2023–2024 stocks exclude investment real estate; 2022 net stock reconstructed from 2023 opening balance when noted.
HPC_TBL2_2018_DISPOSAL_PROCEEDS	HPC	2018	THESIS_2026_SUMMARY	Elye_Kehat_Senior_Thesis_03_10_2026 (1).pdf	Elye Kehat Senior Thesis 03-10-2026	9.0	Table 2 annual PPE stocks and flows	annual_summary	total	total			disposal_proceeds	1759.0		NIS_thousands	NIS	year		2018.0		high	yes	yes	yes	From Thesis Table 2 Panel A (HPC). 2023–2024 stocks exclude investment real estate; 2022 net stock reconstructed from 2023 opening balance when noted.
HPC_TBL2_2019_PPE_NET_EOY	HPC	2019	THESIS_2026_SUMMARY	Elye_Kehat_Senior_Thesis_03_10_2026 (1).pdf	Elye Kehat Senior Thesis 03-10-2026	9.0	Table 2 annual PPE stocks and flows	annual_summary	total	total			ppe_net_eoy	1010641.0		NIS_thousands	NIS	year		2019.0		high	yes	yes	yes	From Thesis Table 2 Panel A (HPC). 2023–2024 stocks exclude investment real estate; 2022 net stock reconstructed from 2023 opening balance when noted.
HPC_TBL2_2019_APPROX_GROSS_PPE_INVESTMENT	HPC	2019	THESIS_2026_SUMMARY	Elye_Kehat_Senior_Thesis_03_10_2026 (1).pdf	Elye Kehat Senior Thesis 03-10-2026	9.0	Table 2 annual PPE stocks and flows	annual_summary	total	total			approx_gross_ppe_investment	25025.0		NIS_thousands	NIS	year		2019.0		high	yes	yes	yes	From Thesis Table 2 Panel A (HPC). 2023–2024 stocks exclude investment real estate; 2022 net stock reconstructed from 2023 opening balance when noted.
HPC_TBL2_2019_DEP_AMORT_TOTAL	HPC	2019	THESIS_2026_SUMMARY	Elye_Kehat_Senior_Thesis_03_10_2026 (1).pdf	Elye Kehat Senior Thesis 03-10-2026	9.0	Table 2 annual PPE stocks and flows	annual_summary	total	total			dep_amort_total	67739.0		NIS_thousands	NIS	year		2019.0		high	yes	yes	yes	From Thesis Table 2 Panel A (HPC). 2023–2024 stocks exclude investment real estate; 2022 net stock reconstructed from 2023 opening balance when noted.
HPC_TBL2_2019_DISPOSAL_PROCEEDS	HPC	2019	THESIS_2026_SUMMARY	Elye_Kehat_Senior_Thesis_03_10_2026 (1).pdf	Elye Kehat Senior Thesis 03-10-2026	9.0	Table 2 annual PPE stocks and flows	annual_summary	total	total			disposal_proceeds	1688.0		NIS_thousands	NIS	year		2019.0		high	yes	yes	yes	From Thesis Table 2 Panel A (HPC). 2023–2024 stocks exclude investment real estate; 2022 net stock reconstructed from 2023 opening balance when noted.
HPC_TBL2_2020_PPE_NET_EOY	HPC	2020	THESIS_2026_SUMMARY	Elye_Kehat_Senior_Thesis_03_10_2026 (1).pdf	Elye Kehat Senior Thesis 03-10-2026	9.0	Table 2 annual PPE stocks and flows	annual_summary	total	total			ppe_net_eoy	987773.0		NIS_thousands	NIS	year		2020.0		high	yes	yes	yes	From Thesis Table 2 Panel A (HPC). 2023–2024 stocks exclude investment real estate; 2022 net stock reconstructed from 2023 opening balance when noted.
HPC_TBL2_2020_APPROX_GROSS_PPE_INVESTMENT	HPC	2020	THESIS_2026_SUMMARY	Elye_Kehat_Senior_Thesis_03_10_2026 (1).pdf	Elye Kehat Senior Thesis 03-10-2026	9.0	Table 2 annual PPE stocks and flows	annual_summary	total	total			approx_gross_ppe_investment	49285.0		NIS_thousands	NIS	year		2020.0		high	yes	yes	yes	From Thesis Table 2 Panel A (HPC). 2023–2024 stocks exclude investment real estate; 2022 net stock reconstructed from 2023 opening balance when noted.
HPC_TBL2_2020_DEP_AMORT_TOTAL	HPC	2020	THESIS_2026_SUMMARY	Elye_Kehat_Senior_Thesis_03_10_2026 (1).pdf	Elye Kehat Senior Thesis 03-10-2026	9.0	Table 2 annual PPE stocks and flows	annual_summary	total	total			dep_amort_total	70474.0		NIS_thousands	NIS	year		2020.0		high	yes	yes	yes	From Thesis Table 2 Panel A (HPC). 2023–2024 stocks exclude investment real estate; 2022 net stock reconstructed from 2023 opening balance when noted.
HPC_TBL2_2020_DISPOSAL_PROCEEDS	HPC	2020	THESIS_2026_SUMMARY	Elye_Kehat_Senior_Thesis_03_10_2026 (1).pdf	Elye Kehat Senior Thesis 03-10-2026	9.0	Table 2 annual PPE stocks and flows	annual_summary	total	total			disposal_proceeds	497.0		NIS_thousands	NIS	year		2020.0		high	yes	yes	yes	From Thesis Table 2 Panel A (HPC). 2023–2024 stocks exclude investment real estate; 2022 net stock reconstructed from 2023 opening balance when noted.
HPC_TBL2_2021_PPE_NET_EOY	HPC	2021	THESIS_2026_SUMMARY	Elye_Kehat_Senior_Thesis_03_10_2026 (1).pdf	Elye Kehat Senior Thesis 03-10-2026	9.0	Table 2 annual PPE stocks and flows	annual_summary	total	total			ppe_net_eoy	998346.0		NIS_thousands	NIS	year		2021.0		high	yes	yes	yes	From Thesis Table 2 Panel A (HPC). 2023–2024 stocks exclude investment real estate; 2022 net stock reconstructed from 2023 opening balance when noted.
HPC_TBL2_2021_APPROX_GROSS_PPE_INVESTMENT	HPC	2021	THESIS_2026_SUMMARY	Elye_Kehat_Senior_Thesis_03_10_2026 (1).pdf	Elye Kehat Senior Thesis 03-10-2026	9.0	Table 2 annual PPE stocks and flows	annual_summary	total	total			approx_gross_ppe_investment	75222.0		NIS_thousands	NIS	year		2021.0		high	yes	yes	yes	From Thesis Table 2 Panel A (HPC). 2023–2024 stocks exclude investment real estate; 2022 net stock reconstructed from 2023 opening balance when noted.
HPC_TBL2_2021_DEP_AMORT_TOTAL	HPC	2021	THESIS_2026_SUMMARY	Elye_Kehat_Senior_Thesis_03_10_2026 (1).pdf	Elye Kehat Senior Thesis 03-10-2026	9.0	Table 2 annual PPE stocks and flows	annual_summary	total	total			dep_amort_total	72280.0		NIS_thousands	NIS	year		2021.0		high	yes	yes	yes	From Thesis Table 2 Panel A (HPC). 2023–2024 stocks exclude investment real estate; 2022 net stock reconstructed from 2023 opening balance when noted.
HPC_TBL2_2021_DISPOSAL_PROCEEDS	HPC	2021	THESIS_2026_SUMMARY	Elye_Kehat_Senior_Thesis_03_10_2026 (1).pdf	Elye Kehat Senior Thesis 03-10-2026	9.0	Table 2 annual PPE stocks and flows	annual_summary	total	total			disposal_proceeds	0.0		NIS_thousands	NIS	year		2021.0		high	yes	yes	yes	From Thesis Table 2 Panel A (HPC). 2023–2024 stocks exclude investment real estate; 2022 net stock reconstructed from 2023 opening balance when noted.
HPC_TBL2_2022_PPE_NET_EOY	HPC	2022	THESIS_2026_SUMMARY	Elye_Kehat_Senior_Thesis_03_10_2026 (1).pdf	Elye Kehat Senior Thesis 03-10-2026	9.0	Table 2 annual PPE stocks and flows	annual_summary	total	total			ppe_net_eoy	1006064.0		NIS_thousands	NIS	year		2022.0		high	yes	yes	yes	From Thesis Table 2 Panel A (HPC). 2023–2024 stocks exclude investment real estate; 2022 net stock reconstructed from 2023 opening balance when noted.
HPC_TBL2_2023_PPE_NET_EOY	HPC	2023	THESIS_2026_SUMMARY	Elye_Kehat_Senior_Thesis_03_10_2026 (1).pdf	Elye Kehat Senior Thesis 03-10-2026	9.0	Table 2 annual PPE stocks and flows	annual_summary	total	total			ppe_net_eoy	1044165.0		NIS_thousands	NIS	year		2023.0		high	yes	yes	yes	From Thesis Table 2 Panel A (HPC). 2023–2024 stocks exclude investment real estate; 2022 net stock reconstructed from 2023 opening balance when noted.
HPC_TBL2_2023_APPROX_GROSS_PPE_INVESTMENT	HPC	2023	THESIS_2026_SUMMARY	Elye_Kehat_Senior_Thesis_03_10_2026 (1).pdf	Elye Kehat Senior Thesis 03-10-2026	9.0	Table 2 annual PPE stocks and flows	annual_summary	total	total			approx_gross_ppe_investment	95529.0		NIS_thousands	NIS	year		2023.0		high	yes	yes	yes	From Thesis Table 2 Panel A (HPC). 2023–2024 stocks exclude investment real estate; 2022 net stock reconstructed from 2023 opening balance when noted.
HPC_TBL2_2023_DEP_AMORT_TOTAL	HPC	2023	THESIS_2026_SUMMARY	Elye_Kehat_Senior_Thesis_03_10_2026 (1).pdf	Elye Kehat Senior Thesis 03-10-2026	9.0	Table 2 annual PPE stocks and flows	annual_summary	total	total			dep_amort_total	68663.0		NIS_thousands	NIS	year		2023.0		high	yes	yes	yes	From Thesis Table 2 Panel A (HPC). 2023–2024 stocks exclude investment real estate; 2022 net stock reconstructed from 2023 opening balance when noted.
HPC_TBL2_2024_PPE_NET_EOY	HPC	2024	THESIS_2026_SUMMARY	Elye_Kehat_Senior_Thesis_03_10_2026 (1).pdf	Elye Kehat Senior Thesis 03-10-2026	9.0	Table 2 annual PPE stocks and flows	annual_summary	total	total			ppe_net_eoy	966652.0		NIS_thousands	NIS	year		2024.0		high	yes	yes	yes	From Thesis Table 2 Panel A (HPC). 2023–2024 stocks exclude investment real estate; 2022 net stock reconstructed from 2023 opening balance when noted.
HPC_TBL2_2024_APPROX_GROSS_PPE_INVESTMENT	HPC	2024	THESIS_2026_SUMMARY	Elye_Kehat_Senior_Thesis_03_10_2026 (1).pdf	Elye Kehat Senior Thesis 03-10-2026	9.0	Table 2 annual PPE stocks and flows	annual_summary	total	total			approx_gross_ppe_investment	61123.0		NIS_thousands	NIS	year		2024.0		high	yes	yes	yes	From Thesis Table 2 Panel A (HPC). 2023–2024 stocks exclude investment real estate; 2022 net stock reconstructed from 2023 opening balance when noted.
HPC_TBL2_2024_DEP_AMORT_TOTAL	HPC	2024	THESIS_2026_SUMMARY	Elye_Kehat_Senior_Thesis_03_10_2026 (1).pdf	Elye Kehat Senior Thesis 03-10-2026	9.0	Table 2 annual PPE stocks and flows	annual_summary	total	total			dep_amort_total	63266.0		NIS_thousands	NIS	year		2024.0		high	yes	yes	yes	From Thesis Table 2 Panel A (HPC). 2023–2024 stocks exclude investment real estate; 2022 net stock reconstructed from 2023 opening balance when noted.
IPC_TBL2_2018_PPE_NET_EOY	IPC	2018	THESIS_2026_SUMMARY	Elye_Kehat_Senior_Thesis_03_10_2026 (1).pdf	Elye Kehat Senior Thesis 03-10-2026	9.0	Table 2 annual PPE stocks and flows	annual_summary	total	total			ppe_net_eoy	11516612.0		NIS_thousands	NIS	year		2018.0		high	yes	yes	yes	From Thesis Table 2 Panel B (IPC infrastructure total).
IPC_TBL2_2018_APPROX_GROSS_PPE_INVESTMENT	IPC	2018	THESIS_2026_SUMMARY	Elye_Kehat_Senior_Thesis_03_10_2026 (1).pdf	Elye Kehat Senior Thesis 03-10-2026	9.0	Table 2 annual PPE stocks and flows	annual_summary	total	total			approx_gross_ppe_investment	1501921.0		NIS_thousands	NIS	year		2018.0		high	yes	yes	yes	From Thesis Table 2 Panel B (IPC infrastructure total).
IPC_TBL2_2018_DEP_AMORT_TOTAL	IPC	2018	THESIS_2026_SUMMARY	Elye_Kehat_Senior_Thesis_03_10_2026 (1).pdf	Elye Kehat Senior Thesis 03-10-2026	9.0	Table 2 annual PPE stocks and flows	annual_summary	total	total			dep_amort_total	215476.0		NIS_thousands	NIS	year		2018.0		high	yes	yes	yes	From Thesis Table 2 Panel B (IPC infrastructure total).
IPC_TBL2_2018_DISPOSAL_PROCEEDS	IPC	2018	THESIS_2026_SUMMARY	Elye_Kehat_Senior_Thesis_03_10_2026 (1).pdf	Elye Kehat Senior Thesis 03-10-2026	9.0	Table 2 annual PPE stocks and flows	annual_summary	total	total			disposal_proceeds	0.0		NIS_thousands	NIS	year		2018.0		high	yes	yes	yes	From Thesis Table 2 Panel B (IPC infrastructure total).
IPC_TBL2_2019_PPE_NET_EOY	IPC	2019	THESIS_2026_SUMMARY	Elye_Kehat_Senior_Thesis_03_10_2026 (1).pdf	Elye Kehat Senior Thesis 03-10-2026	9.0	Table 2 annual PPE stocks and flows	annual_summary	total	total			ppe_net_eoy	12513932.0		NIS_thousands	NIS	year		2019.0		high	yes	yes	yes	From Thesis Table 2 Panel B (IPC infrastructure total).
IPC_TBL2_2019_APPROX_GROSS_PPE_INVESTMENT	IPC	2019	THESIS_2026_SUMMARY	Elye_Kehat_Senior_Thesis_03_10_2026 (1).pdf	Elye Kehat Senior Thesis 03-10-2026	9.0	Table 2 annual PPE stocks and flows	annual_summary	total	total			approx_gross_ppe_investment	1100386.0		NIS_thousands	NIS	year		2019.0		high	yes	yes	yes	From Thesis Table 2 Panel B (IPC infrastructure total).
IPC_TBL2_2019_DEP_AMORT_TOTAL	IPC	2019	THESIS_2026_SUMMARY	Elye_Kehat_Senior_Thesis_03_10_2026 (1).pdf	Elye Kehat Senior Thesis 03-10-2026	9.0	Table 2 annual PPE stocks and flows	annual_summary	total	total			dep_amort_total	224640.0		NIS_thousands	NIS	year		2019.0		high	yes	yes	yes	From Thesis Table 2 Panel B (IPC infrastructure total).
IPC_TBL2_2019_DISPOSAL_PROCEEDS	IPC	2019	THESIS_2026_SUMMARY	Elye_Kehat_Senior_Thesis_03_10_2026 (1).pdf	Elye Kehat Senior Thesis 03-10-2026	9.0	Table 2 annual PPE stocks and flows	annual_summary	total	total			disposal_proceeds	1923.0		NIS_thousands	NIS	year		2019.0		high	yes	yes	yes	From Thesis Table 2 Panel B (IPC infrastructure total).
IPC_TBL2_2020_PPE_NET_EOY	IPC	2020	THESIS_2026_SUMMARY	Elye_Kehat_Senior_Thesis_03_10_2026 (1).pdf	Elye Kehat Senior Thesis 03-10-2026	9.0	Table 2 annual PPE stocks and flows	annual_summary	total	total			ppe_net_eoy	12866069.0		NIS_thousands	NIS	year		2020.0		high	yes	yes	yes	From Thesis Table 2 Panel B (IPC infrastructure total).
IPC_TBL2_2020_APPROX_GROSS_PPE_INVESTMENT	IPC	2020	THESIS_2026_SUMMARY	Elye_Kehat_Senior_Thesis_03_10_2026 (1).pdf	Elye Kehat Senior Thesis 03-10-2026	9.0	Table 2 annual PPE stocks and flows	annual_summary	total	total			approx_gross_ppe_investment	560898.0		NIS_thousands	NIS	year		2020.0		high	yes	yes	yes	From Thesis Table 2 Panel B (IPC infrastructure total).
IPC_TBL2_2020_DEP_AMORT_TOTAL	IPC	2020	THESIS_2026_SUMMARY	Elye_Kehat_Senior_Thesis_03_10_2026 (1).pdf	Elye Kehat Senior Thesis 03-10-2026	9.0	Table 2 annual PPE stocks and flows	annual_summary	total	total			dep_amort_total	238299.0		NIS_thousands	NIS	year		2020.0		high	yes	yes	yes	From Thesis Table 2 Panel B (IPC infrastructure total).
IPC_TBL2_2020_DISPOSAL_PROCEEDS	IPC	2020	THESIS_2026_SUMMARY	Elye_Kehat_Senior_Thesis_03_10_2026 (1).pdf	Elye Kehat Senior Thesis 03-10-2026	9.0	Table 2 annual PPE stocks and flows	annual_summary	total	total			disposal_proceeds	4497.0		NIS_thousands	NIS	year		2020.0		high	yes	yes	yes	From Thesis Table 2 Panel B (IPC infrastructure total).
IPC_TBL2_2021_PPE_NET_EOY	IPC	2021	THESIS_2026_SUMMARY	Elye_Kehat_Senior_Thesis_03_10_2026 (1).pdf	Elye Kehat Senior Thesis 03-10-2026	9.0	Table 2 annual PPE stocks and flows	annual_summary	total	total			ppe_net_eoy	13209796.0		NIS_thousands	NIS	year		2021.0		high	yes	yes	yes	From Thesis Table 2 Panel B (IPC infrastructure total).
IPC_TBL2_2021_APPROX_GROSS_PPE_INVESTMENT	IPC	2021	THESIS_2026_SUMMARY	Elye_Kehat_Senior_Thesis_03_10_2026 (1).pdf	Elye Kehat Senior Thesis 03-10-2026	9.0	Table 2 annual PPE stocks and flows	annual_summary	total	total			approx_gross_ppe_investment	419197.0		NIS_thousands	NIS	year		2021.0		high	yes	yes	yes	From Thesis Table 2 Panel B (IPC infrastructure total).
IPC_TBL2_2021_DEP_AMORT_TOTAL	IPC	2021	THESIS_2026_SUMMARY	Elye_Kehat_Senior_Thesis_03_10_2026 (1).pdf	Elye Kehat Senior Thesis 03-10-2026	9.0	Table 2 annual PPE stocks and flows	annual_summary	total	total			dep_amort_total	282698.0		NIS_thousands	NIS	year		2021.0		high	yes	yes	yes	From Thesis Table 2 Panel B (IPC infrastructure total).
IPC_TBL2_2021_DISPOSAL_PROCEEDS	IPC	2021	THESIS_2026_SUMMARY	Elye_Kehat_Senior_Thesis_03_10_2026 (1).pdf	Elye Kehat Senior Thesis 03-10-2026	9.0	Table 2 annual PPE stocks and flows	annual_summary	total	total			disposal_proceeds	0.0		NIS_thousands	NIS	year		2021.0		high	yes	yes	yes	From Thesis Table 2 Panel B (IPC infrastructure total).
IPC_TBL2_2022_PPE_NET_EOY	IPC	2022	THESIS_2026_SUMMARY	Elye_Kehat_Senior_Thesis_03_10_2026 (1).pdf	Elye Kehat Senior Thesis 03-10-2026	9.0	Table 2 annual PPE stocks and flows	annual_summary	total	total			ppe_net_eoy	13143607.0		NIS_thousands	NIS	year		2022.0		high	yes	yes	yes	From Thesis Table 2 Panel B (IPC infrastructure total).
IPC_TBL2_2022_APPROX_GROSS_PPE_INVESTMENT	IPC	2022	THESIS_2026_SUMMARY	Elye_Kehat_Senior_Thesis_03_10_2026 (1).pdf	Elye Kehat Senior Thesis 03-10-2026	9.0	Table 2 annual PPE stocks and flows	annual_summary	total	total			approx_gross_ppe_investment	214152.0		NIS_thousands	NIS	year		2022.0		high	yes	yes	yes	From Thesis Table 2 Panel B (IPC infrastructure total).
IPC_TBL2_2022_DEP_AMORT_TOTAL	IPC	2022	THESIS_2026_SUMMARY	Elye_Kehat_Senior_Thesis_03_10_2026 (1).pdf	Elye Kehat Senior Thesis 03-10-2026	9.0	Table 2 annual PPE stocks and flows	annual_summary	total	total			dep_amort_total	521974.0		NIS_thousands	NIS	year		2022.0		high	yes	yes	yes	From Thesis Table 2 Panel B (IPC infrastructure total).
IPC_TBL2_2022_DISPOSAL_PROCEEDS	IPC	2022	THESIS_2026_SUMMARY	Elye_Kehat_Senior_Thesis_03_10_2026 (1).pdf	Elye Kehat Senior Thesis 03-10-2026	9.0	Table 2 annual PPE stocks and flows	annual_summary	total	total			disposal_proceeds	13260.0		NIS_thousands	NIS	year		2022.0		high	yes	yes	yes	From Thesis Table 2 Panel B (IPC infrastructure total).
IPC_TBL2_2023_PPE_NET_EOY	IPC	2023	THESIS_2026_SUMMARY	Elye_Kehat_Senior_Thesis_03_10_2026 (1).pdf	Elye Kehat Senior Thesis 03-10-2026	9.0	Table 2 annual PPE stocks and flows	annual_summary	total	total			ppe_net_eoy	13105194.0		NIS_thousands	NIS	year		2023.0		high	yes	yes	yes	From Thesis Table 2 Panel B (IPC infrastructure total).
IPC_TBL2_2023_APPROX_GROSS_PPE_INVESTMENT	IPC	2023	THESIS_2026_SUMMARY	Elye_Kehat_Senior_Thesis_03_10_2026 (1).pdf	Elye Kehat Senior Thesis 03-10-2026	9.0	Table 2 annual PPE stocks and flows	annual_summary	total	total			approx_gross_ppe_investment	449072.0		NIS_thousands	NIS	year		2023.0		high	yes	yes	yes	From Thesis Table 2 Panel B (IPC infrastructure total).
IPC_TBL2_2023_DEP_AMORT_TOTAL	IPC	2023	THESIS_2026_SUMMARY	Elye_Kehat_Senior_Thesis_03_10_2026 (1).pdf	Elye Kehat Senior Thesis 03-10-2026	9.0	Table 2 annual PPE stocks and flows	annual_summary	total	total			dep_amort_total	530952.0		NIS_thousands	NIS	year		2023.0		high	yes	yes	yes	From Thesis Table 2 Panel B (IPC infrastructure total).
IPC_TBL2_2023_DISPOSAL_PROCEEDS	IPC	2023	THESIS_2026_SUMMARY	Elye_Kehat_Senior_Thesis_03_10_2026 (1).pdf	Elye Kehat Senior Thesis 03-10-2026	9.0	Table 2 annual PPE stocks and flows	annual_summary	total	total			disposal_proceeds	22630.0		NIS_thousands	NIS	year		2023.0		high	yes	yes	yes	From Thesis Table 2 Panel B (IPC infrastructure total).
IPC_TBL2_2024_PPE_NET_EOY	IPC	2024	THESIS_2026_SUMMARY	Elye_Kehat_Senior_Thesis_03_10_2026 (1).pdf	Elye Kehat Senior Thesis 03-10-2026	9.0	Table 2 annual PPE stocks and flows	annual_summary	total	total			ppe_net_eoy	12829411.0		NIS_thousands	NIS	year		2024.0		high	yes	yes	yes	From Thesis Table 2 Panel B (IPC infrastructure total).
IPC_TBL2_2024_APPROX_GROSS_PPE_INVESTMENT	IPC	2024	THESIS_2026_SUMMARY	Elye_Kehat_Senior_Thesis_03_10_2026 (1).pdf	Elye Kehat Senior Thesis 03-10-2026	9.0	Table 2 annual PPE stocks and flows	annual_summary	total	total			approx_gross_ppe_investment	247552.0		NIS_thousands	NIS	year		2024.0		high	yes	yes	yes	From Thesis Table 2 Panel B (IPC infrastructure total).
IPC_TBL2_2024_DEP_AMORT_TOTAL	IPC	2024	THESIS_2026_SUMMARY	Elye_Kehat_Senior_Thesis_03_10_2026 (1).pdf	Elye Kehat Senior Thesis 03-10-2026	9.0	Table 2 annual PPE stocks and flows	annual_summary	total	total			dep_amort_total	535800.0		NIS_thousands	NIS	year		2024.0		high	yes	yes	yes	From Thesis Table 2 Panel B (IPC infrastructure total).
IPC_TBL2_2024_DISPOSAL_PROCEEDS	IPC	2024	THESIS_2026_SUMMARY	Elye_Kehat_Senior_Thesis_03_10_2026 (1).pdf	Elye Kehat Senior Thesis 03-10-2026	9.0	Table 2 annual PPE stocks and flows	annual_summary	total	total			disposal_proceeds	5462.0		NIS_thousands	NIS	year		2024.0		high	yes	yes	yes	From Thesis Table 2 Panel B (IPC infrastructure total).
SIPG_TBL2_2018_CIP_OPEN_KNIS	SIPG	2018	THESIS_2026_SUMMARY	Elye_Kehat_Senior_Thesis_03_10_2026 (1).pdf	Elye Kehat Senior Thesis 03-10-2026	9.0	Table 2 annual PPE stocks and flows	annual_summary	Bayport CIP summary	wip_bayport			cip_open_knis	345.0		NIS_thousands	NIS	year		2018.0		high	yes	yes	yes	From Thesis Table 2 Panel C (SIPG Bayport CIP summary in kNIS). Only years with clearly parsed values were included here.
SIPG_TBL2_2018_CIP_ADDITIONS_PLUS_CAPINT_KNIS	SIPG	2018	THESIS_2026_SUMMARY	Elye_Kehat_Senior_Thesis_03_10_2026 (1).pdf	Elye Kehat Senior Thesis 03-10-2026	9.0	Table 2 annual PPE stocks and flows	annual_summary	Bayport CIP summary	wip_bayport			cip_additions_plus_capint_knis	13528.0		NIS_thousands	NIS	year		2018.0		high	yes	yes	yes	From Thesis Table 2 Panel C (SIPG Bayport CIP summary in kNIS). Only years with clearly parsed values were included here.
SIPG_TBL2_2018_TRANSFER_TO_PPE_KNIS	SIPG	2018	THESIS_2026_SUMMARY	Elye_Kehat_Senior_Thesis_03_10_2026 (1).pdf	Elye Kehat Senior Thesis 03-10-2026	9.0	Table 2 annual PPE stocks and flows	annual_summary	Bayport CIP summary	wip_bayport			transfer_to_ppe_knis	0.0		NIS_thousands	NIS	year		2018.0		high	yes	yes	yes	From Thesis Table 2 Panel C (SIPG Bayport CIP summary in kNIS). Only years with clearly parsed values were included here.
SIPG_TBL2_2018_CUM_TRANSFER_TO_PPE_KNIS	SIPG	2018	THESIS_2026_SUMMARY	Elye_Kehat_Senior_Thesis_03_10_2026 (1).pdf	Elye Kehat Senior Thesis 03-10-2026	9.0	Table 2 annual PPE stocks and flows	annual_summary	Bayport CIP summary	wip_bayport			cum_transfer_to_ppe_knis	0.0		NIS_thousands	NIS	year		2018.0		high	yes	yes	yes	From Thesis Table 2 Panel C (SIPG Bayport CIP summary in kNIS). Only years with clearly parsed values were included here.
SIPG_TBL2_2018_CIP_CLOSE_KNIS	SIPG	2018	THESIS_2026_SUMMARY	Elye_Kehat_Senior_Thesis_03_10_2026 (1).pdf	Elye Kehat Senior Thesis 03-10-2026	9.0	Table 2 annual PPE stocks and flows	annual_summary	Bayport CIP summary	wip_bayport			cip_close_knis	13873.0		NIS_thousands	NIS	year		2018.0		high	yes	yes	yes	From Thesis Table 2 Panel C (SIPG Bayport CIP summary in kNIS). Only years with clearly parsed values were included here.
SIPG_TBL2_2020_CIP_OPEN_KNIS	SIPG	2020	THESIS_2026_SUMMARY	Elye_Kehat_Senior_Thesis_03_10_2026 (1).pdf	Elye Kehat Senior Thesis 03-10-2026	9.0	Table 2 annual PPE stocks and flows	annual_summary	Bayport CIP summary	wip_bayport			cip_open_knis	532756.0		NIS_thousands	NIS	year		2020.0		high	yes	yes	yes	From Thesis Table 2 Panel C (SIPG Bayport CIP summary in kNIS). Only years with clearly parsed values were included here.
SIPG_TBL2_2020_CIP_ADDITIONS_PLUS_CAPINT_KNIS	SIPG	2020	THESIS_2026_SUMMARY	Elye_Kehat_Senior_Thesis_03_10_2026 (1).pdf	Elye Kehat Senior Thesis 03-10-2026	9.0	Table 2 annual PPE stocks and flows	annual_summary	Bayport CIP summary	wip_bayport			cip_additions_plus_capint_knis	538626.0		NIS_thousands	NIS	year		2020.0		high	yes	yes	yes	From Thesis Table 2 Panel C (SIPG Bayport CIP summary in kNIS). Only years with clearly parsed values were included here.
SIPG_TBL2_2020_TRANSFER_TO_PPE_KNIS	SIPG	2020	THESIS_2026_SUMMARY	Elye_Kehat_Senior_Thesis_03_10_2026 (1).pdf	Elye Kehat Senior Thesis 03-10-2026	9.0	Table 2 annual PPE stocks and flows	annual_summary	Bayport CIP summary	wip_bayport			transfer_to_ppe_knis	4482.0		NIS_thousands	NIS	year		2020.0		high	yes	yes	yes	From Thesis Table 2 Panel C (SIPG Bayport CIP summary in kNIS). Only years with clearly parsed values were included here.
SIPG_TBL2_2020_CUM_TRANSFER_TO_PPE_KNIS	SIPG	2020	THESIS_2026_SUMMARY	Elye_Kehat_Senior_Thesis_03_10_2026 (1).pdf	Elye Kehat Senior Thesis 03-10-2026	9.0	Table 2 annual PPE stocks and flows	annual_summary	Bayport CIP summary	wip_bayport			cum_transfer_to_ppe_knis	4482.0		NIS_thousands	NIS	year		2020.0		high	yes	yes	yes	From Thesis Table 2 Panel C (SIPG Bayport CIP summary in kNIS). Only years with clearly parsed values were included here.
SIPG_TBL2_2020_CIP_CLOSE_KNIS	SIPG	2020	THESIS_2026_SUMMARY	Elye_Kehat_Senior_Thesis_03_10_2026 (1).pdf	Elye Kehat Senior Thesis 03-10-2026	9.0	Table 2 annual PPE stocks and flows	annual_summary	Bayport CIP summary	wip_bayport			cip_close_knis	1067713.0		NIS_thousands	NIS	year		2020.0		high	yes	yes	yes	From Thesis Table 2 Panel C (SIPG Bayport CIP summary in kNIS). Only years with clearly parsed values were included here.
SIPG_TBL2_2021_CIP_OPEN_KNIS	SIPG	2021	THESIS_2026_SUMMARY	Elye_Kehat_Senior_Thesis_03_10_2026 (1).pdf	Elye Kehat Senior Thesis 03-10-2026	9.0	Table 2 annual PPE stocks and flows	annual_summary	Bayport CIP summary	wip_bayport			cip_open_knis	1072568.0		NIS_thousands	NIS	year		2021.0		high	yes	yes	yes	From Thesis Table 2 Panel C (SIPG Bayport CIP summary in kNIS). Only years with clearly parsed values were included here.
SIPG_TBL2_2021_CIP_ADDITIONS_PLUS_CAPINT_KNIS	SIPG	2021	THESIS_2026_SUMMARY	Elye_Kehat_Senior_Thesis_03_10_2026 (1).pdf	Elye Kehat Senior Thesis 03-10-2026	9.0	Table 2 annual PPE stocks and flows	annual_summary	Bayport CIP summary	wip_bayport			cip_additions_plus_capint_knis	663166.0		NIS_thousands	NIS	year		2021.0		high	yes	yes	yes	From Thesis Table 2 Panel C (SIPG Bayport CIP summary in kNIS). Only years with clearly parsed values were included here.
SIPG_TBL2_2021_TRANSFER_TO_PPE_KNIS	SIPG	2021	THESIS_2026_SUMMARY	Elye_Kehat_Senior_Thesis_03_10_2026 (1).pdf	Elye Kehat Senior Thesis 03-10-2026	9.0	Table 2 annual PPE stocks and flows	annual_summary	Bayport CIP summary	wip_bayport			transfer_to_ppe_knis	1339629.0		NIS_thousands	NIS	year		2021.0		high	yes	yes	yes	From Thesis Table 2 Panel C (SIPG Bayport CIP summary in kNIS). Only years with clearly parsed values were included here.
SIPG_TBL2_2021_CUM_TRANSFER_TO_PPE_KNIS	SIPG	2021	THESIS_2026_SUMMARY	Elye_Kehat_Senior_Thesis_03_10_2026 (1).pdf	Elye Kehat Senior Thesis 03-10-2026	9.0	Table 2 annual PPE stocks and flows	annual_summary	Bayport CIP summary	wip_bayport			cum_transfer_to_ppe_knis	1344111.0		NIS_thousands	NIS	year		2021.0		high	yes	yes	yes	From Thesis Table 2 Panel C (SIPG Bayport CIP summary in kNIS). Only years with clearly parsed values were included here.
SIPG_TBL2_2021_CIP_CLOSE_KNIS	SIPG	2021	THESIS_2026_SUMMARY	Elye_Kehat_Senior_Thesis_03_10_2026 (1).pdf	Elye Kehat Senior Thesis 03-10-2026	9.0	Table 2 annual PPE stocks and flows	annual_summary	Bayport CIP summary	wip_bayport			cip_close_knis	373212.0		NIS_thousands	NIS	year		2021.0		high	yes	yes	yes	From Thesis Table 2 Panel C (SIPG Bayport CIP summary in kNIS). Only years with clearly parsed values were included here.
SIPG_TBL2_2022_CIP_OPEN_KNIS	SIPG	2022	THESIS_2026_SUMMARY	Elye_Kehat_Senior_Thesis_03_10_2026 (1).pdf	Elye Kehat Senior Thesis 03-10-2026	9.0	Table 2 annual PPE stocks and flows	annual_summary	Bayport CIP summary	wip_bayport			cip_open_knis	371921.0		NIS_thousands	NIS	year		2022.0		high	yes	yes	yes	From Thesis Table 2 Panel C (SIPG Bayport CIP summary in kNIS). Only years with clearly parsed values were included here.
SIPG_TBL2_2022_CIP_ADDITIONS_PLUS_CAPINT_KNIS	SIPG	2022	THESIS_2026_SUMMARY	Elye_Kehat_Senior_Thesis_03_10_2026 (1).pdf	Elye Kehat Senior Thesis 03-10-2026	9.0	Table 2 annual PPE stocks and flows	annual_summary	Bayport CIP summary	wip_bayport			cip_additions_plus_capint_knis	133488.0		NIS_thousands	NIS	year		2022.0		high	yes	yes	yes	From Thesis Table 2 Panel C (SIPG Bayport CIP summary in kNIS). Only years with clearly parsed values were included here.
SIPG_TBL2_2022_TRANSFER_TO_PPE_KNIS	SIPG	2022	THESIS_2026_SUMMARY	Elye_Kehat_Senior_Thesis_03_10_2026 (1).pdf	Elye Kehat Senior Thesis 03-10-2026	9.0	Table 2 annual PPE stocks and flows	annual_summary	Bayport CIP summary	wip_bayport			transfer_to_ppe_knis	469804.0		NIS_thousands	NIS	year		2022.0		high	yes	yes	yes	From Thesis Table 2 Panel C (SIPG Bayport CIP summary in kNIS). Only years with clearly parsed values were included here.
SIPG_TBL2_2022_CUM_TRANSFER_TO_PPE_KNIS	SIPG	2022	THESIS_2026_SUMMARY	Elye_Kehat_Senior_Thesis_03_10_2026 (1).pdf	Elye Kehat Senior Thesis 03-10-2026	9.0	Table 2 annual PPE stocks and flows	annual_summary	Bayport CIP summary	wip_bayport			cum_transfer_to_ppe_knis	1813915.0		NIS_thousands	NIS	year		2022.0		high	yes	yes	yes	From Thesis Table 2 Panel C (SIPG Bayport CIP summary in kNIS). Only years with clearly parsed values were included here.
SIPG_TBL2_2022_CIP_CLOSE_KNIS	SIPG	2022	THESIS_2026_SUMMARY	Elye_Kehat_Senior_Thesis_03_10_2026 (1).pdf	Elye Kehat Senior Thesis 03-10-2026	9.0	Table 2 annual PPE stocks and flows	annual_summary	Bayport CIP summary	wip_bayport			cip_close_knis	0.0		NIS_thousands	NIS	year		2022.0		high	yes	yes	yes	From Thesis Table 2 Panel C (SIPG Bayport CIP summary in kNIS). Only years with clearly parsed values were included here.
SIPG_TBL2_2024_CIP_OPEN_KNIS	SIPG	2024	THESIS_2026_SUMMARY	Elye_Kehat_Senior_Thesis_03_10_2026 (1).pdf	Elye Kehat Senior Thesis 03-10-2026	9.0	Table 2 annual PPE stocks and flows	annual_summary	Bayport CIP summary	wip_bayport			cip_open_knis	0.0		NIS_thousands	NIS	year		2024.0		high	yes	yes	yes	From Thesis Table 2 Panel C (SIPG Bayport CIP summary in kNIS). Only years with clearly parsed values were included here.
SIPG_TBL2_2024_CIP_ADDITIONS_PLUS_CAPINT_KNIS	SIPG	2024	THESIS_2026_SUMMARY	Elye_Kehat_Senior_Thesis_03_10_2026 (1).pdf	Elye Kehat Senior Thesis 03-10-2026	9.0	Table 2 annual PPE stocks and flows	annual_summary	Bayport CIP summary	wip_bayport			cip_additions_plus_capint_knis	10518.0		NIS_thousands	NIS	year		2024.0		high	yes	yes	yes	From Thesis Table 2 Panel C (SIPG Bayport CIP summary in kNIS). Only years with clearly parsed values were included here.
SIPG_TBL2_2024_TRANSFER_TO_PPE_KNIS	SIPG	2024	THESIS_2026_SUMMARY	Elye_Kehat_Senior_Thesis_03_10_2026 (1).pdf	Elye Kehat Senior Thesis 03-10-2026	9.0	Table 2 annual PPE stocks and flows	annual_summary	Bayport CIP summary	wip_bayport			transfer_to_ppe_knis	0.0		NIS_thousands	NIS	year		2024.0		high	yes	yes	yes	From Thesis Table 2 Panel C (SIPG Bayport CIP summary in kNIS). Only years with clearly parsed values were included here.
SIPG_TBL2_2024_CUM_TRANSFER_TO_PPE_KNIS	SIPG	2024	THESIS_2026_SUMMARY	Elye_Kehat_Senior_Thesis_03_10_2026 (1).pdf	Elye Kehat Senior Thesis 03-10-2026	9.0	Table 2 annual PPE stocks and flows	annual_summary	Bayport CIP summary	wip_bayport			cum_transfer_to_ppe_knis	1813915.0		NIS_thousands	NIS	year		2024.0		high	yes	yes	yes	From Thesis Table 2 Panel C (SIPG Bayport CIP summary in kNIS). Only years with clearly parsed values were included here.
SIPG_TBL2_2024_CIP_CLOSE_KNIS	SIPG	2024	THESIS_2026_SUMMARY	Elye_Kehat_Senior_Thesis_03_10_2026 (1).pdf	Elye Kehat Senior Thesis 03-10-2026	9.0	Table 2 annual PPE stocks and flows	annual_summary	Bayport CIP summary	wip_bayport			cip_close_knis	10518.0		NIS_thousands	NIS	year		2024.0		high	yes	yes	yes	From Thesis Table 2 Panel C (SIPG Bayport CIP summary in kNIS). Only years with clearly parsed values were included here.
HPC_2019_AR_2018_infrastructure_buildings_cost_open	HPC	2018	HPC_2019_AR	files_privatizations_hifa-port_eng_HaifaPort_FinancialStatment_HPC_2019-eng.pdf	files_privatizations_hifa-port_eng_HaifaPort_FinancialStatment_HPC_2019-eng.pdf	59.0	Note 8 Fixed assets, net	ppe_rollforward	Infrastructure and buildings	infrastructure_buildings			cost_open	200068.0		NIS_thousands	NIS	year		2018.0		high	yes	yes	yes	Extracted from 2019 annual report comparative fixed-asset table for 2018.
HPC_2019_AR_2018_infrastructure_buildings_cost_additions	HPC	2018	HPC_2019_AR	files_privatizations_hifa-port_eng_HaifaPort_FinancialStatment_HPC_2019-eng.pdf	files_privatizations_hifa-port_eng_HaifaPort_FinancialStatment_HPC_2019-eng.pdf	59.0	Note 8 Fixed assets, net	ppe_rollforward	Infrastructure and buildings	infrastructure_buildings			cost_additions	12381.0		NIS_thousands	NIS	year		2018.0		high	yes	yes	yes	Extracted from 2019 annual report comparative fixed-asset table for 2018.
HPC_2019_AR_2018_infrastructure_buildings_cost_transfers_other	HPC	2018	HPC_2019_AR	files_privatizations_hifa-port_eng_HaifaPort_FinancialStatment_HPC_2019-eng.pdf	files_privatizations_hifa-port_eng_HaifaPort_FinancialStatment_HPC_2019-eng.pdf	59.0	Note 8 Fixed assets, net	ppe_rollforward	Infrastructure and buildings	infrastructure_buildings			cost_transfers_other	-181.0		NIS_thousands	NIS	year		2018.0		high	yes	yes	yes	Extracted from 2019 annual report comparative fixed-asset table for 2018.
HPC_2019_AR_2018_infrastructure_buildings_cost_disposals	HPC	2018	HPC_2019_AR	files_privatizations_hifa-port_eng_HaifaPort_FinancialStatment_HPC_2019-eng.pdf	files_privatizations_hifa-port_eng_HaifaPort_FinancialStatment_HPC_2019-eng.pdf	59.0	Note 8 Fixed assets, net	ppe_rollforward	Infrastructure and buildings	infrastructure_buildings			cost_disposals	-27.0		NIS_thousands	NIS	year		2018.0		high	yes	yes	yes	Extracted from 2019 annual report comparative fixed-asset table for 2018.
HPC_2019_AR_2018_infrastructure_buildings_cost_transfer_held_for_sale	HPC	2018	HPC_2019_AR	files_privatizations_hifa-port_eng_HaifaPort_FinancialStatment_HPC_2019-eng.pdf	files_privatizations_hifa-port_eng_HaifaPort_FinancialStatment_HPC_2019-eng.pdf	59.0	Note 8 Fixed assets, net	ppe_rollforward	Infrastructure and buildings	infrastructure_buildings			cost_transfer_held_for_sale	0.0		NIS_thousands	NIS	year		2018.0		high	yes	yes	yes	Extracted from 2019 annual report comparative fixed-asset table for 2018.
HPC_2019_AR_2018_infrastructure_buildings_cost_impairment_change	HPC	2018	HPC_2019_AR	files_privatizations_hifa-port_eng_HaifaPort_FinancialStatment_HPC_2019-eng.pdf	files_privatizations_hifa-port_eng_HaifaPort_FinancialStatment_HPC_2019-eng.pdf	59.0	Note 8 Fixed assets, net	ppe_rollforward	Infrastructure and buildings	infrastructure_buildings			cost_impairment_change	0.0		NIS_thousands	NIS	year		2018.0		high	yes	yes	yes	Extracted from 2019 annual report comparative fixed-asset table for 2018.
HPC_2019_AR_2018_infrastructure_buildings_cost_close	HPC	2018	HPC_2019_AR	files_privatizations_hifa-port_eng_HaifaPort_FinancialStatment_HPC_2019-eng.pdf	files_privatizations_hifa-port_eng_HaifaPort_FinancialStatment_HPC_2019-eng.pdf	59.0	Note 8 Fixed assets, net	ppe_rollforward	Infrastructure and buildings	infrastructure_buildings			cost_close	212241.0		NIS_thousands	NIS	year		2018.0		high	yes	yes	yes	Extracted from 2019 annual report comparative fixed-asset table for 2018.
HPC_2019_AR_2018_infrastructure_buildings_accdep_open	HPC	2018	HPC_2019_AR	files_privatizations_hifa-port_eng_HaifaPort_FinancialStatment_HPC_2019-eng.pdf	files_privatizations_hifa-port_eng_HaifaPort_FinancialStatment_HPC_2019-eng.pdf	59.0	Note 8 Fixed assets, net	ppe_rollforward	Infrastructure and buildings	infrastructure_buildings			accdep_open	43479.0		NIS_thousands	NIS	year		2018.0		high	yes	yes	yes	Extracted from 2019 annual report comparative fixed-asset table for 2018.
HPC_2019_AR_2018_infrastructure_buildings_accdep_depreciation	HPC	2018	HPC_2019_AR	files_privatizations_hifa-port_eng_HaifaPort_FinancialStatment_HPC_2019-eng.pdf	files_privatizations_hifa-port_eng_HaifaPort_FinancialStatment_HPC_2019-eng.pdf	59.0	Note 8 Fixed assets, net	ppe_rollforward	Infrastructure and buildings	infrastructure_buildings			accdep_depreciation	11060.0		NIS_thousands	NIS	year		2018.0		high	yes	yes	yes	Extracted from 2019 annual report comparative fixed-asset table for 2018.
HPC_2019_AR_2018_infrastructure_buildings_accdep_transfers_other	HPC	2018	HPC_2019_AR	files_privatizations_hifa-port_eng_HaifaPort_FinancialStatment_HPC_2019-eng.pdf	files_privatizations_hifa-port_eng_HaifaPort_FinancialStatment_HPC_2019-eng.pdf	59.0	Note 8 Fixed assets, net	ppe_rollforward	Infrastructure and buildings	infrastructure_buildings			accdep_transfers_other	-3.0		NIS_thousands	NIS	year		2018.0		high	yes	yes	yes	Extracted from 2019 annual report comparative fixed-asset table for 2018.
HPC_2019_AR_2018_infrastructure_buildings_accdep_disposals	HPC	2018	HPC_2019_AR	files_privatizations_hifa-port_eng_HaifaPort_FinancialStatment_HPC_2019-eng.pdf	files_privatizations_hifa-port_eng_HaifaPort_FinancialStatment_HPC_2019-eng.pdf	59.0	Note 8 Fixed assets, net	ppe_rollforward	Infrastructure and buildings	infrastructure_buildings			accdep_disposals	-6.0		NIS_thousands	NIS	year		2018.0		high	yes	yes	yes	Extracted from 2019 annual report comparative fixed-asset table for 2018.
HPC_2019_AR_2018_infrastructure_buildings_accdep_transfer_held_for_sale	HPC	2018	HPC_2019_AR	files_privatizations_hifa-port_eng_HaifaPort_FinancialStatment_HPC_2019-eng.pdf	files_privatizations_hifa-port_eng_HaifaPort_FinancialStatment_HPC_2019-eng.pdf	59.0	Note 8 Fixed assets, net	ppe_rollforward	Infrastructure and buildings	infrastructure_buildings			accdep_transfer_held_for_sale	0.0		NIS_thousands	NIS	year		2018.0		high	yes	yes	yes	Extracted from 2019 annual report comparative fixed-asset table for 2018.
HPC_2019_AR_2018_infrastructure_buildings_accdep_close	HPC	2018	HPC_2019_AR	files_privatizations_hifa-port_eng_HaifaPort_FinancialStatment_HPC_2019-eng.pdf	files_privatizations_hifa-port_eng_HaifaPort_FinancialStatment_HPC_2019-eng.pdf	59.0	Note 8 Fixed assets, net	ppe_rollforward	Infrastructure and buildings	infrastructure_buildings			accdep_close	54530.0		NIS_thousands	NIS	year		2018.0		high	yes	yes	yes	Extracted from 2019 annual report comparative fixed-asset table for 2018.
HPC_2019_AR_2018_infrastructure_buildings_net_ppe_close	HPC	2018	HPC_2019_AR	files_privatizations_hifa-port_eng_HaifaPort_FinancialStatment_HPC_2019-eng.pdf	files_privatizations_hifa-port_eng_HaifaPort_FinancialStatment_HPC_2019-eng.pdf	59.0	Note 8 Fixed assets, net	ppe_rollforward	Infrastructure and buildings	infrastructure_buildings			net_ppe_close	157711.0		NIS_thousands	NIS	year		2018.0		high	yes	yes	yes	Extracted from 2019 annual report comparative fixed-asset table for 2018.
HPC_2019_AR_2018_equipment_cost_open	HPC	2018	HPC_2019_AR	files_privatizations_hifa-port_eng_HaifaPort_FinancialStatment_HPC_2019-eng.pdf	files_privatizations_hifa-port_eng_HaifaPort_FinancialStatment_HPC_2019-eng.pdf	59.0	Note 8 Fixed assets, net	ppe_rollforward	Equipment	equipment			cost_open	1635861.0		NIS_thousands	NIS	year		2018.0		high	yes	yes	yes	Extracted from 2019 annual report comparative fixed-asset table for 2018.
HPC_2019_AR_2018_equipment_cost_additions	HPC	2018	HPC_2019_AR	files_privatizations_hifa-port_eng_HaifaPort_FinancialStatment_HPC_2019-eng.pdf	files_privatizations_hifa-port_eng_HaifaPort_FinancialStatment_HPC_2019-eng.pdf	59.0	Note 8 Fixed assets, net	ppe_rollforward	Equipment	equipment			cost_additions	15860.0		NIS_thousands	NIS	year		2018.0		high	yes	yes	yes	Extracted from 2019 annual report comparative fixed-asset table for 2018.
HPC_2019_AR_2018_equipment_cost_transfers_other	HPC	2018	HPC_2019_AR	files_privatizations_hifa-port_eng_HaifaPort_FinancialStatment_HPC_2019-eng.pdf	files_privatizations_hifa-port_eng_HaifaPort_FinancialStatment_HPC_2019-eng.pdf	59.0	Note 8 Fixed assets, net	ppe_rollforward	Equipment	equipment			cost_transfers_other	1887.0		NIS_thousands	NIS	year		2018.0		high	yes	yes	yes	Extracted from 2019 annual report comparative fixed-asset table for 2018.
HPC_2019_AR_2018_equipment_cost_disposals	HPC	2018	HPC_2019_AR	files_privatizations_hifa-port_eng_HaifaPort_FinancialStatment_HPC_2019-eng.pdf	files_privatizations_hifa-port_eng_HaifaPort_FinancialStatment_HPC_2019-eng.pdf	59.0	Note 8 Fixed assets, net	ppe_rollforward	Equipment	equipment			cost_disposals	-9422.0		NIS_thousands	NIS	year		2018.0		high	yes	yes	yes	Extracted from 2019 annual report comparative fixed-asset table for 2018.
HPC_2019_AR_2018_equipment_cost_transfer_held_for_sale	HPC	2018	HPC_2019_AR	files_privatizations_hifa-port_eng_HaifaPort_FinancialStatment_HPC_2019-eng.pdf	files_privatizations_hifa-port_eng_HaifaPort_FinancialStatment_HPC_2019-eng.pdf	59.0	Note 8 Fixed assets, net	ppe_rollforward	Equipment	equipment			cost_transfer_held_for_sale	-3749.0		NIS_thousands	NIS	year		2018.0		high	yes	yes	yes	Extracted from 2019 annual report comparative fixed-asset table for 2018.
HPC_2019_AR_2018_equipment_cost_impairment_change	HPC	2018	HPC_2019_AR	files_privatizations_hifa-port_eng_HaifaPort_FinancialStatment_HPC_2019-eng.pdf	files_privatizations_hifa-port_eng_HaifaPort_FinancialStatment_HPC_2019-eng.pdf	59.0	Note 8 Fixed assets, net	ppe_rollforward	Equipment	equipment			cost_impairment_change	3916.0		NIS_thousands	NIS	year		2018.0		high	yes	yes	yes	Extracted from 2019 annual report comparative fixed-asset table for 2018.
HPC_2019_AR_2018_equipment_cost_close	HPC	2018	HPC_2019_AR	files_privatizations_hifa-port_eng_HaifaPort_FinancialStatment_HPC_2019-eng.pdf	files_privatizations_hifa-port_eng_HaifaPort_FinancialStatment_HPC_2019-eng.pdf	59.0	Note 8 Fixed assets, net	ppe_rollforward	Equipment	equipment			cost_close	1644353.0		NIS_thousands	NIS	year		2018.0		high	yes	yes	yes	Extracted from 2019 annual report comparative fixed-asset table for 2018.
HPC_2019_AR_2018_equipment_accdep_open	HPC	2018	HPC_2019_AR	files_privatizations_hifa-port_eng_HaifaPort_FinancialStatment_HPC_2019-eng.pdf	files_privatizations_hifa-port_eng_HaifaPort_FinancialStatment_HPC_2019-eng.pdf	59.0	Note 8 Fixed assets, net	ppe_rollforward	Equipment	equipment			accdep_open	657971.0		NIS_thousands	NIS	year		2018.0		high	yes	yes	yes	Extracted from 2019 annual report comparative fixed-asset table for 2018.
HPC_2019_AR_2018_equipment_accdep_depreciation	HPC	2018	HPC_2019_AR	files_privatizations_hifa-port_eng_HaifaPort_FinancialStatment_HPC_2019-eng.pdf	files_privatizations_hifa-port_eng_HaifaPort_FinancialStatment_HPC_2019-eng.pdf	59.0	Note 8 Fixed assets, net	ppe_rollforward	Equipment	equipment			accdep_depreciation	59312.0		NIS_thousands	NIS	year		2018.0		high	yes	yes	yes	Extracted from 2019 annual report comparative fixed-asset table for 2018.
HPC_2019_AR_2018_equipment_accdep_transfers_other	HPC	2018	HPC_2019_AR	files_privatizations_hifa-port_eng_HaifaPort_FinancialStatment_HPC_2019-eng.pdf	files_privatizations_hifa-port_eng_HaifaPort_FinancialStatment_HPC_2019-eng.pdf	59.0	Note 8 Fixed assets, net	ppe_rollforward	Equipment	equipment			accdep_transfers_other	13.0		NIS_thousands	NIS	year		2018.0		high	yes	yes	yes	Extracted from 2019 annual report comparative fixed-asset table for 2018.
HPC_2019_AR_2018_equipment_accdep_disposals	HPC	2018	HPC_2019_AR	files_privatizations_hifa-port_eng_HaifaPort_FinancialStatment_HPC_2019-eng.pdf	files_privatizations_hifa-port_eng_HaifaPort_FinancialStatment_HPC_2019-eng.pdf	59.0	Note 8 Fixed assets, net	ppe_rollforward	Equipment	equipment			accdep_disposals	-5449.0		NIS_thousands	NIS	year		2018.0		high	yes	yes	yes	Extracted from 2019 annual report comparative fixed-asset table for 2018.
HPC_2019_AR_2018_equipment_accdep_transfer_held_for_sale	HPC	2018	HPC_2019_AR	files_privatizations_hifa-port_eng_HaifaPort_FinancialStatment_HPC_2019-eng.pdf	files_privatizations_hifa-port_eng_HaifaPort_FinancialStatment_HPC_2019-eng.pdf	59.0	Note 8 Fixed assets, net	ppe_rollforward	Equipment	equipment			accdep_transfer_held_for_sale	-3461.0		NIS_thousands	NIS	year		2018.0		high	yes	yes	yes	Extracted from 2019 annual report comparative fixed-asset table for 2018.
HPC_2019_AR_2018_equipment_accdep_close	HPC	2018	HPC_2019_AR	files_privatizations_hifa-port_eng_HaifaPort_FinancialStatment_HPC_2019-eng.pdf	files_privatizations_hifa-port_eng_HaifaPort_FinancialStatment_HPC_2019-eng.pdf	59.0	Note 8 Fixed assets, net	ppe_rollforward	Equipment	equipment			accdep_close	708386.0		NIS_thousands	NIS	year		2018.0		high	yes	yes	yes	Extracted from 2019 annual report comparative fixed-asset table for 2018.
HPC_2019_AR_2018_equipment_net_ppe_close	HPC	2018	HPC_2019_AR	files_privatizations_hifa-port_eng_HaifaPort_FinancialStatment_HPC_2019-eng.pdf	files_privatizations_hifa-port_eng_HaifaPort_FinancialStatment_HPC_2019-eng.pdf	59.0	Note 8 Fixed assets, net	ppe_rollforward	Equipment	equipment			net_ppe_close	935967.0		NIS_thousands	NIS	year		2018.0		high	yes	yes	yes	Extracted from 2019 annual report comparative fixed-asset table for 2018.
HPC_2019_AR_2018_spare_parts_over_15000_cost_open	HPC	2018	HPC_2019_AR	files_privatizations_hifa-port_eng_HaifaPort_FinancialStatment_HPC_2019-eng.pdf	files_privatizations_hifa-port_eng_HaifaPort_FinancialStatment_HPC_2019-eng.pdf	59.0	Note 8 Fixed assets, net	ppe_rollforward	Spare parts inventory over NIS 15,000 per item	spare_parts_over_15000			cost_open	38592.0		NIS_thousands	NIS	year		2018.0		high	yes	yes	yes	Extracted from 2019 annual report comparative fixed-asset table for 2018.
HPC_2019_AR_2018_spare_parts_over_15000_cost_additions	HPC	2018	HPC_2019_AR	files_privatizations_hifa-port_eng_HaifaPort_FinancialStatment_HPC_2019-eng.pdf	files_privatizations_hifa-port_eng_HaifaPort_FinancialStatment_HPC_2019-eng.pdf	59.0	Note 8 Fixed assets, net	ppe_rollforward	Spare parts inventory over NIS 15,000 per item	spare_parts_over_15000			cost_additions	2123.0		NIS_thousands	NIS	year		2018.0		high	yes	yes	yes	Extracted from 2019 annual report comparative fixed-asset table for 2018.
HPC_2019_AR_2018_spare_parts_over_15000_cost_transfers_other	HPC	2018	HPC_2019_AR	files_privatizations_hifa-port_eng_HaifaPort_FinancialStatment_HPC_2019-eng.pdf	files_privatizations_hifa-port_eng_HaifaPort_FinancialStatment_HPC_2019-eng.pdf	59.0	Note 8 Fixed assets, net	ppe_rollforward	Spare parts inventory over NIS 15,000 per item	spare_parts_over_15000			cost_transfers_other	-1706.0		NIS_thousands	NIS	year		2018.0		high	yes	yes	yes	Extracted from 2019 annual report comparative fixed-asset table for 2018.
HPC_2019_AR_2018_spare_parts_over_15000_cost_disposals	HPC	2018	HPC_2019_AR	files_privatizations_hifa-port_eng_HaifaPort_FinancialStatment_HPC_2019-eng.pdf	files_privatizations_hifa-port_eng_HaifaPort_FinancialStatment_HPC_2019-eng.pdf	59.0	Note 8 Fixed assets, net	ppe_rollforward	Spare parts inventory over NIS 15,000 per item	spare_parts_over_15000			cost_disposals	0.0		NIS_thousands	NIS	year		2018.0		high	yes	yes	yes	Extracted from 2019 annual report comparative fixed-asset table for 2018.
HPC_2019_AR_2018_spare_parts_over_15000_cost_transfer_held_for_sale	HPC	2018	HPC_2019_AR	files_privatizations_hifa-port_eng_HaifaPort_FinancialStatment_HPC_2019-eng.pdf	files_privatizations_hifa-port_eng_HaifaPort_FinancialStatment_HPC_2019-eng.pdf	59.0	Note 8 Fixed assets, net	ppe_rollforward	Spare parts inventory over NIS 15,000 per item	spare_parts_over_15000			cost_transfer_held_for_sale	0.0		NIS_thousands	NIS	year		2018.0		high	yes	yes	yes	Extracted from 2019 annual report comparative fixed-asset table for 2018.
HPC_2019_AR_2018_spare_parts_over_15000_cost_impairment_change	HPC	2018	HPC_2019_AR	files_privatizations_hifa-port_eng_HaifaPort_FinancialStatment_HPC_2019-eng.pdf	files_privatizations_hifa-port_eng_HaifaPort_FinancialStatment_HPC_2019-eng.pdf	59.0	Note 8 Fixed assets, net	ppe_rollforward	Spare parts inventory over NIS 15,000 per item	spare_parts_over_15000			cost_impairment_change	0.0		NIS_thousands	NIS	year		2018.0		high	yes	yes	yes	Extracted from 2019 annual report comparative fixed-asset table for 2018.
HPC_2019_AR_2018_spare_parts_over_15000_cost_close	HPC	2018	HPC_2019_AR	files_privatizations_hifa-port_eng_HaifaPort_FinancialStatment_HPC_2019-eng.pdf	files_privatizations_hifa-port_eng_HaifaPort_FinancialStatment_HPC_2019-eng.pdf	59.0	Note 8 Fixed assets, net	ppe_rollforward	Spare parts inventory over NIS 15,000 per item	spare_parts_over_15000			cost_close	39009.0		NIS_thousands	NIS	year		2018.0		high	yes	yes	yes	Extracted from 2019 annual report comparative fixed-asset table for 2018.
HPC_2019_AR_2018_spare_parts_over_15000_accdep_open	HPC	2018	HPC_2019_AR	files_privatizations_hifa-port_eng_HaifaPort_FinancialStatment_HPC_2019-eng.pdf	files_privatizations_hifa-port_eng_HaifaPort_FinancialStatment_HPC_2019-eng.pdf	59.0	Note 8 Fixed assets, net	ppe_rollforward	Spare parts inventory over NIS 15,000 per item	spare_parts_over_15000			accdep_open	7421.0		NIS_thousands	NIS	year		2018.0		high	yes	yes	yes	Extracted from 2019 annual report comparative fixed-asset table for 2018.
HPC_2019_AR_2018_spare_parts_over_15000_accdep_depreciation	HPC	2018	HPC_2019_AR	files_privatizations_hifa-port_eng_HaifaPort_FinancialStatment_HPC_2019-eng.pdf	files_privatizations_hifa-port_eng_HaifaPort_FinancialStatment_HPC_2019-eng.pdf	59.0	Note 8 Fixed assets, net	ppe_rollforward	Spare parts inventory over NIS 15,000 per item	spare_parts_over_15000			accdep_depreciation	0.0		NIS_thousands	NIS	year		2018.0		high	yes	yes	yes	Extracted from 2019 annual report comparative fixed-asset table for 2018.
HPC_2019_AR_2018_spare_parts_over_15000_accdep_transfers_other	HPC	2018	HPC_2019_AR	files_privatizations_hifa-port_eng_HaifaPort_FinancialStatment_HPC_2019-eng.pdf	files_privatizations_hifa-port_eng_HaifaPort_FinancialStatment_HPC_2019-eng.pdf	59.0	Note 8 Fixed assets, net	ppe_rollforward	Spare parts inventory over NIS 15,000 per item	spare_parts_over_15000			accdep_transfers_other	-10.0		NIS_thousands	NIS	year		2018.0		high	yes	yes	yes	Extracted from 2019 annual report comparative fixed-asset table for 2018.
HPC_2019_AR_2018_spare_parts_over_15000_accdep_disposals	HPC	2018	HPC_2019_AR	files_privatizations_hifa-port_eng_HaifaPort_FinancialStatment_HPC_2019-eng.pdf	files_privatizations_hifa-port_eng_HaifaPort_FinancialStatment_HPC_2019-eng.pdf	59.0	Note 8 Fixed assets, net	ppe_rollforward	Spare parts inventory over NIS 15,000 per item	spare_parts_over_15000			accdep_disposals	-62.0		NIS_thousands	NIS	year		2018.0		high	yes	yes	yes	Extracted from 2019 annual report comparative fixed-asset table for 2018.
HPC_2019_AR_2018_spare_parts_over_15000_accdep_transfer_held_for_sale	HPC	2018	HPC_2019_AR	files_privatizations_hifa-port_eng_HaifaPort_FinancialStatment_HPC_2019-eng.pdf	files_privatizations_hifa-port_eng_HaifaPort_FinancialStatment_HPC_2019-eng.pdf	59.0	Note 8 Fixed assets, net	ppe_rollforward	Spare parts inventory over NIS 15,000 per item	spare_parts_over_15000			accdep_transfer_held_for_sale	0.0		NIS_thousands	NIS	year		2018.0		high	yes	yes	yes	Extracted from 2019 annual report comparative fixed-asset table for 2018.
HPC_2019_AR_2018_spare_parts_over_15000_accdep_close	HPC	2018	HPC_2019_AR	files_privatizations_hifa-port_eng_HaifaPort_FinancialStatment_HPC_2019-eng.pdf	files_privatizations_hifa-port_eng_HaifaPort_FinancialStatment_HPC_2019-eng.pdf	59.0	Note 8 Fixed assets, net	ppe_rollforward	Spare parts inventory over NIS 15,000 per item	spare_parts_over_15000			accdep_close	7349.0		NIS_thousands	NIS	year		2018.0		high	yes	yes	yes	Extracted from 2019 annual report comparative fixed-asset table for 2018.
HPC_2019_AR_2018_spare_parts_over_15000_net_ppe_close	HPC	2018	HPC_2019_AR	files_privatizations_hifa-port_eng_HaifaPort_FinancialStatment_HPC_2019-eng.pdf	files_privatizations_hifa-port_eng_HaifaPort_FinancialStatment_HPC_2019-eng.pdf	59.0	Note 8 Fixed assets, net	ppe_rollforward	Spare parts inventory over NIS 15,000 per item	spare_parts_over_15000			net_ppe_close	31660.0		NIS_thousands	NIS	year		2018.0		high	yes	yes	yes	Extracted from 2019 annual report comparative fixed-asset table for 2018.
HPC_2019_AR_2018_spare_parts_under_15000_cost_open	HPC	2018	HPC_2019_AR	files_privatizations_hifa-port_eng_HaifaPort_FinancialStatment_HPC_2019-eng.pdf	files_privatizations_hifa-port_eng_HaifaPort_FinancialStatment_HPC_2019-eng.pdf	59.0	Note 8 Fixed assets, net	ppe_rollforward	Spare parts inventory up to NIS 15,000 per item	spare_parts_under_15000			cost_open	36627.0		NIS_thousands	NIS	year		2018.0		high	yes	yes	yes	Extracted from 2019 annual report comparative fixed-asset table for 2018.
HPC_2019_AR_2018_spare_parts_under_15000_cost_additions	HPC	2018	HPC_2019_AR	files_privatizations_hifa-port_eng_HaifaPort_FinancialStatment_HPC_2019-eng.pdf	files_privatizations_hifa-port_eng_HaifaPort_FinancialStatment_HPC_2019-eng.pdf	59.0	Note 8 Fixed assets, net	ppe_rollforward	Spare parts inventory up to NIS 15,000 per item	spare_parts_under_15000			cost_additions	1574.0		NIS_thousands	NIS	year		2018.0		high	yes	yes	yes	Extracted from 2019 annual report comparative fixed-asset table for 2018.
HPC_2019_AR_2018_spare_parts_under_15000_cost_transfers_other	HPC	2018	HPC_2019_AR	files_privatizations_hifa-port_eng_HaifaPort_FinancialStatment_HPC_2019-eng.pdf	files_privatizations_hifa-port_eng_HaifaPort_FinancialStatment_HPC_2019-eng.pdf	59.0	Note 8 Fixed assets, net	ppe_rollforward	Spare parts inventory up to NIS 15,000 per item	spare_parts_under_15000			cost_transfers_other	0.0		NIS_thousands	NIS	year		2018.0		high	yes	yes	yes	Extracted from 2019 annual report comparative fixed-asset table for 2018.
HPC_2019_AR_2018_spare_parts_under_15000_cost_disposals	HPC	2018	HPC_2019_AR	files_privatizations_hifa-port_eng_HaifaPort_FinancialStatment_HPC_2019-eng.pdf	files_privatizations_hifa-port_eng_HaifaPort_FinancialStatment_HPC_2019-eng.pdf	59.0	Note 8 Fixed assets, net	ppe_rollforward	Spare parts inventory up to NIS 15,000 per item	spare_parts_under_15000			cost_disposals	0.0		NIS_thousands	NIS	year		2018.0		high	yes	yes	yes	Extracted from 2019 annual report comparative fixed-asset table for 2018.
HPC_2019_AR_2018_spare_parts_under_15000_cost_transfer_held_for_sale	HPC	2018	HPC_2019_AR	files_privatizations_hifa-port_eng_HaifaPort_FinancialStatment_HPC_2019-eng.pdf	files_privatizations_hifa-port_eng_HaifaPort_FinancialStatment_HPC_2019-eng.pdf	59.0	Note 8 Fixed assets, net	ppe_rollforward	Spare parts inventory up to NIS 15,000 per item	spare_parts_under_15000			cost_transfer_held_for_sale	0.0		NIS_thousands	NIS	year		2018.0		high	yes	yes	yes	Extracted from 2019 annual report comparative fixed-asset table for 2018.
HPC_2019_AR_2018_spare_parts_under_15000_cost_impairment_change	HPC	2018	HPC_2019_AR	files_privatizations_hifa-port_eng_HaifaPort_FinancialStatment_HPC_2019-eng.pdf	files_privatizations_hifa-port_eng_HaifaPort_FinancialStatment_HPC_2019-eng.pdf	59.0	Note 8 Fixed assets, net	ppe_rollforward	Spare parts inventory up to NIS 15,000 per item	spare_parts_under_15000			cost_impairment_change	0.0		NIS_thousands	NIS	year		2018.0		high	yes	yes	yes	Extracted from 2019 annual report comparative fixed-asset table for 2018.
HPC_2019_AR_2018_spare_parts_under_15000_cost_close	HPC	2018	HPC_2019_AR	files_privatizations_hifa-port_eng_HaifaPort_FinancialStatment_HPC_2019-eng.pdf	files_privatizations_hifa-port_eng_HaifaPort_FinancialStatment_HPC_2019-eng.pdf	59.0	Note 8 Fixed assets, net	ppe_rollforward	Spare parts inventory up to NIS 15,000 per item	spare_parts_under_15000			cost_close	38201.0		NIS_thousands	NIS	year		2018.0		high	yes	yes	yes	Extracted from 2019 annual report comparative fixed-asset table for 2018.
HPC_2019_AR_2018_spare_parts_under_15000_accdep_open	HPC	2018	HPC_2019_AR	files_privatizations_hifa-port_eng_HaifaPort_FinancialStatment_HPC_2019-eng.pdf	files_privatizations_hifa-port_eng_HaifaPort_FinancialStatment_HPC_2019-eng.pdf	59.0	Note 8 Fixed assets, net	ppe_rollforward	Spare parts inventory up to NIS 15,000 per item	spare_parts_under_15000			accdep_open	0.0		NIS_thousands	NIS	year		2018.0		high	yes	yes	yes	Extracted from 2019 annual report comparative fixed-asset table for 2018.
HPC_2019_AR_2018_spare_parts_under_15000_accdep_depreciation	HPC	2018	HPC_2019_AR	files_privatizations_hifa-port_eng_HaifaPort_FinancialStatment_HPC_2019-eng.pdf	files_privatizations_hifa-port_eng_HaifaPort_FinancialStatment_HPC_2019-eng.pdf	59.0	Note 8 Fixed assets, net	ppe_rollforward	Spare parts inventory up to NIS 15,000 per item	spare_parts_under_15000			accdep_depreciation	0.0		NIS_thousands	NIS	year		2018.0		high	yes	yes	yes	Extracted from 2019 annual report comparative fixed-asset table for 2018.
HPC_2019_AR_2018_spare_parts_under_15000_accdep_transfers_other	HPC	2018	HPC_2019_AR	files_privatizations_hifa-port_eng_HaifaPort_FinancialStatment_HPC_2019-eng.pdf	files_privatizations_hifa-port_eng_HaifaPort_FinancialStatment_HPC_2019-eng.pdf	59.0	Note 8 Fixed assets, net	ppe_rollforward	Spare parts inventory up to NIS 15,000 per item	spare_parts_under_15000			accdep_transfers_other	0.0		NIS_thousands	NIS	year		2018.0		high	yes	yes	yes	Extracted from 2019 annual report comparative fixed-asset table for 2018.
HPC_2019_AR_2018_spare_parts_under_15000_accdep_disposals	HPC	2018	HPC_2019_AR	files_privatizations_hifa-port_eng_HaifaPort_FinancialStatment_HPC_2019-eng.pdf	files_privatizations_hifa-port_eng_HaifaPort_FinancialStatment_HPC_2019-eng.pdf	59.0	Note 8 Fixed assets, net	ppe_rollforward	Spare parts inventory up to NIS 15,000 per item	spare_parts_under_15000			accdep_disposals	0.0		NIS_thousands	NIS	year		2018.0		high	yes	yes	yes	Extracted from 2019 annual report comparative fixed-asset table for 2018.
HPC_2019_AR_2018_spare_parts_under_15000_accdep_transfer_held_for_sale	HPC	2018	HPC_2019_AR	files_privatizations_hifa-port_eng_HaifaPort_FinancialStatment_HPC_2019-eng.pdf	files_privatizations_hifa-port_eng_HaifaPort_FinancialStatment_HPC_2019-eng.pdf	59.0	Note 8 Fixed assets, net	ppe_rollforward	Spare parts inventory up to NIS 15,000 per item	spare_parts_under_15000			accdep_transfer_held_for_sale	0.0		NIS_thousands	NIS	year		2018.0		high	yes	yes	yes	Extracted from 2019 annual report comparative fixed-asset table for 2018.
HPC_2019_AR_2018_spare_parts_under_15000_accdep_close	HPC	2018	HPC_2019_AR	files_privatizations_hifa-port_eng_HaifaPort_FinancialStatment_HPC_2019-eng.pdf	files_privatizations_hifa-port_eng_HaifaPort_FinancialStatment_HPC_2019-eng.pdf	59.0	Note 8 Fixed assets, net	ppe_rollforward	Spare parts inventory up to NIS 15,000 per item	spare_parts_under_15000			accdep_close	0.0		NIS_thousands	NIS	year		2018.0		high	yes	yes	yes	Extracted from 2019 annual report comparative fixed-asset table for 2018.
HPC_2019_AR_2018_spare_parts_under_15000_net_ppe_close	HPC	2018	HPC_2019_AR	files_privatizations_hifa-port_eng_HaifaPort_FinancialStatment_HPC_2019-eng.pdf	files_privatizations_hifa-port_eng_HaifaPort_FinancialStatment_HPC_2019-eng.pdf	59.0	Note 8 Fixed assets, net	ppe_rollforward	Spare parts inventory up to NIS 15,000 per item	spare_parts_under_15000			net_ppe_close	38201.0		NIS_thousands	NIS	year		2018.0		high	yes	yes	yes	Extracted from 2019 annual report comparative fixed-asset table for 2018.
HPC_2019_AR_2019_infrastructure_buildings_cost_open	HPC	2019	HPC_2019_AR	files_privatizations_hifa-port_eng_HaifaPort_FinancialStatment_HPC_2019-eng.pdf	files_privatizations_hifa-port_eng_HaifaPort_FinancialStatment_HPC_2019-eng.pdf	58-60	Note 8 Fixed assets, net	ppe_rollforward	Infrastructure and buildings	infrastructure_buildings			cost_open	212241.0		NIS_thousands	NIS	year		2019.0		high	yes	yes	yes	Extracted from 2019 annual report fixed-asset table.
HPC_2019_AR_2019_infrastructure_buildings_cost_additions	HPC	2019	HPC_2019_AR	files_privatizations_hifa-port_eng_HaifaPort_FinancialStatment_HPC_2019-eng.pdf	files_privatizations_hifa-port_eng_HaifaPort_FinancialStatment_HPC_2019-eng.pdf	58-60	Note 8 Fixed assets, net	ppe_rollforward	Infrastructure and buildings	infrastructure_buildings			cost_additions	9686.0		NIS_thousands	NIS	year		2019.0		high	yes	yes	yes	Extracted from 2019 annual report fixed-asset table.
HPC_2019_AR_2019_infrastructure_buildings_cost_transfers_other	HPC	2019	HPC_2019_AR	files_privatizations_hifa-port_eng_HaifaPort_FinancialStatment_HPC_2019-eng.pdf	files_privatizations_hifa-port_eng_HaifaPort_FinancialStatment_HPC_2019-eng.pdf	58-60	Note 8 Fixed assets, net	ppe_rollforward	Infrastructure and buildings	infrastructure_buildings			cost_transfers_other	-159.0		NIS_thousands	NIS	year		2019.0		high	yes	yes	yes	Extracted from 2019 annual report fixed-asset table.
HPC_2019_AR_2019_infrastructure_buildings_cost_disposals	HPC	2019	HPC_2019_AR	files_privatizations_hifa-port_eng_HaifaPort_FinancialStatment_HPC_2019-eng.pdf	files_privatizations_hifa-port_eng_HaifaPort_FinancialStatment_HPC_2019-eng.pdf	58-60	Note 8 Fixed assets, net	ppe_rollforward	Infrastructure and buildings	infrastructure_buildings			cost_disposals	0.0		NIS_thousands	NIS	year		2019.0		high	yes	yes	yes	Extracted from 2019 annual report fixed-asset table.
HPC_2019_AR_2019_infrastructure_buildings_cost_transfer_held_for_sale	HPC	2019	HPC_2019_AR	files_privatizations_hifa-port_eng_HaifaPort_FinancialStatment_HPC_2019-eng.pdf	files_privatizations_hifa-port_eng_HaifaPort_FinancialStatment_HPC_2019-eng.pdf	58-60	Note 8 Fixed assets, net	ppe_rollforward	Infrastructure and buildings	infrastructure_buildings			cost_transfer_held_for_sale	0.0		NIS_thousands	NIS	year		2019.0		high	yes	yes	yes	Extracted from 2019 annual report fixed-asset table.
HPC_2019_AR_2019_infrastructure_buildings_cost_impairment_change	HPC	2019	HPC_2019_AR	files_privatizations_hifa-port_eng_HaifaPort_FinancialStatment_HPC_2019-eng.pdf	files_privatizations_hifa-port_eng_HaifaPort_FinancialStatment_HPC_2019-eng.pdf	58-60	Note 8 Fixed assets, net	ppe_rollforward	Infrastructure and buildings	infrastructure_buildings			cost_impairment_change	0.0		NIS_thousands	NIS	year		2019.0		high	yes	yes	yes	Extracted from 2019 annual report fixed-asset table.
HPC_2019_AR_2019_infrastructure_buildings_cost_transfer_discontinued_ops	HPC	2019	HPC_2019_AR	files_privatizations_hifa-port_eng_HaifaPort_FinancialStatment_HPC_2019-eng.pdf	files_privatizations_hifa-port_eng_HaifaPort_FinancialStatment_HPC_2019-eng.pdf	58-60	Note 8 Fixed assets, net	ppe_rollforward	Infrastructure and buildings	infrastructure_buildings			cost_transfer_discontinued_ops	-1995.0		NIS_thousands	NIS	year		2019.0		high	yes	yes	yes	Extracted from 2019 annual report fixed-asset table.
HPC_2019_AR_2019_infrastructure_buildings_cost_close	HPC	2019	HPC_2019_AR	files_privatizations_hifa-port_eng_HaifaPort_FinancialStatment_HPC_2019-eng.pdf	files_privatizations_hifa-port_eng_HaifaPort_FinancialStatment_HPC_2019-eng.pdf	58-60	Note 8 Fixed assets, net	ppe_rollforward	Infrastructure and buildings	infrastructure_buildings			cost_close	219773.0		NIS_thousands	NIS	year		2019.0		high	yes	yes	yes	Extracted from 2019 annual report fixed-asset table.
HPC_2019_AR_2019_infrastructure_buildings_accdep_open	HPC	2019	HPC_2019_AR	files_privatizations_hifa-port_eng_HaifaPort_FinancialStatment_HPC_2019-eng.pdf	files_privatizations_hifa-port_eng_HaifaPort_FinancialStatment_HPC_2019-eng.pdf	58-60	Note 8 Fixed assets, net	ppe_rollforward	Infrastructure and buildings	infrastructure_buildings			accdep_open	54530.0		NIS_thousands	NIS	year		2019.0		high	yes	yes	yes	Extracted from 2019 annual report fixed-asset table.
HPC_2019_AR_2019_infrastructure_buildings_accdep_depreciation	HPC	2019	HPC_2019_AR	files_privatizations_hifa-port_eng_HaifaPort_FinancialStatment_HPC_2019-eng.pdf	files_privatizations_hifa-port_eng_HaifaPort_FinancialStatment_HPC_2019-eng.pdf	58-60	Note 8 Fixed assets, net	ppe_rollforward	Infrastructure and buildings	infrastructure_buildings			accdep_depreciation	11570.0		NIS_thousands	NIS	year		2019.0		high	yes	yes	yes	Extracted from 2019 annual report fixed-asset table.
HPC_2019_AR_2019_infrastructure_buildings_accdep_transfers_other	HPC	2019	HPC_2019_AR	files_privatizations_hifa-port_eng_HaifaPort_FinancialStatment_HPC_2019-eng.pdf	files_privatizations_hifa-port_eng_HaifaPort_FinancialStatment_HPC_2019-eng.pdf	58-60	Note 8 Fixed assets, net	ppe_rollforward	Infrastructure and buildings	infrastructure_buildings			accdep_transfers_other	-42.0		NIS_thousands	NIS	year		2019.0		high	yes	yes	yes	Extracted from 2019 annual report fixed-asset table.
HPC_2019_AR_2019_infrastructure_buildings_accdep_disposals	HPC	2019	HPC_2019_AR	files_privatizations_hifa-port_eng_HaifaPort_FinancialStatment_HPC_2019-eng.pdf	files_privatizations_hifa-port_eng_HaifaPort_FinancialStatment_HPC_2019-eng.pdf	58-60	Note 8 Fixed assets, net	ppe_rollforward	Infrastructure and buildings	infrastructure_buildings			accdep_disposals	0.0		NIS_thousands	NIS	year		2019.0		high	yes	yes	yes	Extracted from 2019 annual report fixed-asset table.
HPC_2019_AR_2019_infrastructure_buildings_accdep_transfer_held_for_sale	HPC	2019	HPC_2019_AR	files_privatizations_hifa-port_eng_HaifaPort_FinancialStatment_HPC_2019-eng.pdf	files_privatizations_hifa-port_eng_HaifaPort_FinancialStatment_HPC_2019-eng.pdf	58-60	Note 8 Fixed assets, net	ppe_rollforward	Infrastructure and buildings	infrastructure_buildings			accdep_transfer_held_for_sale	0.0		NIS_thousands	NIS	year		2019.0		high	yes	yes	yes	Extracted from 2019 annual report fixed-asset table.
HPC_2019_AR_2019_infrastructure_buildings_accdep_transfer_discontinued_ops	HPC	2019	HPC_2019_AR	files_privatizations_hifa-port_eng_HaifaPort_FinancialStatment_HPC_2019-eng.pdf	files_privatizations_hifa-port_eng_HaifaPort_FinancialStatment_HPC_2019-eng.pdf	58-60	Note 8 Fixed assets, net	ppe_rollforward	Infrastructure and buildings	infrastructure_buildings			accdep_transfer_discontinued_ops	-776.0		NIS_thousands	NIS	year		2019.0		high	yes	yes	yes	Extracted from 2019 annual report fixed-asset table.
HPC_2019_AR_2019_infrastructure_buildings_accdep_close	HPC	2019	HPC_2019_AR	files_privatizations_hifa-port_eng_HaifaPort_FinancialStatment_HPC_2019-eng.pdf	files_privatizations_hifa-port_eng_HaifaPort_FinancialStatment_HPC_2019-eng.pdf	58-60	Note 8 Fixed assets, net	ppe_rollforward	Infrastructure and buildings	infrastructure_buildings			accdep_close	65282.0		NIS_thousands	NIS	year		2019.0		high	yes	yes	yes	Extracted from 2019 annual report fixed-asset table.
HPC_2019_AR_2019_infrastructure_buildings_net_ppe_close	HPC	2019	HPC_2019_AR	files_privatizations_hifa-port_eng_HaifaPort_FinancialStatment_HPC_2019-eng.pdf	files_privatizations_hifa-port_eng_HaifaPort_FinancialStatment_HPC_2019-eng.pdf	58-60	Note 8 Fixed assets, net	ppe_rollforward	Infrastructure and buildings	infrastructure_buildings			net_ppe_close	154491.0		NIS_thousands	NIS	year		2019.0		high	yes	yes	yes	Extracted from 2019 annual report fixed-asset table.
HPC_2019_AR_2019_equipment_cost_open	HPC	2019	HPC_2019_AR	files_privatizations_hifa-port_eng_HaifaPort_FinancialStatment_HPC_2019-eng.pdf	files_privatizations_hifa-port_eng_HaifaPort_FinancialStatment_HPC_2019-eng.pdf	58-60	Note 8 Fixed assets, net	ppe_rollforward	Equipment	equipment			cost_open	1644353.0		NIS_thousands	NIS	year		2019.0		high	yes	yes	yes	Extracted from 2019 annual report fixed-asset table.
HPC_2019_AR_2019_equipment_cost_additions	HPC	2019	HPC_2019_AR	files_privatizations_hifa-port_eng_HaifaPort_FinancialStatment_HPC_2019-eng.pdf	files_privatizations_hifa-port_eng_HaifaPort_FinancialStatment_HPC_2019-eng.pdf	58-60	Note 8 Fixed assets, net	ppe_rollforward	Equipment	equipment			cost_additions	10870.0		NIS_thousands	NIS	year		2019.0		high	yes	yes	yes	Extracted from 2019 annual report fixed-asset table.
HPC_2019_AR_2019_equipment_cost_transfers_other	HPC	2019	HPC_2019_AR	files_privatizations_hifa-port_eng_HaifaPort_FinancialStatment_HPC_2019-eng.pdf	files_privatizations_hifa-port_eng_HaifaPort_FinancialStatment_HPC_2019-eng.pdf	58-60	Note 8 Fixed assets, net	ppe_rollforward	Equipment	equipment			cost_transfers_other	559.0		NIS_thousands	NIS	year		2019.0		high	yes	yes	yes	Extracted from 2019 annual report fixed-asset table.
HPC_2019_AR_2019_equipment_cost_disposals	HPC	2019	HPC_2019_AR	files_privatizations_hifa-port_eng_HaifaPort_FinancialStatment_HPC_2019-eng.pdf	files_privatizations_hifa-port_eng_HaifaPort_FinancialStatment_HPC_2019-eng.pdf	58-60	Note 8 Fixed assets, net	ppe_rollforward	Equipment	equipment			cost_disposals	-16472.0		NIS_thousands	NIS	year		2019.0		high	yes	yes	yes	Extracted from 2019 annual report fixed-asset table.
HPC_2019_AR_2019_equipment_cost_transfer_held_for_sale	HPC	2019	HPC_2019_AR	files_privatizations_hifa-port_eng_HaifaPort_FinancialStatment_HPC_2019-eng.pdf	files_privatizations_hifa-port_eng_HaifaPort_FinancialStatment_HPC_2019-eng.pdf	58-60	Note 8 Fixed assets, net	ppe_rollforward	Equipment	equipment			cost_transfer_held_for_sale	3448.0		NIS_thousands	NIS	year		2019.0		high	yes	yes	yes	Extracted from 2019 annual report fixed-asset table.
HPC_2019_AR_2019_equipment_cost_impairment_change	HPC	2019	HPC_2019_AR	files_privatizations_hifa-port_eng_HaifaPort_FinancialStatment_HPC_2019-eng.pdf	files_privatizations_hifa-port_eng_HaifaPort_FinancialStatment_HPC_2019-eng.pdf	58-60	Note 8 Fixed assets, net	ppe_rollforward	Equipment	equipment			cost_impairment_change	870.0		NIS_thousands	NIS	year		2019.0		high	yes	yes	yes	Extracted from 2019 annual report fixed-asset table.
HPC_2019_AR_2019_equipment_cost_transfer_discontinued_ops	HPC	2019	HPC_2019_AR	files_privatizations_hifa-port_eng_HaifaPort_FinancialStatment_HPC_2019-eng.pdf	files_privatizations_hifa-port_eng_HaifaPort_FinancialStatment_HPC_2019-eng.pdf	58-60	Note 8 Fixed assets, net	ppe_rollforward	Equipment	equipment			cost_transfer_discontinued_ops	-146856.0		NIS_thousands	NIS	year		2019.0		high	yes	yes	yes	Extracted from 2019 annual report fixed-asset table.
HPC_2019_AR_2019_equipment_cost_close	HPC	2019	HPC_2019_AR	files_privatizations_hifa-port_eng_HaifaPort_FinancialStatment_HPC_2019-eng.pdf	files_privatizations_hifa-port_eng_HaifaPort_FinancialStatment_HPC_2019-eng.pdf	58-60	Note 8 Fixed assets, net	ppe_rollforward	Equipment	equipment			cost_close	1496772.0		NIS_thousands	NIS	year		2019.0		high	yes	yes	yes	Extracted from 2019 annual report fixed-asset table.
HPC_2019_AR_2019_equipment_accdep_open	HPC	2019	HPC_2019_AR	files_privatizations_hifa-port_eng_HaifaPort_FinancialStatment_HPC_2019-eng.pdf	files_privatizations_hifa-port_eng_HaifaPort_FinancialStatment_HPC_2019-eng.pdf	58-60	Note 8 Fixed assets, net	ppe_rollforward	Equipment	equipment			accdep_open	708386.0		NIS_thousands	NIS	year		2019.0		high	yes	yes	yes	Extracted from 2019 annual report fixed-asset table.
HPC_2019_AR_2019_equipment_accdep_depreciation	HPC	2019	HPC_2019_AR	files_privatizations_hifa-port_eng_HaifaPort_FinancialStatment_HPC_2019-eng.pdf	files_privatizations_hifa-port_eng_HaifaPort_FinancialStatment_HPC_2019-eng.pdf	58-60	Note 8 Fixed assets, net	ppe_rollforward	Equipment	equipment			accdep_depreciation	56277.0		NIS_thousands	NIS	year		2019.0		high	yes	yes	yes	Extracted from 2019 annual report fixed-asset table.
HPC_2019_AR_2019_equipment_accdep_transfers_other	HPC	2019	HPC_2019_AR	files_privatizations_hifa-port_eng_HaifaPort_FinancialStatment_HPC_2019-eng.pdf	files_privatizations_hifa-port_eng_HaifaPort_FinancialStatment_HPC_2019-eng.pdf	58-60	Note 8 Fixed assets, net	ppe_rollforward	Equipment	equipment			accdep_transfers_other	-630.0		NIS_thousands	NIS	year		2019.0		high	yes	yes	yes	Extracted from 2019 annual report fixed-asset table.
HPC_2019_AR_2019_equipment_accdep_disposals	HPC	2019	HPC_2019_AR	files_privatizations_hifa-port_eng_HaifaPort_FinancialStatment_HPC_2019-eng.pdf	files_privatizations_hifa-port_eng_HaifaPort_FinancialStatment_HPC_2019-eng.pdf	58-60	Note 8 Fixed assets, net	ppe_rollforward	Equipment	equipment			accdep_disposals	-15208.0		NIS_thousands	NIS	year		2019.0		high	yes	yes	yes	Extracted from 2019 annual report fixed-asset table.
HPC_2019_AR_2019_equipment_accdep_transfer_held_for_sale	HPC	2019	HPC_2019_AR	files_privatizations_hifa-port_eng_HaifaPort_FinancialStatment_HPC_2019-eng.pdf	files_privatizations_hifa-port_eng_HaifaPort_FinancialStatment_HPC_2019-eng.pdf	58-60	Note 8 Fixed assets, net	ppe_rollforward	Equipment	equipment			accdep_transfer_held_for_sale	3300.0		NIS_thousands	NIS	year		2019.0		high	yes	yes	yes	Extracted from 2019 annual report fixed-asset table.
HPC_2019_AR_2019_equipment_accdep_transfer_discontinued_ops	HPC	2019	HPC_2019_AR	files_privatizations_hifa-port_eng_HaifaPort_FinancialStatment_HPC_2019-eng.pdf	files_privatizations_hifa-port_eng_HaifaPort_FinancialStatment_HPC_2019-eng.pdf	58-60	Note 8 Fixed assets, net	ppe_rollforward	Equipment	equipment			accdep_transfer_discontinued_ops	-42572.0		NIS_thousands	NIS	year		2019.0		high	yes	yes	yes	Extracted from 2019 annual report fixed-asset table.
HPC_2019_AR_2019_equipment_accdep_close	HPC	2019	HPC_2019_AR	files_privatizations_hifa-port_eng_HaifaPort_FinancialStatment_HPC_2019-eng.pdf	files_privatizations_hifa-port_eng_HaifaPort_FinancialStatment_HPC_2019-eng.pdf	58-60	Note 8 Fixed assets, net	ppe_rollforward	Equipment	equipment			accdep_close	709553.0		NIS_thousands	NIS	year		2019.0		high	yes	yes	yes	Extracted from 2019 annual report fixed-asset table.
HPC_2019_AR_2019_equipment_net_ppe_close	HPC	2019	HPC_2019_AR	files_privatizations_hifa-port_eng_HaifaPort_FinancialStatment_HPC_2019-eng.pdf	files_privatizations_hifa-port_eng_HaifaPort_FinancialStatment_HPC_2019-eng.pdf	58-60	Note 8 Fixed assets, net	ppe_rollforward	Equipment	equipment			net_ppe_close	787219.0		NIS_thousands	NIS	year		2019.0		high	yes	yes	yes	Extracted from 2019 annual report fixed-asset table.
HPC_2019_AR_2019_spare_parts_over_15000_cost_open	HPC	2019	HPC_2019_AR	files_privatizations_hifa-port_eng_HaifaPort_FinancialStatment_HPC_2019-eng.pdf	files_privatizations_hifa-port_eng_HaifaPort_FinancialStatment_HPC_2019-eng.pdf	58-60	Note 8 Fixed assets, net	ppe_rollforward	Spare parts inventory over NIS 15,000 per item	spare_parts_over_15000			cost_open	39009.0		NIS_thousands	NIS	year		2019.0		high	yes	yes	yes	Extracted from 2019 annual report fixed-asset table.
HPC_2019_AR_2019_spare_parts_over_15000_cost_additions	HPC	2019	HPC_2019_AR	files_privatizations_hifa-port_eng_HaifaPort_FinancialStatment_HPC_2019-eng.pdf	files_privatizations_hifa-port_eng_HaifaPort_FinancialStatment_HPC_2019-eng.pdf	58-60	Note 8 Fixed assets, net	ppe_rollforward	Spare parts inventory over NIS 15,000 per item	spare_parts_over_15000			cost_additions	1894.0		NIS_thousands	NIS	year		2019.0		high	yes	yes	yes	Extracted from 2019 annual report fixed-asset table.
HPC_2019_AR_2019_spare_parts_over_15000_cost_transfers_other	HPC	2019	HPC_2019_AR	files_privatizations_hifa-port_eng_HaifaPort_FinancialStatment_HPC_2019-eng.pdf	files_privatizations_hifa-port_eng_HaifaPort_FinancialStatment_HPC_2019-eng.pdf	58-60	Note 8 Fixed assets, net	ppe_rollforward	Spare parts inventory over NIS 15,000 per item	spare_parts_over_15000			cost_transfers_other	-1077.0		NIS_thousands	NIS	year		2019.0		high	yes	yes	yes	Extracted from 2019 annual report fixed-asset table.
HPC_2019_AR_2019_spare_parts_over_15000_cost_disposals	HPC	2019	HPC_2019_AR	files_privatizations_hifa-port_eng_HaifaPort_FinancialStatment_HPC_2019-eng.pdf	files_privatizations_hifa-port_eng_HaifaPort_FinancialStatment_HPC_2019-eng.pdf	58-60	Note 8 Fixed assets, net	ppe_rollforward	Spare parts inventory over NIS 15,000 per item	spare_parts_over_15000			cost_disposals	-104.0		NIS_thousands	NIS	year		2019.0		high	yes	yes	yes	Extracted from 2019 annual report fixed-asset table.
HPC_2019_AR_2019_spare_parts_over_15000_cost_transfer_held_for_sale	HPC	2019	HPC_2019_AR	files_privatizations_hifa-port_eng_HaifaPort_FinancialStatment_HPC_2019-eng.pdf	files_privatizations_hifa-port_eng_HaifaPort_FinancialStatment_HPC_2019-eng.pdf	58-60	Note 8 Fixed assets, net	ppe_rollforward	Spare parts inventory over NIS 15,000 per item	spare_parts_over_15000			cost_transfer_held_for_sale	0.0		NIS_thousands	NIS	year		2019.0		high	yes	yes	yes	Extracted from 2019 annual report fixed-asset table.
HPC_2019_AR_2019_spare_parts_over_15000_cost_impairment_change	HPC	2019	HPC_2019_AR	files_privatizations_hifa-port_eng_HaifaPort_FinancialStatment_HPC_2019-eng.pdf	files_privatizations_hifa-port_eng_HaifaPort_FinancialStatment_HPC_2019-eng.pdf	58-60	Note 8 Fixed assets, net	ppe_rollforward	Spare parts inventory over NIS 15,000 per item	spare_parts_over_15000			cost_impairment_change	0.0		NIS_thousands	NIS	year		2019.0		high	yes	yes	yes	Extracted from 2019 annual report fixed-asset table.
HPC_2019_AR_2019_spare_parts_over_15000_cost_transfer_discontinued_ops	HPC	2019	HPC_2019_AR	files_privatizations_hifa-port_eng_HaifaPort_FinancialStatment_HPC_2019-eng.pdf	files_privatizations_hifa-port_eng_HaifaPort_FinancialStatment_HPC_2019-eng.pdf	58-60	Note 8 Fixed assets, net	ppe_rollforward	Spare parts inventory over NIS 15,000 per item	spare_parts_over_15000			cost_transfer_discontinued_ops	-1737.0		NIS_thousands	NIS	year		2019.0		high	yes	yes	yes	Extracted from 2019 annual report fixed-asset table.
HPC_2019_AR_2019_spare_parts_over_15000_cost_close	HPC	2019	HPC_2019_AR	files_privatizations_hifa-port_eng_HaifaPort_FinancialStatment_HPC_2019-eng.pdf	files_privatizations_hifa-port_eng_HaifaPort_FinancialStatment_HPC_2019-eng.pdf	58-60	Note 8 Fixed assets, net	ppe_rollforward	Spare parts inventory over NIS 15,000 per item	spare_parts_over_15000			cost_close	37985.0		NIS_thousands	NIS	year		2019.0		high	yes	yes	yes	Extracted from 2019 annual report fixed-asset table.
HPC_2019_AR_2019_spare_parts_over_15000_accdep_open	HPC	2019	HPC_2019_AR	files_privatizations_hifa-port_eng_HaifaPort_FinancialStatment_HPC_2019-eng.pdf	files_privatizations_hifa-port_eng_HaifaPort_FinancialStatment_HPC_2019-eng.pdf	58-60	Note 8 Fixed assets, net	ppe_rollforward	Spare parts inventory over NIS 15,000 per item	spare_parts_over_15000			accdep_open	7349.0		NIS_thousands	NIS	year		2019.0		high	yes	yes	yes	Extracted from 2019 annual report fixed-asset table.
HPC_2019_AR_2019_spare_parts_over_15000_accdep_depreciation	HPC	2019	HPC_2019_AR	files_privatizations_hifa-port_eng_HaifaPort_FinancialStatment_HPC_2019-eng.pdf	files_privatizations_hifa-port_eng_HaifaPort_FinancialStatment_HPC_2019-eng.pdf	58-60	Note 8 Fixed assets, net	ppe_rollforward	Spare parts inventory over NIS 15,000 per item	spare_parts_over_15000			accdep_depreciation	0.0		NIS_thousands	NIS	year		2019.0		high	yes	yes	yes	Extracted from 2019 annual report fixed-asset table.
HPC_2019_AR_2019_spare_parts_over_15000_accdep_transfers_other	HPC	2019	HPC_2019_AR	files_privatizations_hifa-port_eng_HaifaPort_FinancialStatment_HPC_2019-eng.pdf	files_privatizations_hifa-port_eng_HaifaPort_FinancialStatment_HPC_2019-eng.pdf	58-60	Note 8 Fixed assets, net	ppe_rollforward	Spare parts inventory over NIS 15,000 per item	spare_parts_over_15000			accdep_transfers_other	125.0		NIS_thousands	NIS	year		2019.0		high	yes	yes	yes	Extracted from 2019 annual report fixed-asset table.
HPC_2019_AR_2019_spare_parts_over_15000_accdep_disposals	HPC	2019	HPC_2019_AR	files_privatizations_hifa-port_eng_HaifaPort_FinancialStatment_HPC_2019-eng.pdf	files_privatizations_hifa-port_eng_HaifaPort_FinancialStatment_HPC_2019-eng.pdf	58-60	Note 8 Fixed assets, net	ppe_rollforward	Spare parts inventory over NIS 15,000 per item	spare_parts_over_15000			accdep_disposals	0.0		NIS_thousands	NIS	year		2019.0		high	yes	yes	yes	Extracted from 2019 annual report fixed-asset table.
HPC_2019_AR_2019_spare_parts_over_15000_accdep_transfer_held_for_sale	HPC	2019	HPC_2019_AR	files_privatizations_hifa-port_eng_HaifaPort_FinancialStatment_HPC_2019-eng.pdf	files_privatizations_hifa-port_eng_HaifaPort_FinancialStatment_HPC_2019-eng.pdf	58-60	Note 8 Fixed assets, net	ppe_rollforward	Spare parts inventory over NIS 15,000 per item	spare_parts_over_15000			accdep_transfer_held_for_sale	0.0		NIS_thousands	NIS	year		2019.0		high	yes	yes	yes	Extracted from 2019 annual report fixed-asset table.
HPC_2019_AR_2019_spare_parts_over_15000_accdep_transfer_discontinued_ops	HPC	2019	HPC_2019_AR	files_privatizations_hifa-port_eng_HaifaPort_FinancialStatment_HPC_2019-eng.pdf	files_privatizations_hifa-port_eng_HaifaPort_FinancialStatment_HPC_2019-eng.pdf	58-60	Note 8 Fixed assets, net	ppe_rollforward	Spare parts inventory over NIS 15,000 per item	spare_parts_over_15000			accdep_transfer_discontinued_ops	-263.0		NIS_thousands	NIS	year		2019.0		high	yes	yes	yes	Extracted from 2019 annual report fixed-asset table.
HPC_2019_AR_2019_spare_parts_over_15000_accdep_close	HPC	2019	HPC_2019_AR	files_privatizations_hifa-port_eng_HaifaPort_FinancialStatment_HPC_2019-eng.pdf	files_privatizations_hifa-port_eng_HaifaPort_FinancialStatment_HPC_2019-eng.pdf	58-60	Note 8 Fixed assets, net	ppe_rollforward	Spare parts inventory over NIS 15,000 per item	spare_parts_over_15000			accdep_close	7211.0		NIS_thousands	NIS	year		2019.0		high	yes	yes	yes	Extracted from 2019 annual report fixed-asset table.
HPC_2019_AR_2019_spare_parts_over_15000_net_ppe_close	HPC	2019	HPC_2019_AR	files_privatizations_hifa-port_eng_HaifaPort_FinancialStatment_HPC_2019-eng.pdf	files_privatizations_hifa-port_eng_HaifaPort_FinancialStatment_HPC_2019-eng.pdf	58-60	Note 8 Fixed assets, net	ppe_rollforward	Spare parts inventory over NIS 15,000 per item	spare_parts_over_15000			net_ppe_close	30774.0		NIS_thousands	NIS	year		2019.0		high	yes	yes	yes	Extracted from 2019 annual report fixed-asset table.
HPC_2019_AR_2019_spare_parts_under_15000_cost_open	HPC	2019	HPC_2019_AR	files_privatizations_hifa-port_eng_HaifaPort_FinancialStatment_HPC_2019-eng.pdf	files_privatizations_hifa-port_eng_HaifaPort_FinancialStatment_HPC_2019-eng.pdf	58-60	Note 8 Fixed assets, net	ppe_rollforward	Spare parts inventory up to NIS 15,000 per item	spare_parts_under_15000			cost_open	38201.0		NIS_thousands	NIS	year		2019.0		high	yes	yes	yes	Extracted from 2019 annual report fixed-asset table.
HPC_2019_AR_2019_spare_parts_under_15000_cost_additions	HPC	2019	HPC_2019_AR	files_privatizations_hifa-port_eng_HaifaPort_FinancialStatment_HPC_2019-eng.pdf	files_privatizations_hifa-port_eng_HaifaPort_FinancialStatment_HPC_2019-eng.pdf	58-60	Note 8 Fixed assets, net	ppe_rollforward	Spare parts inventory up to NIS 15,000 per item	spare_parts_under_15000			cost_additions	3276.0		NIS_thousands	NIS	year		2019.0		high	yes	yes	yes	Extracted from 2019 annual report fixed-asset table.
HPC_2019_AR_2019_spare_parts_under_15000_cost_transfers_other	HPC	2019	HPC_2019_AR	files_privatizations_hifa-port_eng_HaifaPort_FinancialStatment_HPC_2019-eng.pdf	files_privatizations_hifa-port_eng_HaifaPort_FinancialStatment_HPC_2019-eng.pdf	58-60	Note 8 Fixed assets, net	ppe_rollforward	Spare parts inventory up to NIS 15,000 per item	spare_parts_under_15000			cost_transfers_other	0.0		NIS_thousands	NIS	year		2019.0		high	yes	yes	yes	Extracted from 2019 annual report fixed-asset table.
HPC_2019_AR_2019_spare_parts_under_15000_cost_disposals	HPC	2019	HPC_2019_AR	files_privatizations_hifa-port_eng_HaifaPort_FinancialStatment_HPC_2019-eng.pdf	files_privatizations_hifa-port_eng_HaifaPort_FinancialStatment_HPC_2019-eng.pdf	58-60	Note 8 Fixed assets, net	ppe_rollforward	Spare parts inventory up to NIS 15,000 per item	spare_parts_under_15000			cost_disposals	0.0		NIS_thousands	NIS	year		2019.0		high	yes	yes	yes	Extracted from 2019 annual report fixed-asset table.
HPC_2019_AR_2019_spare_parts_under_15000_cost_transfer_held_for_sale	HPC	2019	HPC_2019_AR	files_privatizations_hifa-port_eng_HaifaPort_FinancialStatment_HPC_2019-eng.pdf	files_privatizations_hifa-port_eng_HaifaPort_FinancialStatment_HPC_2019-eng.pdf	58-60	Note 8 Fixed assets, net	ppe_rollforward	Spare parts inventory up to NIS 15,000 per item	spare_parts_under_15000			cost_transfer_held_for_sale	0.0		NIS_thousands	NIS	year		2019.0		high	yes	yes	yes	Extracted from 2019 annual report fixed-asset table.
HPC_2019_AR_2019_spare_parts_under_15000_cost_impairment_change	HPC	2019	HPC_2019_AR	files_privatizations_hifa-port_eng_HaifaPort_FinancialStatment_HPC_2019-eng.pdf	files_privatizations_hifa-port_eng_HaifaPort_FinancialStatment_HPC_2019-eng.pdf	58-60	Note 8 Fixed assets, net	ppe_rollforward	Spare parts inventory up to NIS 15,000 per item	spare_parts_under_15000			cost_impairment_change	0.0		NIS_thousands	NIS	year		2019.0		high	yes	yes	yes	Extracted from 2019 annual report fixed-asset table.
HPC_2019_AR_2019_spare_parts_under_15000_cost_transfer_discontinued_ops	HPC	2019	HPC_2019_AR	files_privatizations_hifa-port_eng_HaifaPort_FinancialStatment_HPC_2019-eng.pdf	files_privatizations_hifa-port_eng_HaifaPort_FinancialStatment_HPC_2019-eng.pdf	58-60	Note 8 Fixed assets, net	ppe_rollforward	Spare parts inventory up to NIS 15,000 per item	spare_parts_under_15000			cost_transfer_discontinued_ops	-3320.0		NIS_thousands	NIS	year		2019.0		high	yes	yes	yes	Extracted from 2019 annual report fixed-asset table.
HPC_2019_AR_2019_spare_parts_under_15000_cost_close	HPC	2019	HPC_2019_AR	files_privatizations_hifa-port_eng_HaifaPort_FinancialStatment_HPC_2019-eng.pdf	files_privatizations_hifa-port_eng_HaifaPort_FinancialStatment_HPC_2019-eng.pdf	58-60	Note 8 Fixed assets, net	ppe_rollforward	Spare parts inventory up to NIS 15,000 per item	spare_parts_under_15000			cost_close	38157.0		NIS_thousands	NIS	year		2019.0		high	yes	yes	yes	Extracted from 2019 annual report fixed-asset table.
HPC_2019_AR_2019_spare_parts_under_15000_accdep_open	HPC	2019	HPC_2019_AR	files_privatizations_hifa-port_eng_HaifaPort_FinancialStatment_HPC_2019-eng.pdf	files_privatizations_hifa-port_eng_HaifaPort_FinancialStatment_HPC_2019-eng.pdf	58-60	Note 8 Fixed assets, net	ppe_rollforward	Spare parts inventory up to NIS 15,000 per item	spare_parts_under_15000			accdep_open	0.0		NIS_thousands	NIS	year		2019.0		high	yes	yes	yes	Extracted from 2019 annual report fixed-asset table.
HPC_2019_AR_2019_spare_parts_under_15000_accdep_depreciation	HPC	2019	HPC_2019_AR	files_privatizations_hifa-port_eng_HaifaPort_FinancialStatment_HPC_2019-eng.pdf	files_privatizations_hifa-port_eng_HaifaPort_FinancialStatment_HPC_2019-eng.pdf	58-60	Note 8 Fixed assets, net	ppe_rollforward	Spare parts inventory up to NIS 15,000 per item	spare_parts_under_15000			accdep_depreciation	0.0		NIS_thousands	NIS	year		2019.0		high	yes	yes	yes	Extracted from 2019 annual report fixed-asset table.
HPC_2019_AR_2019_spare_parts_under_15000_accdep_transfers_other	HPC	2019	HPC_2019_AR	files_privatizations_hifa-port_eng_HaifaPort_FinancialStatment_HPC_2019-eng.pdf	files_privatizations_hifa-port_eng_HaifaPort_FinancialStatment_HPC_2019-eng.pdf	58-60	Note 8 Fixed assets, net	ppe_rollforward	Spare parts inventory up to NIS 15,000 per item	spare_parts_under_15000			accdep_transfers_other	0.0		NIS_thousands	NIS	year		2019.0		high	yes	yes	yes	Extracted from 2019 annual report fixed-asset table.
HPC_2019_AR_2019_spare_parts_under_15000_accdep_disposals	HPC	2019	HPC_2019_AR	files_privatizations_hifa-port_eng_HaifaPort_FinancialStatment_HPC_2019-eng.pdf	files_privatizations_hifa-port_eng_HaifaPort_FinancialStatment_HPC_2019-eng.pdf	58-60	Note 8 Fixed assets, net	ppe_rollforward	Spare parts inventory up to NIS 15,000 per item	spare_parts_under_15000			accdep_disposals	0.0		NIS_thousands	NIS	year		2019.0		high	yes	yes	yes	Extracted from 2019 annual report fixed-asset table.
HPC_2019_AR_2019_spare_parts_under_15000_accdep_transfer_held_for_sale	HPC	2019	HPC_2019_AR	files_privatizations_hifa-port_eng_HaifaPort_FinancialStatment_HPC_2019-eng.pdf	files_privatizations_hifa-port_eng_HaifaPort_FinancialStatment_HPC_2019-eng.pdf	58-60	Note 8 Fixed assets, net	ppe_rollforward	Spare parts inventory up to NIS 15,000 per item	spare_parts_under_15000			accdep_transfer_held_for_sale	0.0		NIS_thousands	NIS	year		2019.0		high	yes	yes	yes	Extracted from 2019 annual report fixed-asset table.
HPC_2019_AR_2019_spare_parts_under_15000_accdep_transfer_discontinued_ops	HPC	2019	HPC_2019_AR	files_privatizations_hifa-port_eng_HaifaPort_FinancialStatment_HPC_2019-eng.pdf	files_privatizations_hifa-port_eng_HaifaPort_FinancialStatment_HPC_2019-eng.pdf	58-60	Note 8 Fixed assets, net	ppe_rollforward	Spare parts inventory up to NIS 15,000 per item	spare_parts_under_15000			accdep_transfer_discontinued_ops	0.0		NIS_thousands	NIS	year		2019.0		high	yes	yes	yes	Extracted from 2019 annual report fixed-asset table.
HPC_2019_AR_2019_spare_parts_under_15000_accdep_close	HPC	2019	HPC_2019_AR	files_privatizations_hifa-port_eng_HaifaPort_FinancialStatment_HPC_2019-eng.pdf	files_privatizations_hifa-port_eng_HaifaPort_FinancialStatment_HPC_2019-eng.pdf	58-60	Note 8 Fixed assets, net	ppe_rollforward	Spare parts inventory up to NIS 15,000 per item	spare_parts_under_15000			accdep_close	0.0		NIS_thousands	NIS	year		2019.0		high	yes	yes	yes	Extracted from 2019 annual report fixed-asset table.
HPC_2019_AR_2019_spare_parts_under_15000_net_ppe_close	HPC	2019	HPC_2019_AR	files_privatizations_hifa-port_eng_HaifaPort_FinancialStatment_HPC_2019-eng.pdf	files_privatizations_hifa-port_eng_HaifaPort_FinancialStatment_HPC_2019-eng.pdf	58-60	Note 8 Fixed assets, net	ppe_rollforward	Spare parts inventory up to NIS 15,000 per item	spare_parts_under_15000			net_ppe_close	38157.0		NIS_thousands	NIS	year		2019.0		high	yes	yes	yes	Extracted from 2019 annual report fixed-asset table.
HPC_2019_AR_2019_payments_on_account_fixed_assets	HPC	2019	HPC_2019_AR	files_privatizations_hifa-port_eng_HaifaPort_FinancialStatment_HPC_2019-eng.pdf	files_privatizations_hifa-port_eng_HaifaPort_FinancialStatment_HPC_2019-eng.pdf	59.0	Note 8(c) payments on account of purchase of fixed assets	wip_indicator					payments_on_account_purchase_fixed_assets	4486.0		NIS_thousands	NIS	year		2019.0		high	no	no	yes	Cost as of Dec 31 2019 includes payments on account for purchase of fixed assets; useful as WIP/CIP-like timing signal.
HPC_2019_AR_2019_cum_accounting_depreciation	HPC	2019	HPC_2019_AR	files_privatizations_hifa-port_eng_HaifaPort_FinancialStatment_HPC_2019-eng.pdf	files_privatizations_hifa-port_eng_HaifaPort_FinancialStatment_HPC_2019-eng.pdf	60.0	Note 8(d) asset renewal fund	renewal_fund_note					cumulative_accounting_depreciation_since_commencement	1117892.0		NIS_thousands	NIS	year		2019.0		medium	no	no	no	Cumulative accounting depreciation from commencement through 2019.
HPC_2019_AR_2019_cum_investment_for_renewal	HPC	2019	HPC_2019_AR	files_privatizations_hifa-port_eng_HaifaPort_FinancialStatment_HPC_2019-eng.pdf	files_privatizations_hifa-port_eng_HaifaPort_FinancialStatment_HPC_2019-eng.pdf	60.0	Note 8(d) asset renewal fund	renewal_fund_note					cumulative_investment_for_renewal_replacement_acquisition_since_commencement	1642007.0		NIS_thousands	NIS	year		2019.0		medium	no	no	no	Cumulative investment for renewal/replacement/acquisition from commencement through 2019.
HPC_2019_AR_2019_held_for_sale_balance	HPC	2019	HPC_2019_AR	files_privatizations_hifa-port_eng_HaifaPort_FinancialStatment_HPC_2019-eng.pdf	files_privatizations_hifa-port_eng_HaifaPort_FinancialStatment_HPC_2019-eng.pdf	60.0	Note 8(e) non-current assets held for sale	held_for_sale_note		held_for_sale_operational_equipment			held_for_sale_asset_balance	12.0		NIS_thousands	NIS	year		2019.0		medium	no	no	no	Realization group balance at Dec 31 2019.
HPC_2019_AR_2019_held_for_sale_remeasurement_gain	HPC	2019	HPC_2019_AR	files_privatizations_hifa-port_eng_HaifaPort_FinancialStatment_HPC_2019-eng.pdf	files_privatizations_hifa-port_eng_HaifaPort_FinancialStatment_HPC_2019-eng.pdf	60.0	Note 8(e) non-current assets held for sale	held_for_sale_note		held_for_sale_operational_equipment			held_for_sale_remeasurement_gain	871.0		NIS_thousands	NIS	year		2019.0		medium	no	no	no	Gain from remeasurement of held-for-sale operational equipment.
HPC_2019_AR_2019_discontinued_ops_fixed_assets	HPC	2019	HPC_2019_AR	files_privatizations_hifa-port_eng_HaifaPort_FinancialStatment_HPC_2019-eng.pdf	files_privatizations_hifa-port_eng_HaifaPort_FinancialStatment_HPC_2019-eng.pdf	98.0	Note 25 discontinued operations	discontinued_ops_note	Marine Department	marine_department_assets			discontinued_ops_fixed_assets_net	110298.0		NIS_thousands	NIS	year		2019.0		high	no	no	yes	Marine Department fixed assets presented in discontinued operations; useful for tracking sea-department transfer out of HPC.
HPC_2019_AR_2019_infrastructure_buildings_structures_annual_depreciation_rate_main_pct	HPC	2019	HPC_2019_AR	files_privatizations_hifa-port_eng_HaifaPort_FinancialStatment_HPC_2019-eng.pdf	files_privatizations_hifa-port_eng_HaifaPort_FinancialStatment_HPC_2019-eng.pdf	44.0	Note 2(l) depreciation rates	dep_policy	Structures	infrastructure_buildings_structures			annual_depreciation_rate_main_pct	5.0		percent		year		2019.0		high	no	no	no	2019 annual report depreciation-rate disclosure.
HPC_2019_AR_2019_infrastructure_buildings_structures_annual_depreciation_rate_low_pct	HPC	2019	HPC_2019_AR	files_privatizations_hifa-port_eng_HaifaPort_FinancialStatment_HPC_2019-eng.pdf	files_privatizations_hifa-port_eng_HaifaPort_FinancialStatment_HPC_2019-eng.pdf	44.0	Note 2(l) depreciation rates	dep_policy	Structures	infrastructure_buildings_structures			annual_depreciation_rate_low_pct	5.0		percent		year		2019.0		high	no	no	no	2019 annual report depreciation-rate disclosure.
HPC_2019_AR_2019_infrastructure_buildings_structures_annual_depreciation_rate_high_pct	HPC	2019	HPC_2019_AR	files_privatizations_hifa-port_eng_HaifaPort_FinancialStatment_HPC_2019-eng.pdf	files_privatizations_hifa-port_eng_HaifaPort_FinancialStatment_HPC_2019-eng.pdf	44.0	Note 2(l) depreciation rates	dep_policy	Structures	infrastructure_buildings_structures			annual_depreciation_rate_high_pct	5.0		percent		year		2019.0		high	no	no	no	2019 annual report depreciation-rate disclosure.
HPC_2019_AR_2019_infrastructure_buildings_infrastructure_annual_depreciation_rate_main_pct	HPC	2019	HPC_2019_AR	files_privatizations_hifa-port_eng_HaifaPort_FinancialStatment_HPC_2019-eng.pdf	files_privatizations_hifa-port_eng_HaifaPort_FinancialStatment_HPC_2019-eng.pdf	44.0	Note 2(l) depreciation rates	dep_policy	Infrastructure	infrastructure_buildings_infrastructure			annual_depreciation_rate_main_pct	5.0		percent		year		2019.0		high	no	no	no	2019 annual report depreciation-rate disclosure.
HPC_2019_AR_2019_infrastructure_buildings_infrastructure_annual_depreciation_rate_low_pct	HPC	2019	HPC_2019_AR	files_privatizations_hifa-port_eng_HaifaPort_FinancialStatment_HPC_2019-eng.pdf	files_privatizations_hifa-port_eng_HaifaPort_FinancialStatment_HPC_2019-eng.pdf	44.0	Note 2(l) depreciation rates	dep_policy	Infrastructure	infrastructure_buildings_infrastructure			annual_depreciation_rate_low_pct	5.0		percent		year		2019.0		high	no	no	no	2019 annual report depreciation-rate disclosure.
HPC_2019_AR_2019_infrastructure_buildings_infrastructure_annual_depreciation_rate_high_pct	HPC	2019	HPC_2019_AR	files_privatizations_hifa-port_eng_HaifaPort_FinancialStatment_HPC_2019-eng.pdf	files_privatizations_hifa-port_eng_HaifaPort_FinancialStatment_HPC_2019-eng.pdf	44.0	Note 2(l) depreciation rates	dep_policy	Infrastructure	infrastructure_buildings_infrastructure			annual_depreciation_rate_high_pct	5.0		percent		year		2019.0		high	no	no	no	2019 annual report depreciation-rate disclosure.
HPC_2019_AR_2019_cranes_annual_depreciation_rate_main_pct	HPC	2019	HPC_2019_AR	files_privatizations_hifa-port_eng_HaifaPort_FinancialStatment_HPC_2019-eng.pdf	files_privatizations_hifa-port_eng_HaifaPort_FinancialStatment_HPC_2019-eng.pdf	44.0	Note 2(l) depreciation rates	dep_policy	Cranes	cranes			annual_depreciation_rate_main_pct	3.0		percent		year		2019.0		high	no	no	no	2019 annual report depreciation-rate disclosure.
HPC_2019_AR_2019_cranes_annual_depreciation_rate_low_pct	HPC	2019	HPC_2019_AR	files_privatizations_hifa-port_eng_HaifaPort_FinancialStatment_HPC_2019-eng.pdf	files_privatizations_hifa-port_eng_HaifaPort_FinancialStatment_HPC_2019-eng.pdf	44.0	Note 2(l) depreciation rates	dep_policy	Cranes	cranes			annual_depreciation_rate_low_pct	3.0		percent		year		2019.0		high	no	no	no	2019 annual report depreciation-rate disclosure.
HPC_2019_AR_2019_cranes_annual_depreciation_rate_high_pct	HPC	2019	HPC_2019_AR	files_privatizations_hifa-port_eng_HaifaPort_FinancialStatment_HPC_2019-eng.pdf	files_privatizations_hifa-port_eng_HaifaPort_FinancialStatment_HPC_2019-eng.pdf	44.0	Note 2(l) depreciation rates	dep_policy	Cranes	cranes			annual_depreciation_rate_high_pct	5.0		percent		year		2019.0		high	no	no	no	2019 annual report depreciation-rate disclosure.
HPC_2019_AR_2019_trailers_carts_compressors_annual_depreciation_rate_main_pct	HPC	2019	HPC_2019_AR	files_privatizations_hifa-port_eng_HaifaPort_FinancialStatment_HPC_2019-eng.pdf	files_privatizations_hifa-port_eng_HaifaPort_FinancialStatment_HPC_2019-eng.pdf	44.0	Note 2(l) depreciation rates	dep_policy	Trailers carts and compressors	trailers_carts_compressors			annual_depreciation_rate_main_pct	8.3		percent		year		2019.0		high	no	no	no	2019 annual report depreciation-rate disclosure.
HPC_2019_AR_2019_trailers_carts_compressors_annual_depreciation_rate_low_pct	HPC	2019	HPC_2019_AR	files_privatizations_hifa-port_eng_HaifaPort_FinancialStatment_HPC_2019-eng.pdf	files_privatizations_hifa-port_eng_HaifaPort_FinancialStatment_HPC_2019-eng.pdf	44.0	Note 2(l) depreciation rates	dep_policy	Trailers carts and compressors	trailers_carts_compressors			annual_depreciation_rate_low_pct	5.0		percent		year		2019.0		high	no	no	no	2019 annual report depreciation-rate disclosure.
HPC_2019_AR_2019_trailers_carts_compressors_annual_depreciation_rate_high_pct	HPC	2019	HPC_2019_AR	files_privatizations_hifa-port_eng_HaifaPort_FinancialStatment_HPC_2019-eng.pdf	files_privatizations_hifa-port_eng_HaifaPort_FinancialStatment_HPC_2019-eng.pdf	44.0	Note 2(l) depreciation rates	dep_policy	Trailers carts and compressors	trailers_carts_compressors			annual_depreciation_rate_high_pct	12.5		percent		year		2019.0		high	no	no	no	2019 annual report depreciation-rate disclosure.
HPC_2019_AR_2019_vessels_annual_depreciation_rate_main_pct	HPC	2019	HPC_2019_AR	files_privatizations_hifa-port_eng_HaifaPort_FinancialStatment_HPC_2019-eng.pdf	files_privatizations_hifa-port_eng_HaifaPort_FinancialStatment_HPC_2019-eng.pdf	44.0	Note 2(l) depreciation rates	dep_policy	Vessels	vessels			annual_depreciation_rate_main_pct	4.0		percent		year		2019.0		high	no	no	no	2019 annual report depreciation-rate disclosure.
HPC_2019_AR_2019_vessels_annual_depreciation_rate_low_pct	HPC	2019	HPC_2019_AR	files_privatizations_hifa-port_eng_HaifaPort_FinancialStatment_HPC_2019-eng.pdf	files_privatizations_hifa-port_eng_HaifaPort_FinancialStatment_HPC_2019-eng.pdf	44.0	Note 2(l) depreciation rates	dep_policy	Vessels	vessels			annual_depreciation_rate_low_pct	4.0		percent		year		2019.0		high	no	no	no	2019 annual report depreciation-rate disclosure.
HPC_2019_AR_2019_vessels_annual_depreciation_rate_high_pct	HPC	2019	HPC_2019_AR	files_privatizations_hifa-port_eng_HaifaPort_FinancialStatment_HPC_2019-eng.pdf	files_privatizations_hifa-port_eng_HaifaPort_FinancialStatment_HPC_2019-eng.pdf	44.0	Note 2(l) depreciation rates	dep_policy	Vessels	vessels			annual_depreciation_rate_high_pct	4.0		percent		year		2019.0		high	no	no	no	2019 annual report depreciation-rate disclosure.
HPC_2019_AR_2019_vehicles_annual_depreciation_rate_main_pct	HPC	2019	HPC_2019_AR	files_privatizations_hifa-port_eng_HaifaPort_FinancialStatment_HPC_2019-eng.pdf	files_privatizations_hifa-port_eng_HaifaPort_FinancialStatment_HPC_2019-eng.pdf	44.0	Note 2(l) depreciation rates	dep_policy	Vehicles	vehicles			annual_depreciation_rate_main_pct	15.0		percent		year		2019.0		high	no	no	no	2019 annual report depreciation-rate disclosure.
HPC_2019_AR_2019_vehicles_annual_depreciation_rate_low_pct	HPC	2019	HPC_2019_AR	files_privatizations_hifa-port_eng_HaifaPort_FinancialStatment_HPC_2019-eng.pdf	files_privatizations_hifa-port_eng_HaifaPort_FinancialStatment_HPC_2019-eng.pdf	44.0	Note 2(l) depreciation rates	dep_policy	Vehicles	vehicles			annual_depreciation_rate_low_pct	15.0		percent		year		2019.0		high	no	no	no	2019 annual report depreciation-rate disclosure.
HPC_2019_AR_2019_vehicles_annual_depreciation_rate_high_pct	HPC	2019	HPC_2019_AR	files_privatizations_hifa-port_eng_HaifaPort_FinancialStatment_HPC_2019-eng.pdf	files_privatizations_hifa-port_eng_HaifaPort_FinancialStatment_HPC_2019-eng.pdf	44.0	Note 2(l) depreciation rates	dep_policy	Vehicles	vehicles			annual_depreciation_rate_high_pct	15.0		percent		year		2019.0		high	no	no	no	2019 annual report depreciation-rate disclosure.
HPC_2019_AR_2019_furniture_equipment_annual_depreciation_rate_main_pct	HPC	2019	HPC_2019_AR	files_privatizations_hifa-port_eng_HaifaPort_FinancialStatment_HPC_2019-eng.pdf	files_privatizations_hifa-port_eng_HaifaPort_FinancialStatment_HPC_2019-eng.pdf	44.0	Note 2(l) depreciation rates	dep_policy	Furniture and equipment	furniture_equipment			annual_depreciation_rate_main_pct	6.0		percent		year		2019.0		high	no	no	no	2019 annual report depreciation-rate disclosure.
HPC_2019_AR_2019_furniture_equipment_annual_depreciation_rate_low_pct	HPC	2019	HPC_2019_AR	files_privatizations_hifa-port_eng_HaifaPort_FinancialStatment_HPC_2019-eng.pdf	files_privatizations_hifa-port_eng_HaifaPort_FinancialStatment_HPC_2019-eng.pdf	44.0	Note 2(l) depreciation rates	dep_policy	Furniture and equipment	furniture_equipment			annual_depreciation_rate_low_pct	6.0		percent		year		2019.0		high	no	no	no	2019 annual report depreciation-rate disclosure.
HPC_2019_AR_2019_furniture_equipment_annual_depreciation_rate_high_pct	HPC	2019	HPC_2019_AR	files_privatizations_hifa-port_eng_HaifaPort_FinancialStatment_HPC_2019-eng.pdf	files_privatizations_hifa-port_eng_HaifaPort_FinancialStatment_HPC_2019-eng.pdf	44.0	Note 2(l) depreciation rates	dep_policy	Furniture and equipment	furniture_equipment			annual_depreciation_rate_high_pct	10.0		percent		year		2019.0		high	no	no	no	2019 annual report depreciation-rate disclosure.
HPC_2019_AR_2019_communication_equipment_annual_depreciation_rate_main_pct	HPC	2019	HPC_2019_AR	files_privatizations_hifa-port_eng_HaifaPort_FinancialStatment_HPC_2019-eng.pdf	files_privatizations_hifa-port_eng_HaifaPort_FinancialStatment_HPC_2019-eng.pdf	44.0	Note 2(l) depreciation rates	dep_policy	Communication equipment	communication_equipment			annual_depreciation_rate_main_pct	15.0		percent		year		2019.0		high	no	no	no	2019 annual report depreciation-rate disclosure.
HPC_2019_AR_2019_communication_equipment_annual_depreciation_rate_low_pct	HPC	2019	HPC_2019_AR	files_privatizations_hifa-port_eng_HaifaPort_FinancialStatment_HPC_2019-eng.pdf	files_privatizations_hifa-port_eng_HaifaPort_FinancialStatment_HPC_2019-eng.pdf	44.0	Note 2(l) depreciation rates	dep_policy	Communication equipment	communication_equipment			annual_depreciation_rate_low_pct	15.0		percent		year		2019.0		high	no	no	no	2019 annual report depreciation-rate disclosure.
HPC_2019_AR_2019_communication_equipment_annual_depreciation_rate_high_pct	HPC	2019	HPC_2019_AR	files_privatizations_hifa-port_eng_HaifaPort_FinancialStatment_HPC_2019-eng.pdf	files_privatizations_hifa-port_eng_HaifaPort_FinancialStatment_HPC_2019-eng.pdf	44.0	Note 2(l) depreciation rates	dep_policy	Communication equipment	communication_equipment			annual_depreciation_rate_high_pct	15.0		percent		year		2019.0		high	no	no	no	2019 annual report depreciation-rate disclosure.
HPC_2019_AR_2019_computers_annual_depreciation_rate_main_pct	HPC	2019	HPC_2019_AR	files_privatizations_hifa-port_eng_HaifaPort_FinancialStatment_HPC_2019-eng.pdf	files_privatizations_hifa-port_eng_HaifaPort_FinancialStatment_HPC_2019-eng.pdf	44.0	Note 2(l) depreciation rates	dep_policy	Computers	computers			annual_depreciation_rate_main_pct	20.0		percent		year		2019.0		high	no	no	no	2019 annual report depreciation-rate disclosure.
HPC_2019_AR_2019_computers_annual_depreciation_rate_low_pct	HPC	2019	HPC_2019_AR	files_privatizations_hifa-port_eng_HaifaPort_FinancialStatment_HPC_2019-eng.pdf	files_privatizations_hifa-port_eng_HaifaPort_FinancialStatment_HPC_2019-eng.pdf	44.0	Note 2(l) depreciation rates	dep_policy	Computers	computers			annual_depreciation_rate_low_pct	20.0		percent		year		2019.0		high	no	no	no	2019 annual report depreciation-rate disclosure.
HPC_2019_AR_2019_computers_annual_depreciation_rate_high_pct	HPC	2019	HPC_2019_AR	files_privatizations_hifa-port_eng_HaifaPort_FinancialStatment_HPC_2019-eng.pdf	files_privatizations_hifa-port_eng_HaifaPort_FinancialStatment_HPC_2019-eng.pdf	44.0	Note 2(l) depreciation rates	dep_policy	Computers	computers			annual_depreciation_rate_high_pct	20.0		percent		year		2019.0		high	no	no	no	2019 annual report depreciation-rate disclosure.
HPC_2019_AR_2019_other_equipment_annual_depreciation_rate_main_pct	HPC	2019	HPC_2019_AR	files_privatizations_hifa-port_eng_HaifaPort_FinancialStatment_HPC_2019-eng.pdf	files_privatizations_hifa-port_eng_HaifaPort_FinancialStatment_HPC_2019-eng.pdf	44.0	Note 2(l) depreciation rates	dep_policy	Other equipment	other_equipment			annual_depreciation_rate_main_pct	12.5		percent		year		2019.0		high	no	no	no	2019 annual report depreciation-rate disclosure.
HPC_2019_AR_2019_other_equipment_annual_depreciation_rate_low_pct	HPC	2019	HPC_2019_AR	files_privatizations_hifa-port_eng_HaifaPort_FinancialStatment_HPC_2019-eng.pdf	files_privatizations_hifa-port_eng_HaifaPort_FinancialStatment_HPC_2019-eng.pdf	44.0	Note 2(l) depreciation rates	dep_policy	Other equipment	other_equipment			annual_depreciation_rate_low_pct	7.0		percent		year		2019.0		high	no	no	no	2019 annual report depreciation-rate disclosure.
HPC_2019_AR_2019_other_equipment_annual_depreciation_rate_high_pct	HPC	2019	HPC_2019_AR	files_privatizations_hifa-port_eng_HaifaPort_FinancialStatment_HPC_2019-eng.pdf	files_privatizations_hifa-port_eng_HaifaPort_FinancialStatment_HPC_2019-eng.pdf	44.0	Note 2(l) depreciation rates	dep_policy	Other equipment	other_equipment			annual_depreciation_rate_high_pct	12.5		percent		year		2019.0		high	no	no	no	2019 annual report depreciation-rate disclosure.
HPC_2019_AR_2019_spare_parts_gt15k_depreciation_rule	HPC	2019	HPC_2019_AR	files_privatizations_hifa-port_eng_HaifaPort_FinancialStatment_HPC_2019-eng.pdf	files_privatizations_hifa-port_eng_HaifaPort_FinancialStatment_HPC_2019-eng.pdf	43-44	Note 2(l) fixed assets	dep_policy	Spare parts and auxiliary equipment over NIS 15,000 per item	spare_parts_over_15000			depreciation_rule_text		Depreciated from beginning of operation after issue to operational equipment, at depreciation rate of the parent asset.			year		2019.0		high	no	no	no	Important timing rule for high-value spare parts.
HPC_2019_AR_2019_fixed_asset_available_for_use_rule	HPC	2019	HPC_2019_AR	files_privatizations_hifa-port_eng_HaifaPort_FinancialStatment_HPC_2019-eng.pdf	files_privatizations_hifa-port_eng_HaifaPort_FinancialStatment_HPC_2019-eng.pdf	42-43	Note 2(l) fixed assets	timing_policy	Fixed assets	all_fixed_assets			available_for_use_rule_text		Self-constructed assets include directly attributable costs to bring the asset to the place and condition in which it can operate as intended by management.			year		2019.0		medium	no	no	yes	Closest available 2019 statement language to service-entry timing.
HPC_2020_AR_2020_infrastructure_buildings_cost_open	HPC	2020	HPC_2020_AR	"חברת נמל חיפה בע""מ חיפה נמל הדוח השנתי לשנת 2020.pdf"	"חברת נמל חיפה בע""מ חיפה נמל הדוח השנתי לשנת 2020.pdf"	55-56	Note 8 Fixed assets, net	ppe_rollforward	תשתיות ומבנים	infrastructure_buildings			cost_open	219773.0		NIS_thousands	NIS	year		2020.0		high	yes	yes	yes	Extracted from 2020 annual report fixed-asset table.
HPC_2020_AR_2020_infrastructure_buildings_cost_additions	HPC	2020	HPC_2020_AR	"חברת נמל חיפה בע""מ חיפה נמל הדוח השנתי לשנת 2020.pdf"	"חברת נמל חיפה בע""מ חיפה נמל הדוח השנתי לשנת 2020.pdf"	55-56	Note 8 Fixed assets, net	ppe_rollforward	תשתיות ומבנים	infrastructure_buildings			cost_additions	11722.0		NIS_thousands	NIS	year		2020.0		high	yes	yes	yes	Extracted from 2020 annual report fixed-asset table.
HPC_2020_AR_2020_infrastructure_buildings_cost_transfers_other	HPC	2020	HPC_2020_AR	"חברת נמל חיפה בע""מ חיפה נמל הדוח השנתי לשנת 2020.pdf"	"חברת נמל חיפה בע""מ חיפה נמל הדוח השנתי לשנת 2020.pdf"	55-56	Note 8 Fixed assets, net	ppe_rollforward	תשתיות ומבנים	infrastructure_buildings			cost_transfers_other	-28.0		NIS_thousands	NIS	year		2020.0		high	yes	yes	yes	Extracted from 2020 annual report fixed-asset table.
HPC_2020_AR_2020_infrastructure_buildings_cost_disposals	HPC	2020	HPC_2020_AR	"חברת נמל חיפה בע""מ חיפה נמל הדוח השנתי לשנת 2020.pdf"	"חברת נמל חיפה בע""מ חיפה נמל הדוח השנתי לשנת 2020.pdf"	55-56	Note 8 Fixed assets, net	ppe_rollforward	תשתיות ומבנים	infrastructure_buildings			cost_disposals	0.0		NIS_thousands	NIS	year		2020.0		high	yes	yes	yes	Extracted from 2020 annual report fixed-asset table.
HPC_2020_AR_2020_infrastructure_buildings_cost_transfer_held_for_sale	HPC	2020	HPC_2020_AR	"חברת נמל חיפה בע""מ חיפה נמל הדוח השנתי לשנת 2020.pdf"	"חברת נמל חיפה בע""מ חיפה נמל הדוח השנתי לשנת 2020.pdf"	55-56	Note 8 Fixed assets, net	ppe_rollforward	תשתיות ומבנים	infrastructure_buildings			cost_transfer_held_for_sale	0.0		NIS_thousands	NIS	year		2020.0		high	yes	yes	yes	Extracted from 2020 annual report fixed-asset table.
HPC_2020_AR_2020_infrastructure_buildings_cost_impairment_change	HPC	2020	HPC_2020_AR	"חברת נמל חיפה בע""מ חיפה נמל הדוח השנתי לשנת 2020.pdf"	"חברת נמל חיפה בע""מ חיפה נמל הדוח השנתי לשנת 2020.pdf"	55-56	Note 8 Fixed assets, net	ppe_rollforward	תשתיות ומבנים	infrastructure_buildings			cost_impairment_change	0.0		NIS_thousands	NIS	year		2020.0		high	yes	yes	yes	Extracted from 2020 annual report fixed-asset table.
HPC_2020_AR_2020_infrastructure_buildings_cost_transfer_discontinued_ops	HPC	2020	HPC_2020_AR	"חברת נמל חיפה בע""מ חיפה נמל הדוח השנתי לשנת 2020.pdf"	"חברת נמל חיפה בע""מ חיפה נמל הדוח השנתי לשנת 2020.pdf"	55-56	Note 8 Fixed assets, net	ppe_rollforward	תשתיות ומבנים	infrastructure_buildings			cost_transfer_discontinued_ops	0.0		NIS_thousands	NIS	year		2020.0		high	yes	yes	yes	Extracted from 2020 annual report fixed-asset table.
HPC_2020_AR_2020_infrastructure_buildings_cost_close	HPC	2020	HPC_2020_AR	"חברת נמל חיפה בע""מ חיפה נמל הדוח השנתי לשנת 2020.pdf"	"חברת נמל חיפה בע""מ חיפה נמל הדוח השנתי לשנת 2020.pdf"	55-56	Note 8 Fixed assets, net	ppe_rollforward	תשתיות ומבנים	infrastructure_buildings			cost_close	231467.0		NIS_thousands	NIS	year		2020.0		high	yes	yes	yes	Extracted from 2020 annual report fixed-asset table.
HPC_2020_AR_2020_infrastructure_buildings_accdep_open	HPC	2020	HPC_2020_AR	"חברת נמל חיפה בע""מ חיפה נמל הדוח השנתי לשנת 2020.pdf"	"חברת נמל חיפה בע""מ חיפה נמל הדוח השנתי לשנת 2020.pdf"	55-56	Note 8 Fixed assets, net	ppe_rollforward	תשתיות ומבנים	infrastructure_buildings			accdep_open	65282.0		NIS_thousands	NIS	year		2020.0		high	yes	yes	yes	Extracted from 2020 annual report fixed-asset table.
HPC_2020_AR_2020_infrastructure_buildings_accdep_depreciation	HPC	2020	HPC_2020_AR	"חברת נמל חיפה בע""מ חיפה נמל הדוח השנתי לשנת 2020.pdf"	"חברת נמל חיפה בע""מ חיפה נמל הדוח השנתי לשנת 2020.pdf"	55-56	Note 8 Fixed assets, net	ppe_rollforward	תשתיות ומבנים	infrastructure_buildings			accdep_depreciation	12889.0		NIS_thousands	NIS	year		2020.0		high	yes	yes	yes	Extracted from 2020 annual report fixed-asset table.
HPC_2020_AR_2020_infrastructure_buildings_accdep_transfers_other	HPC	2020	HPC_2020_AR	"חברת נמל חיפה בע""מ חיפה נמל הדוח השנתי לשנת 2020.pdf"	"חברת נמל חיפה בע""מ חיפה נמל הדוח השנתי לשנת 2020.pdf"	55-56	Note 8 Fixed assets, net	ppe_rollforward	תשתיות ומבנים	infrastructure_buildings			accdep_transfers_other	-6.0		NIS_thousands	NIS	year		2020.0		high	yes	yes	yes	Extracted from 2020 annual report fixed-asset table.
HPC_2020_AR_2020_infrastructure_buildings_accdep_disposals	HPC	2020	HPC_2020_AR	"חברת נמל חיפה בע""מ חיפה נמל הדוח השנתי לשנת 2020.pdf"	"חברת נמל חיפה בע""מ חיפה נמל הדוח השנתי לשנת 2020.pdf"	55-56	Note 8 Fixed assets, net	ppe_rollforward	תשתיות ומבנים	infrastructure_buildings			accdep_disposals	0.0		NIS_thousands	NIS	year		2020.0		high	yes	yes	yes	Extracted from 2020 annual report fixed-asset table.
HPC_2020_AR_2020_infrastructure_buildings_accdep_transfer_held_for_sale	HPC	2020	HPC_2020_AR	"חברת נמל חיפה בע""מ חיפה נמל הדוח השנתי לשנת 2020.pdf"	"חברת נמל חיפה בע""מ חיפה נמל הדוח השנתי לשנת 2020.pdf"	55-56	Note 8 Fixed assets, net	ppe_rollforward	תשתיות ומבנים	infrastructure_buildings			accdep_transfer_held_for_sale	0.0		NIS_thousands	NIS	year		2020.0		high	yes	yes	yes	Extracted from 2020 annual report fixed-asset table.
HPC_2020_AR_2020_infrastructure_buildings_accdep_transfer_discontinued_ops	HPC	2020	HPC_2020_AR	"חברת נמל חיפה בע""מ חיפה נמל הדוח השנתי לשנת 2020.pdf"	"חברת נמל חיפה בע""מ חיפה נמל הדוח השנתי לשנת 2020.pdf"	55-56	Note 8 Fixed assets, net	ppe_rollforward	תשתיות ומבנים	infrastructure_buildings			accdep_transfer_discontinued_ops	0.0		NIS_thousands	NIS	year		2020.0		high	yes	yes	yes	Extracted from 2020 annual report fixed-asset table.
HPC_2020_AR_2020_infrastructure_buildings_accdep_close	HPC	2020	HPC_2020_AR	"חברת נמל חיפה בע""מ חיפה נמל הדוח השנתי לשנת 2020.pdf"	"חברת נמל חיפה בע""מ חיפה נמל הדוח השנתי לשנת 2020.pdf"	55-56	Note 8 Fixed assets, net	ppe_rollforward	תשתיות ומבנים	infrastructure_buildings			accdep_close	78165.0		NIS_thousands	NIS	year		2020.0		high	yes	yes	yes	Extracted from 2020 annual report fixed-asset table.
HPC_2020_AR_2020_infrastructure_buildings_net_ppe_close	HPC	2020	HPC_2020_AR	"חברת נמל חיפה בע""מ חיפה נמל הדוח השנתי לשנת 2020.pdf"	"חברת נמל חיפה בע""מ חיפה נמל הדוח השנתי לשנת 2020.pdf"	55-56	Note 8 Fixed assets, net	ppe_rollforward	תשתיות ומבנים	infrastructure_buildings			net_ppe_close	153302.0		NIS_thousands	NIS	year		2020.0		high	yes	yes	yes	Extracted from 2020 annual report fixed-asset table.
HPC_2020_AR_2020_equipment_cost_open	HPC	2020	HPC_2020_AR	"חברת נמל חיפה בע""מ חיפה נמל הדוח השנתי לשנת 2020.pdf"	"חברת נמל חיפה בע""מ חיפה נמל הדוח השנתי לשנת 2020.pdf"	55-56	Note 8 Fixed assets, net	ppe_rollforward	ציוד	equipment			cost_open	1496772.0		NIS_thousands	NIS	year		2020.0		high	yes	yes	yes	Extracted from 2020 annual report fixed-asset table.
HPC_2020_AR_2020_equipment_cost_additions	HPC	2020	HPC_2020_AR	"חברת נמל חיפה בע""מ חיפה נמל הדוח השנתי לשנת 2020.pdf"	"חברת נמל חיפה בע""מ חיפה נמל הדוח השנתי לשנת 2020.pdf"	55-56	Note 8 Fixed assets, net	ppe_rollforward	ציוד	equipment			cost_additions	33648.0		NIS_thousands	NIS	year		2020.0		high	yes	yes	yes	Extracted from 2020 annual report fixed-asset table.
HPC_2020_AR_2020_equipment_cost_transfers_other	HPC	2020	HPC_2020_AR	"חברת נמל חיפה בע""מ חיפה נמל הדוח השנתי לשנת 2020.pdf"	"חברת נמל חיפה בע""מ חיפה נמל הדוח השנתי לשנת 2020.pdf"	55-56	Note 8 Fixed assets, net	ppe_rollforward	ציוד	equipment			cost_transfers_other	1345.0		NIS_thousands	NIS	year		2020.0		high	yes	yes	yes	Extracted from 2020 annual report fixed-asset table.
HPC_2020_AR_2020_equipment_cost_disposals	HPC	2020	HPC_2020_AR	"חברת נמל חיפה בע""מ חיפה נמל הדוח השנתי לשנת 2020.pdf"	"חברת נמל חיפה בע""מ חיפה נמל הדוח השנתי לשנת 2020.pdf"	55-56	Note 8 Fixed assets, net	ppe_rollforward	ציוד	equipment			cost_disposals	-16678.0		NIS_thousands	NIS	year		2020.0		high	yes	yes	yes	Extracted from 2020 annual report fixed-asset table.
HPC_2020_AR_2020_equipment_cost_transfer_held_for_sale	HPC	2020	HPC_2020_AR	"חברת נמל חיפה בע""מ חיפה נמל הדוח השנתי לשנת 2020.pdf"	"חברת נמל חיפה בע""מ חיפה נמל הדוח השנתי לשנת 2020.pdf"	55-56	Note 8 Fixed assets, net	ppe_rollforward	ציוד	equipment			cost_transfer_held_for_sale	-1867.0		NIS_thousands	NIS	year		2020.0		high	yes	yes	yes	Extracted from 2020 annual report fixed-asset table.
HPC_2020_AR_2020_equipment_cost_impairment_change	HPC	2020	HPC_2020_AR	"חברת נמל חיפה בע""מ חיפה נמל הדוח השנתי לשנת 2020.pdf"	"חברת נמל חיפה בע""מ חיפה נמל הדוח השנתי לשנת 2020.pdf"	55-56	Note 8 Fixed assets, net	ppe_rollforward	ציוד	equipment			cost_impairment_change	258.0		NIS_thousands	NIS	year		2020.0		high	yes	yes	yes	Extracted from 2020 annual report fixed-asset table.
HPC_2020_AR_2020_equipment_cost_transfer_discontinued_ops	HPC	2020	HPC_2020_AR	"חברת נמל חיפה בע""מ חיפה נמל הדוח השנתי לשנת 2020.pdf"	"חברת נמל חיפה בע""מ חיפה נמל הדוח השנתי לשנת 2020.pdf"	55-56	Note 8 Fixed assets, net	ppe_rollforward	ציוד	equipment			cost_transfer_discontinued_ops	0.0		NIS_thousands	NIS	year		2020.0		high	yes	yes	yes	Extracted from 2020 annual report fixed-asset table.
HPC_2020_AR_2020_equipment_cost_close	HPC	2020	HPC_2020_AR	"חברת נמל חיפה בע""מ חיפה נמל הדוח השנתי לשנת 2020.pdf"	"חברת נמל חיפה בע""מ חיפה נמל הדוח השנתי לשנת 2020.pdf"	55-56	Note 8 Fixed assets, net	ppe_rollforward	ציוד	equipment			cost_close	1513478.0		NIS_thousands	NIS	year		2020.0		high	yes	yes	yes	Extracted from 2020 annual report fixed-asset table.
HPC_2020_AR_2020_equipment_accdep_open	HPC	2020	HPC_2020_AR	"חברת נמל חיפה בע""מ חיפה נמל הדוח השנתי לשנת 2020.pdf"	"חברת נמל חיפה בע""מ חיפה נמל הדוח השנתי לשנת 2020.pdf"	55-56	Note 8 Fixed assets, net	ppe_rollforward	ציוד	equipment			accdep_open	709553.0		NIS_thousands	NIS	year		2020.0		high	yes	yes	yes	Extracted from 2020 annual report fixed-asset table.
HPC_2020_AR_2020_equipment_accdep_depreciation	HPC	2020	HPC_2020_AR	"חברת נמל חיפה בע""מ חיפה נמל הדוח השנתי לשנת 2020.pdf"	"חברת נמל חיפה בע""מ חיפה נמל הדוח השנתי לשנת 2020.pdf"	55-56	Note 8 Fixed assets, net	ppe_rollforward	ציוד	equipment			accdep_depreciation	51275.0		NIS_thousands	NIS	year		2020.0		high	yes	yes	yes	Extracted from 2020 annual report fixed-asset table.
HPC_2020_AR_2020_equipment_accdep_transfers_other	HPC	2020	HPC_2020_AR	"חברת נמל חיפה בע""מ חיפה נמל הדוח השנתי לשנת 2020.pdf"	"חברת נמל חיפה בע""מ חיפה נמל הדוח השנתי לשנת 2020.pdf"	55-56	Note 8 Fixed assets, net	ppe_rollforward	ציוד	equipment			accdep_transfers_other	-47.0		NIS_thousands	NIS	year		2020.0		high	yes	yes	yes	Extracted from 2020 annual report fixed-asset table.
HPC_2020_AR_2020_equipment_accdep_disposals	HPC	2020	HPC_2020_AR	"חברת נמל חיפה בע""מ חיפה נמל הדוח השנתי לשנת 2020.pdf"	"חברת נמל חיפה בע""מ חיפה נמל הדוח השנתי לשנת 2020.pdf"	55-56	Note 8 Fixed assets, net	ppe_rollforward	ציוד	equipment			accdep_disposals	-9173.0		NIS_thousands	NIS	year		2020.0		high	yes	yes	yes	Extracted from 2020 annual report fixed-asset table.
HPC_2020_AR_2020_equipment_accdep_transfer_held_for_sale	HPC	2020	HPC_2020_AR	"חברת נמל חיפה בע""מ חיפה נמל הדוח השנתי לשנת 2020.pdf"	"חברת נמל חיפה בע""מ חיפה נמל הדוח השנתי לשנת 2020.pdf"	55-56	Note 8 Fixed assets, net	ppe_rollforward	ציוד	equipment			accdep_transfer_held_for_sale	-1836.0		NIS_thousands	NIS	year		2020.0		high	yes	yes	yes	Extracted from 2020 annual report fixed-asset table.
HPC_2020_AR_2020_equipment_accdep_transfer_discontinued_ops	HPC	2020	HPC_2020_AR	"חברת נמל חיפה בע""מ חיפה נמל הדוח השנתי לשנת 2020.pdf"	"חברת נמל חיפה בע""מ חיפה נמל הדוח השנתי לשנת 2020.pdf"	55-56	Note 8 Fixed assets, net	ppe_rollforward	ציוד	equipment			accdep_transfer_discontinued_ops	0.0		NIS_thousands	NIS	year		2020.0		high	yes	yes	yes	Extracted from 2020 annual report fixed-asset table.
HPC_2020_AR_2020_equipment_accdep_close	HPC	2020	HPC_2020_AR	"חברת נמל חיפה בע""מ חיפה נמל הדוח השנתי לשנת 2020.pdf"	"חברת נמל חיפה בע""מ חיפה נמל הדוח השנתי לשנת 2020.pdf"	55-56	Note 8 Fixed assets, net	ppe_rollforward	ציוד	equipment			accdep_close	749772.0		NIS_thousands	NIS	year		2020.0		high	yes	yes	yes	Extracted from 2020 annual report fixed-asset table.
HPC_2020_AR_2020_equipment_net_ppe_close	HPC	2020	HPC_2020_AR	"חברת נמל חיפה בע""מ חיפה נמל הדוח השנתי לשנת 2020.pdf"	"חברת נמל חיפה בע""מ חיפה נמל הדוח השנתי לשנת 2020.pdf"	55-56	Note 8 Fixed assets, net	ppe_rollforward	ציוד	equipment			net_ppe_close	763706.0		NIS_thousands	NIS	year		2020.0		high	yes	yes	yes	Extracted from 2020 annual report fixed-asset table.
HPC_2020_AR_2020_spare_parts_over_15000_cost_open	HPC	2020	HPC_2020_AR	"חברת נמל חיפה בע""מ חיפה נמל הדוח השנתי לשנת 2020.pdf"	"חברת נמל חיפה בע""מ חיפה נמל הדוח השנתי לשנת 2020.pdf"	55-56	Note 8 Fixed assets, net	ppe_rollforward	"מלאי חלפים מעל 15,000 ש""ח לפריט"	spare_parts_over_15000			cost_open	37985.0		NIS_thousands	NIS	year		2020.0		high	yes	yes	yes	Extracted from 2020 annual report fixed-asset table.
HPC_2020_AR_2020_spare_parts_over_15000_cost_additions	HPC	2020	HPC_2020_AR	"חברת נמל חיפה בע""מ חיפה נמל הדוח השנתי לשנת 2020.pdf"	"חברת נמל חיפה בע""מ חיפה נמל הדוח השנתי לשנת 2020.pdf"	55-56	Note 8 Fixed assets, net	ppe_rollforward	"מלאי חלפים מעל 15,000 ש""ח לפריט"	spare_parts_over_15000			cost_additions	2905.0		NIS_thousands	NIS	year		2020.0		high	yes	yes	yes	Extracted from 2020 annual report fixed-asset table.
HPC_2020_AR_2020_spare_parts_over_15000_cost_transfers_other	HPC	2020	HPC_2020_AR	"חברת נמל חיפה בע""מ חיפה נמל הדוח השנתי לשנת 2020.pdf"	"חברת נמל חיפה בע""מ חיפה נמל הדוח השנתי לשנת 2020.pdf"	55-56	Note 8 Fixed assets, net	ppe_rollforward	"מלאי חלפים מעל 15,000 ש""ח לפריט"	spare_parts_over_15000			cost_transfers_other	-1289.0		NIS_thousands	NIS	year		2020.0		high	yes	yes	yes	Extracted from 2020 annual report fixed-asset table.
HPC_2020_AR_2020_spare_parts_over_15000_cost_disposals	HPC	2020	HPC_2020_AR	"חברת נמל חיפה בע""מ חיפה נמל הדוח השנתי לשנת 2020.pdf"	"חברת נמל חיפה בע""מ חיפה נמל הדוח השנתי לשנת 2020.pdf"	55-56	Note 8 Fixed assets, net	ppe_rollforward	"מלאי חלפים מעל 15,000 ש""ח לפריט"	spare_parts_over_15000			cost_disposals	-765.0		NIS_thousands	NIS	year		2020.0		high	yes	yes	yes	Extracted from 2020 annual report fixed-asset table.
HPC_2020_AR_2020_spare_parts_over_15000_cost_transfer_held_for_sale	HPC	2020	HPC_2020_AR	"חברת נמל חיפה בע""מ חיפה נמל הדוח השנתי לשנת 2020.pdf"	"חברת נמל חיפה בע""מ חיפה נמל הדוח השנתי לשנת 2020.pdf"	55-56	Note 8 Fixed assets, net	ppe_rollforward	"מלאי חלפים מעל 15,000 ש""ח לפריט"	spare_parts_over_15000			cost_transfer_held_for_sale	0.0		NIS_thousands	NIS	year		2020.0		high	yes	yes	yes	Extracted from 2020 annual report fixed-asset table.
HPC_2020_AR_2020_spare_parts_over_15000_cost_impairment_change	HPC	2020	HPC_2020_AR	"חברת נמל חיפה בע""מ חיפה נמל הדוח השנתי לשנת 2020.pdf"	"חברת נמל חיפה בע""מ חיפה נמל הדוח השנתי לשנת 2020.pdf"	55-56	Note 8 Fixed assets, net	ppe_rollforward	"מלאי חלפים מעל 15,000 ש""ח לפריט"	spare_parts_over_15000			cost_impairment_change	0.0		NIS_thousands	NIS	year		2020.0		high	yes	yes	yes	Extracted from 2020 annual report fixed-asset table.
HPC_2020_AR_2020_spare_parts_over_15000_cost_transfer_discontinued_ops	HPC	2020	HPC_2020_AR	"חברת נמל חיפה בע""מ חיפה נמל הדוח השנתי לשנת 2020.pdf"	"חברת נמל חיפה בע""מ חיפה נמל הדוח השנתי לשנת 2020.pdf"	55-56	Note 8 Fixed assets, net	ppe_rollforward	"מלאי חלפים מעל 15,000 ש""ח לפריט"	spare_parts_over_15000			cost_transfer_discontinued_ops	0.0		NIS_thousands	NIS	year		2020.0		high	yes	yes	yes	Extracted from 2020 annual report fixed-asset table.
HPC_2020_AR_2020_spare_parts_over_15000_cost_close	HPC	2020	HPC_2020_AR	"חברת נמל חיפה בע""מ חיפה נמל הדוח השנתי לשנת 2020.pdf"	"חברת נמל חיפה בע""מ חיפה נמל הדוח השנתי לשנת 2020.pdf"	55-56	Note 8 Fixed assets, net	ppe_rollforward	"מלאי חלפים מעל 15,000 ש""ח לפריט"	spare_parts_over_15000			cost_close	38836.0		NIS_thousands	NIS	year		2020.0		high	yes	yes	yes	Extracted from 2020 annual report fixed-asset table.
HPC_2020_AR_2020_spare_parts_over_15000_accdep_open	HPC	2020	HPC_2020_AR	"חברת נמל חיפה בע""מ חיפה נמל הדוח השנתי לשנת 2020.pdf"	"חברת נמל חיפה בע""מ חיפה נמל הדוח השנתי לשנת 2020.pdf"	55-56	Note 8 Fixed assets, net	ppe_rollforward	"מלאי חלפים מעל 15,000 ש""ח לפריט"	spare_parts_over_15000			accdep_open	7211.0		NIS_thousands	NIS	year		2020.0		high	yes	yes	yes	Extracted from 2020 annual report fixed-asset table.
HPC_2020_AR_2020_spare_parts_over_15000_accdep_depreciation	HPC	2020	HPC_2020_AR	"חברת נמל חיפה בע""מ חיפה נמל הדוח השנתי לשנת 2020.pdf"	"חברת נמל חיפה בע""מ חיפה נמל הדוח השנתי לשנת 2020.pdf"	55-56	Note 8 Fixed assets, net	ppe_rollforward	"מלאי חלפים מעל 15,000 ש""ח לפריט"	spare_parts_over_15000			accdep_depreciation	0.0		NIS_thousands	NIS	year		2020.0		high	yes	yes	yes	Extracted from 2020 annual report fixed-asset table.
HPC_2020_AR_2020_spare_parts_over_15000_accdep_transfers_other	HPC	2020	HPC_2020_AR	"חברת נמל חיפה בע""מ חיפה נמל הדוח השנתי לשנת 2020.pdf"	"חברת נמל חיפה בע""מ חיפה נמל הדוח השנתי לשנת 2020.pdf"	55-56	Note 8 Fixed assets, net	ppe_rollforward	"מלאי חלפים מעל 15,000 ש""ח לפריט"	spare_parts_over_15000			accdep_transfers_other	55.0		NIS_thousands	NIS	year		2020.0		high	yes	yes	yes	Extracted from 2020 annual report fixed-asset table.
HPC_2020_AR_2020_spare_parts_over_15000_accdep_disposals	HPC	2020	HPC_2020_AR	"חברת נמל חיפה בע""מ חיפה נמל הדוח השנתי לשנת 2020.pdf"	"חברת נמל חיפה בע""מ חיפה נמל הדוח השנתי לשנת 2020.pdf"	55-56	Note 8 Fixed assets, net	ppe_rollforward	"מלאי חלפים מעל 15,000 ש""ח לפריט"	spare_parts_over_15000			accdep_disposals	-28.0		NIS_thousands	NIS	year		2020.0		high	yes	yes	yes	Extracted from 2020 annual report fixed-asset table.
HPC_2020_AR_2020_spare_parts_over_15000_accdep_transfer_held_for_sale	HPC	2020	HPC_2020_AR	"חברת נמל חיפה בע""מ חיפה נמל הדוח השנתי לשנת 2020.pdf"	"חברת נמל חיפה בע""מ חיפה נמל הדוח השנתי לשנת 2020.pdf"	55-56	Note 8 Fixed assets, net	ppe_rollforward	"מלאי חלפים מעל 15,000 ש""ח לפריט"	spare_parts_over_15000			accdep_transfer_held_for_sale	0.0		NIS_thousands	NIS	year		2020.0		high	yes	yes	yes	Extracted from 2020 annual report fixed-asset table.
HPC_2020_AR_2020_spare_parts_over_15000_accdep_transfer_discontinued_ops	HPC	2020	HPC_2020_AR	"חברת נמל חיפה בע""מ חיפה נמל הדוח השנתי לשנת 2020.pdf"	"חברת נמל חיפה בע""מ חיפה נמל הדוח השנתי לשנת 2020.pdf"	55-56	Note 8 Fixed assets, net	ppe_rollforward	"מלאי חלפים מעל 15,000 ש""ח לפריט"	spare_parts_over_15000			accdep_transfer_discontinued_ops	0.0		NIS_thousands	NIS	year		2020.0		high	yes	yes	yes	Extracted from 2020 annual report fixed-asset table.
HPC_2020_AR_2020_spare_parts_over_15000_accdep_close	HPC	2020	HPC_2020_AR	"חברת נמל חיפה בע""מ חיפה נמל הדוח השנתי לשנת 2020.pdf"	"חברת נמל חיפה בע""מ חיפה נמל הדוח השנתי לשנת 2020.pdf"	55-56	Note 8 Fixed assets, net	ppe_rollforward	"מלאי חלפים מעל 15,000 ש""ח לפריט"	spare_parts_over_15000			accdep_close	7238.0		NIS_thousands	NIS	year		2020.0		high	yes	yes	yes	Extracted from 2020 annual report fixed-asset table.
HPC_2020_AR_2020_spare_parts_over_15000_net_ppe_close	HPC	2020	HPC_2020_AR	"חברת נמל חיפה בע""מ חיפה נמל הדוח השנתי לשנת 2020.pdf"	"חברת נמל חיפה בע""מ חיפה נמל הדוח השנתי לשנת 2020.pdf"	55-56	Note 8 Fixed assets, net	ppe_rollforward	"מלאי חלפים מעל 15,000 ש""ח לפריט"	spare_parts_over_15000			net_ppe_close	31598.0		NIS_thousands	NIS	year		2020.0		high	yes	yes	yes	Extracted from 2020 annual report fixed-asset table.
HPC_2020_AR_2020_spare_parts_under_15000_cost_open	HPC	2020	HPC_2020_AR	"חברת נמל חיפה בע""מ חיפה נמל הדוח השנתי לשנת 2020.pdf"	"חברת נמל חיפה בע""מ חיפה נמל הדוח השנתי לשנת 2020.pdf"	55-56	Note 8 Fixed assets, net	ppe_rollforward	"מלאי חלפים עד 15,000 ש""ח לפריט"	spare_parts_under_15000			cost_open	38157.0		NIS_thousands	NIS	year		2020.0		high	yes	yes	yes	Extracted from 2020 annual report fixed-asset table.
HPC_2020_AR_2020_spare_parts_under_15000_cost_additions	HPC	2020	HPC_2020_AR	"חברת נמל חיפה בע""מ חיפה נמל הדוח השנתי לשנת 2020.pdf"	"חברת נמל חיפה בע""מ חיפה נמל הדוח השנתי לשנת 2020.pdf"	55-56	Note 8 Fixed assets, net	ppe_rollforward	"מלאי חלפים עד 15,000 ש""ח לפריט"	spare_parts_under_15000			cost_additions	1010.0		NIS_thousands	NIS	year		2020.0		high	yes	yes	yes	Extracted from 2020 annual report fixed-asset table.
HPC_2020_AR_2020_spare_parts_under_15000_cost_transfers_other	HPC	2020	HPC_2020_AR	"חברת נמל חיפה בע""מ חיפה נמל הדוח השנתי לשנת 2020.pdf"	"חברת נמל חיפה בע""מ חיפה נמל הדוח השנתי לשנת 2020.pdf"	55-56	Note 8 Fixed assets, net	ppe_rollforward	"מלאי חלפים עד 15,000 ש""ח לפריט"	spare_parts_under_15000			cost_transfers_other	0.0		NIS_thousands	NIS	year		2020.0		high	yes	yes	yes	Extracted from 2020 annual report fixed-asset table.
HPC_2020_AR_2020_spare_parts_under_15000_cost_disposals	HPC	2020	HPC_2020_AR	"חברת נמל חיפה בע""מ חיפה נמל הדוח השנתי לשנת 2020.pdf"	"חברת נמל חיפה בע""מ חיפה נמל הדוח השנתי לשנת 2020.pdf"	55-56	Note 8 Fixed assets, net	ppe_rollforward	"מלאי חלפים עד 15,000 ש""ח לפריט"	spare_parts_under_15000			cost_disposals	0.0		NIS_thousands	NIS	year		2020.0		high	yes	yes	yes	Extracted from 2020 annual report fixed-asset table.
HPC_2020_AR_2020_spare_parts_under_15000_cost_transfer_held_for_sale	HPC	2020	HPC_2020_AR	"חברת נמל חיפה בע""מ חיפה נמל הדוח השנתי לשנת 2020.pdf"	"חברת נמל חיפה בע""מ חיפה נמל הדוח השנתי לשנת 2020.pdf"	55-56	Note 8 Fixed assets, net	ppe_rollforward	"מלאי חלפים עד 15,000 ש""ח לפריט"	spare_parts_under_15000			cost_transfer_held_for_sale	0.0		NIS_thousands	NIS	year		2020.0		high	yes	yes	yes	Extracted from 2020 annual report fixed-asset table.
HPC_2020_AR_2020_spare_parts_under_15000_cost_impairment_change	HPC	2020	HPC_2020_AR	"חברת נמל חיפה בע""מ חיפה נמל הדוח השנתי לשנת 2020.pdf"	"חברת נמל חיפה בע""מ חיפה נמל הדוח השנתי לשנת 2020.pdf"	55-56	Note 8 Fixed assets, net	ppe_rollforward	"מלאי חלפים עד 15,000 ש""ח לפריט"	spare_parts_under_15000			cost_impairment_change	0.0		NIS_thousands	NIS	year		2020.0		high	yes	yes	yes	Extracted from 2020 annual report fixed-asset table.
HPC_2020_AR_2020_spare_parts_under_15000_cost_transfer_discontinued_ops	HPC	2020	HPC_2020_AR	"חברת נמל חיפה בע""מ חיפה נמל הדוח השנתי לשנת 2020.pdf"	"חברת נמל חיפה בע""מ חיפה נמל הדוח השנתי לשנת 2020.pdf"	55-56	Note 8 Fixed assets, net	ppe_rollforward	"מלאי חלפים עד 15,000 ש""ח לפריט"	spare_parts_under_15000			cost_transfer_discontinued_ops	0.0		NIS_thousands	NIS	year		2020.0		high	yes	yes	yes	Extracted from 2020 annual report fixed-asset table.
HPC_2020_AR_2020_spare_parts_under_15000_cost_close	HPC	2020	HPC_2020_AR	"חברת נמל חיפה בע""מ חיפה נמל הדוח השנתי לשנת 2020.pdf"	"חברת נמל חיפה בע""מ חיפה נמל הדוח השנתי לשנת 2020.pdf"	55-56	Note 8 Fixed assets, net	ppe_rollforward	"מלאי חלפים עד 15,000 ש""ח לפריט"	spare_parts_under_15000			cost_close	39167.0		NIS_thousands	NIS	year		2020.0		high	yes	yes	yes	Extracted from 2020 annual report fixed-asset table.
HPC_2020_AR_2020_spare_parts_under_15000_accdep_open	HPC	2020	HPC_2020_AR	"חברת נמל חיפה בע""מ חיפה נמל הדוח השנתי לשנת 2020.pdf"	"חברת נמל חיפה בע""מ חיפה נמל הדוח השנתי לשנת 2020.pdf"	55-56	Note 8 Fixed assets, net	ppe_rollforward	"מלאי חלפים עד 15,000 ש""ח לפריט"	spare_parts_under_15000			accdep_open	0.0		NIS_thousands	NIS	year		2020.0		high	yes	yes	yes	Extracted from 2020 annual report fixed-asset table.
HPC_2020_AR_2020_spare_parts_under_15000_accdep_depreciation	HPC	2020	HPC_2020_AR	"חברת נמל חיפה בע""מ חיפה נמל הדוח השנתי לשנת 2020.pdf"	"חברת נמל חיפה בע""מ חיפה נמל הדוח השנתי לשנת 2020.pdf"	55-56	Note 8 Fixed assets, net	ppe_rollforward	"מלאי חלפים עד 15,000 ש""ח לפריט"	spare_parts_under_15000			accdep_depreciation	0.0		NIS_thousands	NIS	year		2020.0		high	yes	yes	yes	Extracted from 2020 annual report fixed-asset table.
HPC_2020_AR_2020_spare_parts_under_15000_accdep_transfers_other	HPC	2020	HPC_2020_AR	"חברת נמל חיפה בע""מ חיפה נמל הדוח השנתי לשנת 2020.pdf"	"חברת נמל חיפה בע""מ חיפה נמל הדוח השנתי לשנת 2020.pdf"	55-56	Note 8 Fixed assets, net	ppe_rollforward	"מלאי חלפים עד 15,000 ש""ח לפריט"	spare_parts_under_15000			accdep_transfers_other	0.0		NIS_thousands	NIS	year		2020.0		high	yes	yes	yes	Extracted from 2020 annual report fixed-asset table.
HPC_2020_AR_2020_spare_parts_under_15000_accdep_disposals	HPC	2020	HPC_2020_AR	"חברת נמל חיפה בע""מ חיפה נמל הדוח השנתי לשנת 2020.pdf"	"חברת נמל חיפה בע""מ חיפה נמל הדוח השנתי לשנת 2020.pdf"	55-56	Note 8 Fixed assets, net	ppe_rollforward	"מלאי חלפים עד 15,000 ש""ח לפריט"	spare_parts_under_15000			accdep_disposals	0.0		NIS_thousands	NIS	year		2020.0		high	yes	yes	yes	Extracted from 2020 annual report fixed-asset table.
HPC_2020_AR_2020_spare_parts_under_15000_accdep_transfer_held_for_sale	HPC	2020	HPC_2020_AR	"חברת נמל חיפה בע""מ חיפה נמל הדוח השנתי לשנת 2020.pdf"	"חברת נמל חיפה בע""מ חיפה נמל הדוח השנתי לשנת 2020.pdf"	55-56	Note 8 Fixed assets, net	ppe_rollforward	"מלאי חלפים עד 15,000 ש""ח לפריט"	spare_parts_under_15000			accdep_transfer_held_for_sale	0.0		NIS_thousands	NIS	year		2020.0		high	yes	yes	yes	Extracted from 2020 annual report fixed-asset table.
HPC_2020_AR_2020_spare_parts_under_15000_accdep_transfer_discontinued_ops	HPC	2020	HPC_2020_AR	"חברת נמל חיפה בע""מ חיפה נמל הדוח השנתי לשנת 2020.pdf"	"חברת נמל חיפה בע""מ חיפה נמל הדוח השנתי לשנת 2020.pdf"	55-56	Note 8 Fixed assets, net	ppe_rollforward	"מלאי חלפים עד 15,000 ש""ח לפריט"	spare_parts_under_15000			accdep_transfer_discontinued_ops	0.0		NIS_thousands	NIS	year		2020.0		high	yes	yes	yes	Extracted from 2020 annual report fixed-asset table.
HPC_2020_AR_2020_spare_parts_under_15000_accdep_close	HPC	2020	HPC_2020_AR	"חברת נמל חיפה בע""מ חיפה נמל הדוח השנתי לשנת 2020.pdf"	"חברת נמל חיפה בע""מ חיפה נמל הדוח השנתי לשנת 2020.pdf"	55-56	Note 8 Fixed assets, net	ppe_rollforward	"מלאי חלפים עד 15,000 ש""ח לפריט"	spare_parts_under_15000			accdep_close	0.0		NIS_thousands	NIS	year		2020.0		high	yes	yes	yes	Extracted from 2020 annual report fixed-asset table.
HPC_2020_AR_2020_spare_parts_under_15000_net_ppe_close	HPC	2020	HPC_2020_AR	"חברת נמל חיפה בע""מ חיפה נמל הדוח השנתי לשנת 2020.pdf"	"חברת נמל חיפה בע""מ חיפה נמל הדוח השנתי לשנת 2020.pdf"	55-56	Note 8 Fixed assets, net	ppe_rollforward	"מלאי חלפים עד 15,000 ש""ח לפריט"	spare_parts_under_15000			net_ppe_close	39167.0		NIS_thousands	NIS	year		2020.0		high	yes	yes	yes	Extracted from 2020 annual report fixed-asset table.
HPC_2020_AR_2020_payments_on_account_fixed_assets	HPC	2020	HPC_2020_AR	"חברת נמל חיפה בע""מ חיפה נמל הדוח השנתי לשנת 2020.pdf"	"חברת נמל חיפה בע""מ חיפה נמל הדוח השנתי לשנת 2020.pdf"	56.0	Note 8(c) payments on account of purchase of fixed assets	wip_indicator					payments_on_account_purchase_fixed_assets	16070.0		NIS_thousands	NIS	year		2020.0		high	no	no	yes	Cost as of Dec 31 2020 includes payments on account for purchase of fixed assets.
HPC_2020_AR_2020_cum_accounting_depreciation	HPC	2020	HPC_2020_AR	"חברת נמל חיפה בע""מ חיפה נמל הדוח השנתי לשנת 2020.pdf"	"חברת נמל חיפה בע""מ חיפה נמל הדוח השנתי לשנת 2020.pdf"	56.0	Note 8(d) asset renewal fund	renewal_fund_note					cumulative_accounting_depreciation_since_commencement	1186173.0		NIS_thousands	NIS	year		2020.0		medium	no	no	no	Cumulative accounting depreciation through 2020.
HPC_2020_AR_2020_cum_investment_for_renewal	HPC	2020	HPC_2020_AR	"חברת נמל חיפה בע""מ חיפה נמל הדוח השנתי לשנת 2020.pdf"	"חברת נמל חיפה בע""מ חיפה נמל הדוח השנתי לשנת 2020.pdf"	56.0	Note 8(d) asset renewal fund	renewal_fund_note					cumulative_investment_for_renewal_replacement_acquisition_since_commencement	1695984.0		NIS_thousands	NIS	year		2020.0		medium	no	no	no	Cumulative investment for renewal/replacement/acquisition through 2020.
HPC_2020_AR_2020_held_for_sale_balance	HPC	2020	HPC_2020_AR	"חברת נמל חיפה בע""מ חיפה נמל הדוח השנתי לשנת 2020.pdf"	"חברת נמל חיפה בע""מ חיפה נמל הדוח השנתי לשנת 2020.pdf"	57.0	Note 8(e) non-current assets held for sale	held_for_sale_note		held_for_sale_operational_equipment			held_for_sale_asset_balance	43.0		NIS_thousands	NIS	year		2020.0		medium	no	no	no	Realization group balance at Dec 31 2020.
HPC_2020_AR_2020_held_for_sale_remeasurement_gain	HPC	2020	HPC_2020_AR	"חברת נמל חיפה בע""מ חיפה נמל הדוח השנתי לשנת 2020.pdf"	"חברת נמל חיפה בע""מ חיפה נמל הדוח השנתי לשנת 2020.pdf"	57.0	Note 8(e) non-current assets held for sale	held_for_sale_note		held_for_sale_operational_equipment			held_for_sale_remeasurement_gain	63.0		NIS_thousands	NIS	year		2020.0		medium	no	no	no	Gain from remeasurement of held-for-sale operational equipment.
HPC_2021_AR_2021_infrastructure_buildings_cost_open	HPC	2021	HPC_2021_AR	"חברת נמל חיפה בע""מ הדוח השנתי לשנת 2021.pdf"	"חברת נמל חיפה בע""מ הדוח השנתי לשנת 2021.pdf"	52-53	Note 8 Fixed assets, net	ppe_rollforward	תשתיות ומבנים	infrastructure_buildings			cost_open	231467.0		NIS_thousands	NIS	year		2021.0		high	yes	yes	yes	Extracted from 2021 annual report fixed-asset table.
HPC_2021_AR_2021_infrastructure_buildings_cost_additions	HPC	2021	HPC_2021_AR	"חברת נמל חיפה בע""מ הדוח השנתי לשנת 2021.pdf"	"חברת נמל חיפה בע""מ הדוח השנתי לשנת 2021.pdf"	52-53	Note 8 Fixed assets, net	ppe_rollforward	תשתיות ומבנים	infrastructure_buildings			cost_additions	9673.0		NIS_thousands	NIS	year		2021.0		high	yes	yes	yes	Extracted from 2021 annual report fixed-asset table.
HPC_2021_AR_2021_infrastructure_buildings_cost_transfers_other	HPC	2021	HPC_2021_AR	"חברת נמל חיפה בע""מ הדוח השנתי לשנת 2021.pdf"	"חברת נמל חיפה בע""מ הדוח השנתי לשנת 2021.pdf"	52-53	Note 8 Fixed assets, net	ppe_rollforward	תשתיות ומבנים	infrastructure_buildings			cost_transfers_other	1487.0		NIS_thousands	NIS	year		2021.0		high	yes	yes	yes	Extracted from 2021 annual report fixed-asset table.
HPC_2021_AR_2021_infrastructure_buildings_cost_disposals	HPC	2021	HPC_2021_AR	"חברת נמל חיפה בע""מ הדוח השנתי לשנת 2021.pdf"	"חברת נמל חיפה בע""מ הדוח השנתי לשנת 2021.pdf"	52-53	Note 8 Fixed assets, net	ppe_rollforward	תשתיות ומבנים	infrastructure_buildings			cost_disposals	-2148.0		NIS_thousands	NIS	year		2021.0		high	yes	yes	yes	Extracted from 2021 annual report fixed-asset table.
HPC_2021_AR_2021_infrastructure_buildings_cost_transfer_held_for_sale	HPC	2021	HPC_2021_AR	"חברת נמל חיפה בע""מ הדוח השנתי לשנת 2021.pdf"	"חברת נמל חיפה בע""מ הדוח השנתי לשנת 2021.pdf"	52-53	Note 8 Fixed assets, net	ppe_rollforward	תשתיות ומבנים	infrastructure_buildings			cost_transfer_held_for_sale	0.0		NIS_thousands	NIS	year		2021.0		high	yes	yes	yes	Extracted from 2021 annual report fixed-asset table.
HPC_2021_AR_2021_infrastructure_buildings_cost_impairment_change	HPC	2021	HPC_2021_AR	"חברת נמל חיפה בע""מ הדוח השנתי לשנת 2021.pdf"	"חברת נמל חיפה בע""מ הדוח השנתי לשנת 2021.pdf"	52-53	Note 8 Fixed assets, net	ppe_rollforward	תשתיות ומבנים	infrastructure_buildings			cost_impairment_change	0.0		NIS_thousands	NIS	year		2021.0		high	yes	yes	yes	Extracted from 2021 annual report fixed-asset table.
HPC_2021_AR_2021_infrastructure_buildings_cost_close	HPC	2021	HPC_2021_AR	"חברת נמל חיפה בע""מ הדוח השנתי לשנת 2021.pdf"	"חברת נמל חיפה בע""מ הדוח השנתי לשנת 2021.pdf"	52-53	Note 8 Fixed assets, net	ppe_rollforward	תשתיות ומבנים	infrastructure_buildings			cost_close	240479.0		NIS_thousands	NIS	year		2021.0		high	yes	yes	yes	Extracted from 2021 annual report fixed-asset table.
HPC_2021_AR_2021_infrastructure_buildings_accdep_open	HPC	2021	HPC_2021_AR	"חברת נמל חיפה בע""מ הדוח השנתי לשנת 2021.pdf"	"חברת נמל חיפה בע""מ הדוח השנתי לשנת 2021.pdf"	52-53	Note 8 Fixed assets, net	ppe_rollforward	תשתיות ומבנים	infrastructure_buildings			accdep_open	78165.0		NIS_thousands	NIS	year		2021.0		high	yes	yes	yes	Extracted from 2021 annual report fixed-asset table.
HPC_2021_AR_2021_infrastructure_buildings_accdep_depreciation	HPC	2021	HPC_2021_AR	"חברת נמל חיפה בע""מ הדוח השנתי לשנת 2021.pdf"	"חברת נמל חיפה בע""מ הדוח השנתי לשנת 2021.pdf"	52-53	Note 8 Fixed assets, net	ppe_rollforward	תשתיות ומבנים	infrastructure_buildings			accdep_depreciation	11597.0		NIS_thousands	NIS	year		2021.0		high	yes	yes	yes	Extracted from 2021 annual report fixed-asset table.
HPC_2021_AR_2021_infrastructure_buildings_accdep_transfers_other	HPC	2021	HPC_2021_AR	"חברת נמל חיפה בע""מ הדוח השנתי לשנת 2021.pdf"	"חברת נמל חיפה בע""מ הדוח השנתי לשנת 2021.pdf"	52-53	Note 8 Fixed assets, net	ppe_rollforward	תשתיות ומבנים	infrastructure_buildings			accdep_transfers_other	1540.0		NIS_thousands	NIS	year		2021.0		high	yes	yes	yes	Extracted from 2021 annual report fixed-asset table.
HPC_2021_AR_2021_infrastructure_buildings_accdep_disposals	HPC	2021	HPC_2021_AR	"חברת נמל חיפה בע""מ הדוח השנתי לשנת 2021.pdf"	"חברת נמל חיפה בע""מ הדוח השנתי לשנת 2021.pdf"	52-53	Note 8 Fixed assets, net	ppe_rollforward	תשתיות ומבנים	infrastructure_buildings			accdep_disposals	-2148.0		NIS_thousands	NIS	year		2021.0		high	yes	yes	yes	Extracted from 2021 annual report fixed-asset table.
HPC_2021_AR_2021_infrastructure_buildings_accdep_transfer_held_for_sale	HPC	2021	HPC_2021_AR	"חברת נמל חיפה בע""מ הדוח השנתי לשנת 2021.pdf"	"חברת נמל חיפה בע""מ הדוח השנתי לשנת 2021.pdf"	52-53	Note 8 Fixed assets, net	ppe_rollforward	תשתיות ומבנים	infrastructure_buildings			accdep_transfer_held_for_sale	0.0		NIS_thousands	NIS	year		2021.0		high	yes	yes	yes	Extracted from 2021 annual report fixed-asset table.
HPC_2021_AR_2021_infrastructure_buildings_accdep_close	HPC	2021	HPC_2021_AR	"חברת נמל חיפה בע""מ הדוח השנתי לשנת 2021.pdf"	"חברת נמל חיפה בע""מ הדוח השנתי לשנת 2021.pdf"	52-53	Note 8 Fixed assets, net	ppe_rollforward	תשתיות ומבנים	infrastructure_buildings			accdep_close	89154.0		NIS_thousands	NIS	year		2021.0		high	yes	yes	yes	Extracted from 2021 annual report fixed-asset table.
HPC_2021_AR_2021_infrastructure_buildings_net_ppe_close	HPC	2021	HPC_2021_AR	"חברת נמל חיפה בע""מ הדוח השנתי לשנת 2021.pdf"	"חברת נמל חיפה בע""מ הדוח השנתי לשנת 2021.pdf"	52-53	Note 8 Fixed assets, net	ppe_rollforward	תשתיות ומבנים	infrastructure_buildings			net_ppe_close	151325.0		NIS_thousands	NIS	year		2021.0		high	yes	yes	yes	Extracted from 2021 annual report fixed-asset table.
HPC_2021_AR_2021_equipment_cost_open	HPC	2021	HPC_2021_AR	"חברת נמל חיפה בע""מ הדוח השנתי לשנת 2021.pdf"	"חברת נמל חיפה בע""מ הדוח השנתי לשנת 2021.pdf"	52-53	Note 8 Fixed assets, net	ppe_rollforward	ציוד	equipment			cost_open	1513478.0		NIS_thousands	NIS	year		2021.0		high	yes	yes	yes	Extracted from 2021 annual report fixed-asset table.
HPC_2021_AR_2021_equipment_cost_additions	HPC	2021	HPC_2021_AR	"חברת נמל חיפה בע""מ הדוח השנתי לשנת 2021.pdf"	"חברת נמל חיפה בע""מ הדוח השנתי לשנת 2021.pdf"	52-53	Note 8 Fixed assets, net	ppe_rollforward	ציוד	equipment			cost_additions	63474.0		NIS_thousands	NIS	year		2021.0		high	yes	yes	yes	Extracted from 2021 annual report fixed-asset table.
HPC_2021_AR_2021_equipment_cost_transfers_other	HPC	2021	HPC_2021_AR	"חברת נמל חיפה בע""מ הדוח השנתי לשנת 2021.pdf"	"חברת נמל חיפה בע""מ הדוח השנתי לשנת 2021.pdf"	52-53	Note 8 Fixed assets, net	ppe_rollforward	ציוד	equipment			cost_transfers_other	-798.0		NIS_thousands	NIS	year		2021.0		high	yes	yes	yes	Extracted from 2021 annual report fixed-asset table.
HPC_2021_AR_2021_equipment_cost_disposals	HPC	2021	HPC_2021_AR	"חברת נמל חיפה בע""מ הדוח השנתי לשנת 2021.pdf"	"חברת נמל חיפה בע""מ הדוח השנתי לשנת 2021.pdf"	52-53	Note 8 Fixed assets, net	ppe_rollforward	ציוד	equipment			cost_disposals	-10387.0		NIS_thousands	NIS	year		2021.0		high	yes	yes	yes	Extracted from 2021 annual report fixed-asset table.
HPC_2021_AR_2021_equipment_cost_transfer_held_for_sale	HPC	2021	HPC_2021_AR	"חברת נמל חיפה בע""מ הדוח השנתי לשנת 2021.pdf"	"חברת נמל חיפה בע""מ הדוח השנתי לשנת 2021.pdf"	52-53	Note 8 Fixed assets, net	ppe_rollforward	ציוד	equipment			cost_transfer_held_for_sale	-1051.0		NIS_thousands	NIS	year		2021.0		high	yes	yes	yes	Extracted from 2021 annual report fixed-asset table.
HPC_2021_AR_2021_equipment_cost_impairment_change	HPC	2021	HPC_2021_AR	"חברת נמל חיפה בע""מ הדוח השנתי לשנת 2021.pdf"	"חברת נמל חיפה בע""מ הדוח השנתי לשנת 2021.pdf"	52-53	Note 8 Fixed assets, net	ppe_rollforward	ציוד	equipment			cost_impairment_change	-501.0		NIS_thousands	NIS	year		2021.0		high	yes	yes	yes	Extracted from 2021 annual report fixed-asset table.
HPC_2021_AR_2021_equipment_cost_close	HPC	2021	HPC_2021_AR	"חברת נמל חיפה בע""מ הדוח השנתי לשנת 2021.pdf"	"חברת נמל חיפה בע""מ הדוח השנתי לשנת 2021.pdf"	52-53	Note 8 Fixed assets, net	ppe_rollforward	ציוד	equipment			cost_close	1564215.0		NIS_thousands	NIS	year		2021.0		high	yes	yes	yes	Extracted from 2021 annual report fixed-asset table.
HPC_2021_AR_2021_equipment_accdep_open	HPC	2021	HPC_2021_AR	"חברת נמל חיפה בע""מ הדוח השנתי לשנת 2021.pdf"	"חברת נמל חיפה בע""מ הדוח השנתי לשנת 2021.pdf"	52-53	Note 8 Fixed assets, net	ppe_rollforward	ציוד	equipment			accdep_open	749772.0		NIS_thousands	NIS	year		2021.0		high	yes	yes	yes	Extracted from 2021 annual report fixed-asset table.
HPC_2021_AR_2021_equipment_accdep_depreciation	HPC	2021	HPC_2021_AR	"חברת נמל חיפה בע""מ הדוח השנתי לשנת 2021.pdf"	"חברת נמל חיפה בע""מ הדוח השנתי לשנת 2021.pdf"	52-53	Note 8 Fixed assets, net	ppe_rollforward	ציוד	equipment			accdep_depreciation	51680.0		NIS_thousands	NIS	year		2021.0		high	yes	yes	yes	Extracted from 2021 annual report fixed-asset table.
HPC_2021_AR_2021_equipment_accdep_transfers_other	HPC	2021	HPC_2021_AR	"חברת נמל חיפה בע""מ הדוח השנתי לשנת 2021.pdf"	"חברת נמל חיפה בע""מ הדוח השנתי לשנת 2021.pdf"	52-53	Note 8 Fixed assets, net	ppe_rollforward	ציוד	equipment			accdep_transfers_other	-1767.0		NIS_thousands	NIS	year		2021.0		high	yes	yes	yes	Extracted from 2021 annual report fixed-asset table.
HPC_2021_AR_2021_equipment_accdep_disposals	HPC	2021	HPC_2021_AR	"חברת נמל חיפה בע""מ הדוח השנתי לשנת 2021.pdf"	"חברת נמל חיפה בע""מ הדוח השנתי לשנת 2021.pdf"	52-53	Note 8 Fixed assets, net	ppe_rollforward	ציוד	equipment			accdep_disposals	-9473.0		NIS_thousands	NIS	year		2021.0		high	yes	yes	yes	Extracted from 2021 annual report fixed-asset table.
HPC_2021_AR_2021_equipment_accdep_transfer_held_for_sale	HPC	2021	HPC_2021_AR	"חברת נמל חיפה בע""מ הדוח השנתי לשנת 2021.pdf"	"חברת נמל חיפה בע""מ הדוח השנתי לשנת 2021.pdf"	52-53	Note 8 Fixed assets, net	ppe_rollforward	ציוד	equipment			accdep_transfer_held_for_sale	-1094.0		NIS_thousands	NIS	year		2021.0		high	yes	yes	yes	Extracted from 2021 annual report fixed-asset table.
HPC_2021_AR_2021_equipment_accdep_close	HPC	2021	HPC_2021_AR	"חברת נמל חיפה בע""מ הדוח השנתי לשנת 2021.pdf"	"חברת נמל חיפה בע""מ הדוח השנתי לשנת 2021.pdf"	52-53	Note 8 Fixed assets, net	ppe_rollforward	ציוד	equipment			accdep_close	789118.0		NIS_thousands	NIS	year		2021.0		high	yes	yes	yes	Extracted from 2021 annual report fixed-asset table.
HPC_2021_AR_2021_equipment_net_ppe_close	HPC	2021	HPC_2021_AR	"חברת נמל חיפה בע""מ הדוח השנתי לשנת 2021.pdf"	"חברת נמל חיפה בע""מ הדוח השנתי לשנת 2021.pdf"	52-53	Note 8 Fixed assets, net	ppe_rollforward	ציוד	equipment			net_ppe_close	775097.0		NIS_thousands	NIS	year		2021.0		high	yes	yes	yes	Extracted from 2021 annual report fixed-asset table.
HPC_2021_AR_2021_spare_parts_over_15000_cost_open	HPC	2021	HPC_2021_AR	"חברת נמל חיפה בע""מ הדוח השנתי לשנת 2021.pdf"	"חברת נמל חיפה בע""מ הדוח השנתי לשנת 2021.pdf"	52-53	Note 8 Fixed assets, net	ppe_rollforward	"מלאי חלפים מעל 15,000 ש""ח לפריט"	spare_parts_over_15000			cost_open	38836.0		NIS_thousands	NIS	year		2021.0		high	yes	yes	yes	Extracted from 2021 annual report fixed-asset table.
HPC_2021_AR_2021_spare_parts_over_15000_cost_additions	HPC	2021	HPC_2021_AR	"חברת נמל חיפה בע""מ הדוח השנתי לשנת 2021.pdf"	"חברת נמל חיפה בע""מ הדוח השנתי לשנת 2021.pdf"	52-53	Note 8 Fixed assets, net	ppe_rollforward	"מלאי חלפים מעל 15,000 ש""ח לפריט"	spare_parts_over_15000			cost_additions	1144.0		NIS_thousands	NIS	year		2021.0		high	yes	yes	yes	Extracted from 2021 annual report fixed-asset table.
HPC_2021_AR_2021_spare_parts_over_15000_cost_transfers_other	HPC	2021	HPC_2021_AR	"חברת נמל חיפה בע""מ הדוח השנתי לשנת 2021.pdf"	"חברת נמל חיפה בע""מ הדוח השנתי לשנת 2021.pdf"	52-53	Note 8 Fixed assets, net	ppe_rollforward	"מלאי חלפים מעל 15,000 ש""ח לפריט"	spare_parts_over_15000			cost_transfers_other	-689.0		NIS_thousands	NIS	year		2021.0		high	yes	yes	yes	Extracted from 2021 annual report fixed-asset table.
HPC_2021_AR_2021_spare_parts_over_15000_cost_disposals	HPC	2021	HPC_2021_AR	"חברת נמל חיפה בע""מ הדוח השנתי לשנת 2021.pdf"	"חברת נמל חיפה בע""מ הדוח השנתי לשנת 2021.pdf"	52-53	Note 8 Fixed assets, net	ppe_rollforward	"מלאי חלפים מעל 15,000 ש""ח לפריט"	spare_parts_over_15000			cost_disposals	0.0		NIS_thousands	NIS	year		2021.0		high	yes	yes	yes	Extracted from 2021 annual report fixed-asset table.
HPC_2021_AR_2021_spare_parts_over_15000_cost_transfer_held_for_sale	HPC	2021	HPC_2021_AR	"חברת נמל חיפה בע""מ הדוח השנתי לשנת 2021.pdf"	"חברת נמל חיפה בע""מ הדוח השנתי לשנת 2021.pdf"	52-53	Note 8 Fixed assets, net	ppe_rollforward	"מלאי חלפים מעל 15,000 ש""ח לפריט"	spare_parts_over_15000			cost_transfer_held_for_sale	0.0		NIS_thousands	NIS	year		2021.0		high	yes	yes	yes	Extracted from 2021 annual report fixed-asset table.
HPC_2021_AR_2021_spare_parts_over_15000_cost_impairment_change	HPC	2021	HPC_2021_AR	"חברת נמל חיפה בע""מ הדוח השנתי לשנת 2021.pdf"	"חברת נמל חיפה בע""מ הדוח השנתי לשנת 2021.pdf"	52-53	Note 8 Fixed assets, net	ppe_rollforward	"מלאי חלפים מעל 15,000 ש""ח לפריט"	spare_parts_over_15000			cost_impairment_change	0.0		NIS_thousands	NIS	year		2021.0		high	yes	yes	yes	Extracted from 2021 annual report fixed-asset table.
HPC_2021_AR_2021_spare_parts_over_15000_cost_close	HPC	2021	HPC_2021_AR	"חברת נמל חיפה בע""מ הדוח השנתי לשנת 2021.pdf"	"חברת נמל חיפה בע""מ הדוח השנתי לשנת 2021.pdf"	52-53	Note 8 Fixed assets, net	ppe_rollforward	"מלאי חלפים מעל 15,000 ש""ח לפריט"	spare_parts_over_15000			cost_close	39291.0		NIS_thousands	NIS	year		2021.0		high	yes	yes	yes	Extracted from 2021 annual report fixed-asset table.
HPC_2021_AR_2021_spare_parts_over_15000_accdep_open	HPC	2021	HPC_2021_AR	"חברת נמל חיפה בע""מ הדוח השנתי לשנת 2021.pdf"	"חברת נמל חיפה בע""מ הדוח השנתי לשנת 2021.pdf"	52-53	Note 8 Fixed assets, net	ppe_rollforward	"מלאי חלפים מעל 15,000 ש""ח לפריט"	spare_parts_over_15000			accdep_open	7238.0		NIS_thousands	NIS	year		2021.0		high	yes	yes	yes	Extracted from 2021 annual report fixed-asset table.
HPC_2021_AR_2021_spare_parts_over_15000_accdep_depreciation	HPC	2021	HPC_2021_AR	"חברת נמל חיפה בע""מ הדוח השנתי לשנת 2021.pdf"	"חברת נמל חיפה בע""מ הדוח השנתי לשנת 2021.pdf"	52-53	Note 8 Fixed assets, net	ppe_rollforward	"מלאי חלפים מעל 15,000 ש""ח לפריט"	spare_parts_over_15000			accdep_depreciation	0.0		NIS_thousands	NIS	year		2021.0		high	yes	yes	yes	Extracted from 2021 annual report fixed-asset table.
HPC_2021_AR_2021_spare_parts_over_15000_accdep_transfers_other	HPC	2021	HPC_2021_AR	"חברת נמל חיפה בע""מ הדוח השנתי לשנת 2021.pdf"	"חברת נמל חיפה בע""מ הדוח השנתי לשנת 2021.pdf"	52-53	Note 8 Fixed assets, net	ppe_rollforward	"מלאי חלפים מעל 15,000 ש""ח לפריט"	spare_parts_over_15000			accdep_transfers_other	227.0		NIS_thousands	NIS	year		2021.0		high	yes	yes	yes	Extracted from 2021 annual report fixed-asset table.
HPC_2021_AR_2021_spare_parts_over_15000_accdep_disposals	HPC	2021	HPC_2021_AR	"חברת נמל חיפה בע""מ הדוח השנתי לשנת 2021.pdf"	"חברת נמל חיפה בע""מ הדוח השנתי לשנת 2021.pdf"	52-53	Note 8 Fixed assets, net	ppe_rollforward	"מלאי חלפים מעל 15,000 ש""ח לפריט"	spare_parts_over_15000			accdep_disposals	0.0		NIS_thousands	NIS	year		2021.0		high	yes	yes	yes	Extracted from 2021 annual report fixed-asset table.
HPC_2021_AR_2021_spare_parts_over_15000_accdep_transfer_held_for_sale	HPC	2021	HPC_2021_AR	"חברת נמל חיפה בע""מ הדוח השנתי לשנת 2021.pdf"	"חברת נמל חיפה בע""מ הדוח השנתי לשנת 2021.pdf"	52-53	Note 8 Fixed assets, net	ppe_rollforward	"מלאי חלפים מעל 15,000 ש""ח לפריט"	spare_parts_over_15000			accdep_transfer_held_for_sale	0.0		NIS_thousands	NIS	year		2021.0		high	yes	yes	yes	Extracted from 2021 annual report fixed-asset table.
HPC_2021_AR_2021_spare_parts_over_15000_accdep_close	HPC	2021	HPC_2021_AR	"חברת נמל חיפה בע""מ הדוח השנתי לשנת 2021.pdf"	"חברת נמל חיפה בע""מ הדוח השנתי לשנת 2021.pdf"	52-53	Note 8 Fixed assets, net	ppe_rollforward	"מלאי חלפים מעל 15,000 ש""ח לפריט"	spare_parts_over_15000			accdep_close	7465.0		NIS_thousands	NIS	year		2021.0		high	yes	yes	yes	Extracted from 2021 annual report fixed-asset table.
HPC_2021_AR_2021_spare_parts_over_15000_net_ppe_close	HPC	2021	HPC_2021_AR	"חברת נמל חיפה בע""מ הדוח השנתי לשנת 2021.pdf"	"חברת נמל חיפה בע""מ הדוח השנתי לשנת 2021.pdf"	52-53	Note 8 Fixed assets, net	ppe_rollforward	"מלאי חלפים מעל 15,000 ש""ח לפריט"	spare_parts_over_15000			net_ppe_close	31826.0		NIS_thousands	NIS	year		2021.0		high	yes	yes	yes	Extracted from 2021 annual report fixed-asset table.
HPC_2021_AR_2021_spare_parts_under_15000_cost_open	HPC	2021	HPC_2021_AR	"חברת נמל חיפה בע""מ הדוח השנתי לשנת 2021.pdf"	"חברת נמל חיפה בע""מ הדוח השנתי לשנת 2021.pdf"	52-53	Note 8 Fixed assets, net	ppe_rollforward	"מלאי חלפים עד 15,000 ש""ח לפריט"	spare_parts_under_15000			cost_open	39167.0		NIS_thousands	NIS	year		2021.0		high	yes	yes	yes	Extracted from 2021 annual report fixed-asset table.
HPC_2021_AR_2021_spare_parts_under_15000_cost_additions	HPC	2021	HPC_2021_AR	"חברת נמל חיפה בע""מ הדוח השנתי לשנת 2021.pdf"	"חברת נמל חיפה בע""מ הדוח השנתי לשנת 2021.pdf"	52-53	Note 8 Fixed assets, net	ppe_rollforward	"מלאי חלפים עד 15,000 ש""ח לפריט"	spare_parts_under_15000			cost_additions	931.0		NIS_thousands	NIS	year		2021.0		high	yes	yes	yes	Extracted from 2021 annual report fixed-asset table.
HPC_2021_AR_2021_spare_parts_under_15000_cost_transfers_other	HPC	2021	HPC_2021_AR	"חברת נמל חיפה בע""מ הדוח השנתי לשנת 2021.pdf"	"חברת נמל חיפה בע""מ הדוח השנתי לשנת 2021.pdf"	52-53	Note 8 Fixed assets, net	ppe_rollforward	"מלאי חלפים עד 15,000 ש""ח לפריט"	spare_parts_under_15000			cost_transfers_other	0.0		NIS_thousands	NIS	year		2021.0		high	yes	yes	yes	Extracted from 2021 annual report fixed-asset table.
HPC_2021_AR_2021_spare_parts_under_15000_cost_disposals	HPC	2021	HPC_2021_AR	"חברת נמל חיפה בע""מ הדוח השנתי לשנת 2021.pdf"	"חברת נמל חיפה בע""מ הדוח השנתי לשנת 2021.pdf"	52-53	Note 8 Fixed assets, net	ppe_rollforward	"מלאי חלפים עד 15,000 ש""ח לפריט"	spare_parts_under_15000			cost_disposals	0.0		NIS_thousands	NIS	year		2021.0		high	yes	yes	yes	Extracted from 2021 annual report fixed-asset table.
HPC_2021_AR_2021_spare_parts_under_15000_cost_transfer_held_for_sale	HPC	2021	HPC_2021_AR	"חברת נמל חיפה בע""מ הדוח השנתי לשנת 2021.pdf"	"חברת נמל חיפה בע""מ הדוח השנתי לשנת 2021.pdf"	52-53	Note 8 Fixed assets, net	ppe_rollforward	"מלאי חלפים עד 15,000 ש""ח לפריט"	spare_parts_under_15000			cost_transfer_held_for_sale	0.0		NIS_thousands	NIS	year		2021.0		high	yes	yes	yes	Extracted from 2021 annual report fixed-asset table.
HPC_2021_AR_2021_spare_parts_under_15000_cost_impairment_change	HPC	2021	HPC_2021_AR	"חברת נמל חיפה בע""מ הדוח השנתי לשנת 2021.pdf"	"חברת נמל חיפה בע""מ הדוח השנתי לשנת 2021.pdf"	52-53	Note 8 Fixed assets, net	ppe_rollforward	"מלאי חלפים עד 15,000 ש""ח לפריט"	spare_parts_under_15000			cost_impairment_change	0.0		NIS_thousands	NIS	year		2021.0		high	yes	yes	yes	Extracted from 2021 annual report fixed-asset table.
HPC_2021_AR_2021_spare_parts_under_15000_cost_close	HPC	2021	HPC_2021_AR	"חברת נמל חיפה בע""מ הדוח השנתי לשנת 2021.pdf"	"חברת נמל חיפה בע""מ הדוח השנתי לשנת 2021.pdf"	52-53	Note 8 Fixed assets, net	ppe_rollforward	"מלאי חלפים עד 15,000 ש""ח לפריט"	spare_parts_under_15000			cost_close	40098.0		NIS_thousands	NIS	year		2021.0		high	yes	yes	yes	Extracted from 2021 annual report fixed-asset table.
HPC_2021_AR_2021_spare_parts_under_15000_accdep_open	HPC	2021	HPC_2021_AR	"חברת נמל חיפה בע""מ הדוח השנתי לשנת 2021.pdf"	"חברת נמל חיפה בע""מ הדוח השנתי לשנת 2021.pdf"	52-53	Note 8 Fixed assets, net	ppe_rollforward	"מלאי חלפים עד 15,000 ש""ח לפריט"	spare_parts_under_15000			accdep_open	0.0		NIS_thousands	NIS	year		2021.0		high	yes	yes	yes	Extracted from 2021 annual report fixed-asset table.
HPC_2021_AR_2021_spare_parts_under_15000_accdep_depreciation	HPC	2021	HPC_2021_AR	"חברת נמל חיפה בע""מ הדוח השנתי לשנת 2021.pdf"	"חברת נמל חיפה בע""מ הדוח השנתי לשנת 2021.pdf"	52-53	Note 8 Fixed assets, net	ppe_rollforward	"מלאי חלפים עד 15,000 ש""ח לפריט"	spare_parts_under_15000			accdep_depreciation	0.0		NIS_thousands	NIS	year		2021.0		high	yes	yes	yes	Extracted from 2021 annual report fixed-asset table.
HPC_2021_AR_2021_spare_parts_under_15000_accdep_transfers_other	HPC	2021	HPC_2021_AR	"חברת נמל חיפה בע""מ הדוח השנתי לשנת 2021.pdf"	"חברת נמל חיפה בע""מ הדוח השנתי לשנת 2021.pdf"	52-53	Note 8 Fixed assets, net	ppe_rollforward	"מלאי חלפים עד 15,000 ש""ח לפריט"	spare_parts_under_15000			accdep_transfers_other	0.0		NIS_thousands	NIS	year		2021.0		high	yes	yes	yes	Extracted from 2021 annual report fixed-asset table.
HPC_2021_AR_2021_spare_parts_under_15000_accdep_disposals	HPC	2021	HPC_2021_AR	"חברת נמל חיפה בע""מ הדוח השנתי לשנת 2021.pdf"	"חברת נמל חיפה בע""מ הדוח השנתי לשנת 2021.pdf"	52-53	Note 8 Fixed assets, net	ppe_rollforward	"מלאי חלפים עד 15,000 ש""ח לפריט"	spare_parts_under_15000			accdep_disposals	0.0		NIS_thousands	NIS	year		2021.0		high	yes	yes	yes	Extracted from 2021 annual report fixed-asset table.
HPC_2021_AR_2021_spare_parts_under_15000_accdep_transfer_held_for_sale	HPC	2021	HPC_2021_AR	"חברת נמל חיפה בע""מ הדוח השנתי לשנת 2021.pdf"	"חברת נמל חיפה בע""מ הדוח השנתי לשנת 2021.pdf"	52-53	Note 8 Fixed assets, net	ppe_rollforward	"מלאי חלפים עד 15,000 ש""ח לפריט"	spare_parts_under_15000			accdep_transfer_held_for_sale	0.0		NIS_thousands	NIS	year		2021.0		high	yes	yes	yes	Extracted from 2021 annual report fixed-asset table.
HPC_2021_AR_2021_spare_parts_under_15000_accdep_close	HPC	2021	HPC_2021_AR	"חברת נמל חיפה בע""מ הדוח השנתי לשנת 2021.pdf"	"חברת נמל חיפה בע""מ הדוח השנתי לשנת 2021.pdf"	52-53	Note 8 Fixed assets, net	ppe_rollforward	"מלאי חלפים עד 15,000 ש""ח לפריט"	spare_parts_under_15000			accdep_close	0.0		NIS_thousands	NIS	year		2021.0		high	yes	yes	yes	Extracted from 2021 annual report fixed-asset table.
HPC_2021_AR_2021_spare_parts_under_15000_net_ppe_close	HPC	2021	HPC_2021_AR	"חברת נמל חיפה בע""מ הדוח השנתי לשנת 2021.pdf"	"חברת נמל חיפה בע""מ הדוח השנתי לשנת 2021.pdf"	52-53	Note 8 Fixed assets, net	ppe_rollforward	"מלאי חלפים עד 15,000 ש""ח לפריט"	spare_parts_under_15000			net_ppe_close	40098.0		NIS_thousands	NIS	year		2021.0		high	yes	yes	yes	Extracted from 2021 annual report fixed-asset table.
HPC_2021_AR_2021_payments_on_account_fixed_assets	HPC	2021	HPC_2021_AR	"חברת נמל חיפה בע""מ הדוח השנתי לשנת 2021.pdf"	"חברת נמל חיפה בע""מ הדוח השנתי לשנת 2021.pdf"	53.0	Note 8(c) payments on account of purchase of fixed assets	wip_indicator					payments_on_account_purchase_fixed_assets	37381.0		NIS_thousands	NIS	year		2021.0		high	no	no	yes	Cost as of Dec 31 2021 includes payments on account for purchase of fixed assets.
HPC_2021_AR_2021_cum_accounting_depreciation	HPC	2021	HPC_2021_AR	"חברת נמל חיפה בע""מ הדוח השנתי לשנת 2021.pdf"	"חברת נמל חיפה בע""מ הדוח השנתי לשנת 2021.pdf"	53.0	Note 8(d) asset renewal fund	renewal_fund_note					cumulative_accounting_depreciation_since_commencement	1253130.0		NIS_thousands	NIS	year		2021.0		medium	no	no	no	Cumulative accounting depreciation through 2021.
HPC_2021_AR_2021_cum_investment_for_renewal	HPC	2021	HPC_2021_AR	"חברת נמל חיפה בע""מ הדוח השנתי לשנת 2021.pdf"	"חברת נמל חיפה בע""מ הדוח השנתי לשנת 2021.pdf"	53.0	Note 8(d) asset renewal fund	renewal_fund_note					cumulative_investment_for_renewal_replacement_acquisition_since_commencement	1773847.0		NIS_thousands	NIS	year		2021.0		medium	no	no	no	Cumulative investment for renewal/replacement/acquisition through 2021.
HPC_2021_AR_2021_right_of_use_real_estate_cost_open	HPC	2021	HPC_2021_AR	"חברת נמל חיפה בע""מ הדוח השנתי לשנת 2021.pdf"	"חברת נמל חיפה בע""מ הדוח השנתי לשנת 2021.pdf"	55.0	Note 8 Fixed assets, net	ppe_rollforward	מקרקעין	right_of_use_real_estate			cost_open	167539.0		NIS_thousands	NIS	year		2021.0		high	yes	yes	yes	Extracted from 2021 annual report lease/right-of-use asset disclosures.
HPC_2021_AR_2021_right_of_use_real_estate_cost_new_leases	HPC	2021	HPC_2021_AR	"חברת נמל חיפה בע""מ הדוח השנתי לשנת 2021.pdf"	"חברת נמל חיפה בע""מ הדוח השנתי לשנת 2021.pdf"	55.0	Note 8 Fixed assets, net	ppe_rollforward	מקרקעין	right_of_use_real_estate			cost_new_leases	259956.0		NIS_thousands	NIS	year		2021.0		high	yes	yes	yes	Extracted from 2021 annual report lease/right-of-use asset disclosures.
HPC_2021_AR_2021_right_of_use_real_estate_cost_derecognitions_terminated_leases	HPC	2021	HPC_2021_AR	"חברת נמל חיפה בע""מ הדוח השנתי לשנת 2021.pdf"	"חברת נמל חיפה בע""מ הדוח השנתי לשנת 2021.pdf"	55.0	Note 8 Fixed assets, net	ppe_rollforward	מקרקעין	right_of_use_real_estate			cost_derecognitions_terminated_leases	0.0		NIS_thousands	NIS	year		2021.0		high	yes	yes	yes	Extracted from 2021 annual report lease/right-of-use asset disclosures.
HPC_2021_AR_2021_right_of_use_real_estate_cost_close	HPC	2021	HPC_2021_AR	"חברת נמל חיפה בע""מ הדוח השנתי לשנת 2021.pdf"	"חברת נמל חיפה בע""מ הדוח השנתי לשנת 2021.pdf"	55.0	Note 8 Fixed assets, net	ppe_rollforward	מקרקעין	right_of_use_real_estate			cost_close	427495.0		NIS_thousands	NIS	year		2021.0		high	yes	yes	yes	Extracted from 2021 annual report lease/right-of-use asset disclosures.
HPC_2021_AR_2021_right_of_use_real_estate_accdep_open	HPC	2021	HPC_2021_AR	"חברת נמל חיפה בע""מ הדוח השנתי לשנת 2021.pdf"	"חברת נמל חיפה בע""מ הדוח השנתי לשנת 2021.pdf"	55.0	Note 8 Fixed assets, net	ppe_rollforward	מקרקעין	right_of_use_real_estate			accdep_open	0.0		NIS_thousands	NIS	year		2021.0		high	yes	yes	yes	Extracted from 2021 annual report lease/right-of-use asset disclosures.
HPC_2021_AR_2021_right_of_use_real_estate_accdep_new_leases	HPC	2021	HPC_2021_AR	"חברת נמל חיפה בע""מ הדוח השנתי לשנת 2021.pdf"	"חברת נמל חיפה בע""מ הדוח השנתי לשנת 2021.pdf"	55.0	Note 8 Fixed assets, net	ppe_rollforward	מקרקעין	right_of_use_real_estate			accdep_new_leases	2786.0		NIS_thousands	NIS	year		2021.0		high	yes	yes	yes	Extracted from 2021 annual report lease/right-of-use asset disclosures.
HPC_2021_AR_2021_right_of_use_real_estate_accdep_derecognitions_terminated_leases	HPC	2021	HPC_2021_AR	"חברת נמל חיפה בע""מ הדוח השנתי לשנת 2021.pdf"	"חברת נמל חיפה בע""מ הדוח השנתי לשנת 2021.pdf"	55.0	Note 8 Fixed assets, net	ppe_rollforward	מקרקעין	right_of_use_real_estate			accdep_derecognitions_terminated_leases	0.0		NIS_thousands	NIS	year		2021.0		high	yes	yes	yes	Extracted from 2021 annual report lease/right-of-use asset disclosures.
HPC_2021_AR_2021_right_of_use_real_estate_accdep_close	HPC	2021	HPC_2021_AR	"חברת נמל חיפה בע""מ הדוח השנתי לשנת 2021.pdf"	"חברת נמל חיפה בע""מ הדוח השנתי לשנת 2021.pdf"	55.0	Note 8 Fixed assets, net	ppe_rollforward	מקרקעין	right_of_use_real_estate			accdep_close	2786.0		NIS_thousands	NIS	year		2021.0		high	yes	yes	yes	Extracted from 2021 annual report lease/right-of-use asset disclosures.
HPC_2021_AR_2021_right_of_use_vehicles_cost_open	HPC	2021	HPC_2021_AR	"חברת נמל חיפה בע""מ הדוח השנתי לשנת 2021.pdf"	"חברת נמל חיפה בע""מ הדוח השנתי לשנת 2021.pdf"	55.0	Note 8 Fixed assets, net	ppe_rollforward	כלי רכב	right_of_use_vehicles			cost_open	7038.0		NIS_thousands	NIS	year		2021.0		high	yes	yes	yes	Extracted from 2021 annual report lease/right-of-use asset disclosures.
HPC_2021_AR_2021_right_of_use_vehicles_cost_new_leases	HPC	2021	HPC_2021_AR	"חברת נמל חיפה בע""מ הדוח השנתי לשנת 2021.pdf"	"חברת נמל חיפה בע""מ הדוח השנתי לשנת 2021.pdf"	55.0	Note 8 Fixed assets, net	ppe_rollforward	כלי רכב	right_of_use_vehicles			cost_new_leases	2782.0		NIS_thousands	NIS	year		2021.0		high	yes	yes	yes	Extracted from 2021 annual report lease/right-of-use asset disclosures.
HPC_2021_AR_2021_right_of_use_vehicles_cost_derecognitions_terminated_leases	HPC	2021	HPC_2021_AR	"חברת נמל חיפה בע""מ הדוח השנתי לשנת 2021.pdf"	"חברת נמל חיפה בע""מ הדוח השנתי לשנת 2021.pdf"	55.0	Note 8 Fixed assets, net	ppe_rollforward	כלי רכב	right_of_use_vehicles			cost_derecognitions_terminated_leases	-1790.0		NIS_thousands	NIS	year		2021.0		high	yes	yes	yes	Extracted from 2021 annual report lease/right-of-use asset disclosures.
HPC_2021_AR_2021_right_of_use_vehicles_cost_close	HPC	2021	HPC_2021_AR	"חברת נמל חיפה בע""מ הדוח השנתי לשנת 2021.pdf"	"חברת נמל חיפה בע""מ הדוח השנתי לשנת 2021.pdf"	55.0	Note 8 Fixed assets, net	ppe_rollforward	כלי רכב	right_of_use_vehicles			cost_close	8030.0		NIS_thousands	NIS	year		2021.0		high	yes	yes	yes	Extracted from 2021 annual report lease/right-of-use asset disclosures.
HPC_2021_AR_2021_right_of_use_vehicles_accdep_open	HPC	2021	HPC_2021_AR	"חברת נמל חיפה בע""מ הדוח השנתי לשנת 2021.pdf"	"חברת נמל חיפה בע""מ הדוח השנתי לשנת 2021.pdf"	55.0	Note 8 Fixed assets, net	ppe_rollforward	כלי רכב	right_of_use_vehicles			accdep_open	2763.0		NIS_thousands	NIS	year		2021.0		high	yes	yes	yes	Extracted from 2021 annual report lease/right-of-use asset disclosures.
HPC_2021_AR_2021_right_of_use_vehicles_accdep_new_leases	HPC	2021	HPC_2021_AR	"חברת נמל חיפה בע""מ הדוח השנתי לשנת 2021.pdf"	"חברת נמל חיפה בע""מ הדוח השנתי לשנת 2021.pdf"	55.0	Note 8 Fixed assets, net	ppe_rollforward	כלי רכב	right_of_use_vehicles			accdep_new_leases	2537.0		NIS_thousands	NIS	year		2021.0		high	yes	yes	yes	Extracted from 2021 annual report lease/right-of-use asset disclosures.
HPC_2021_AR_2021_right_of_use_vehicles_accdep_derecognitions_terminated_leases	HPC	2021	HPC_2021_AR	"חברת נמל חיפה בע""מ הדוח השנתי לשנת 2021.pdf"	"חברת נמל חיפה בע""מ הדוח השנתי לשנת 2021.pdf"	55.0	Note 8 Fixed assets, net	ppe_rollforward	כלי רכב	right_of_use_vehicles			accdep_derecognitions_terminated_leases	-1525.0		NIS_thousands	NIS	year		2021.0		high	yes	yes	yes	Extracted from 2021 annual report lease/right-of-use asset disclosures.
HPC_2021_AR_2021_right_of_use_vehicles_accdep_close	HPC	2021	HPC_2021_AR	"חברת נמל חיפה בע""מ הדוח השנתי לשנת 2021.pdf"	"חברת נמל חיפה בע""מ הדוח השנתי לשנת 2021.pdf"	55.0	Note 8 Fixed assets, net	ppe_rollforward	כלי רכב	right_of_use_vehicles			accdep_close	3775.0		NIS_thousands	NIS	year		2021.0		high	yes	yes	yes	Extracted from 2021 annual report lease/right-of-use asset disclosures.
HPC_2021_AR_lease_prepaid_use_fee_policy	HPC	2021	HPC_2021_AR	"חברת נמל חיפה בע""מ הדוח השנתי לשנת 2021.pdf"	"חברת נמל חיפה בע""מ הדוח השנתי לשנת 2021.pdf"	55.0	Note 10 leases	timing_policy	land agreement / lease	lease_real_estate			lease_term_text		Legacy prepaid operating lease spread over 49-year authorization period from 17 Feb 2005; 2020 land agreement also referenced.			year		2021.0		medium	no	no	yes	Useful for interpreting right-of-use real-estate asset recognition and timing.
HPC_2021_AR_lease_30_vs_49_year_authority_dispute	HPC	2021	HPC_2021_AR	"חברת נמל חיפה בע""מ הדוח השנתי לשנת 2021.pdf"	"חברת נמל חיפה בע""מ הדוח השנתי לשנת 2021.pdf"	55.0	Note 10 leases	timing_policy	lease accounting life	lease_real_estate			companies_authority_position_text		Companies Authority argued prepaid use fees should be amortized over 30 years rather than 49; company relied on engineering opinion and 2020 land agreement to retain longer life.			year		2021.0		medium	no	no	no	Potentially relevant for economic-life assumptions.
HPC_2022Q3_IR_2022_adani_gadot_sale_award	HPC	2022	HPC_2022Q3_IR	companies_data_and_reports_haifaport_financial_report_2022_q3.pdf	companies_data_and_reports_haifaport_financial_report_2022_q3.pdf	25.0	Note 7 events during the period	corporate_event			HPC_Privatization_2022	Award of tender for 100% sale of HPC to Adani-Gadot	tender_value	4100000.0		NIS_thousands	NIS	year_month	2022-07	2022.0	2022-07	high	no	no	no	Not capital stock itself, but important for reform-clock and financing context.
HPC_2022Q3_IR_2022_seafront_compensation_cap	HPC	2022	HPC_2022Q3_IR	companies_data_and_reports_haifaport_financial_report_2022_q3.pdf	companies_data_and_reports_haifaport_financial_report_2022_q3.pdf	26.0	Note 7 events during the period	project_event			HPC_Waterfront_2022	Sea-front agreement / relocation compensation	compensation_cap	150000.0		NIS_thousands	NIS	year_month	2022-05	2022.0	2022-05	high	no	no	yes	Sea-front area reduction agreement; compensation may fund relocation/new infrastructure rather than direct current-period K.
HPC_2020_ROADSHOW_proceeds_to_hpc_total	HPC	2020	HPC_2020_ROADSHOW	files_privatizations_hifa-port_eng_HaifaPort_Roadshow.pdf	files_privatizations_hifa-port_eng_HaifaPort_Roadshow.pdf	44.0	Use of proceeds	planned_capex			HPC_Privatization_InvestmentPlan	Planned post-privatization investment into HPC	planned_proceeds_to_hpc_total	1000000.0		NIS_thousands	NIS	year		2020.0		medium	no	no	yes	Roadshow states first ILS 1 billion will be invested into HPC; plan-level, not realized capital.
HPC_2020_ROADSHOW_planned_infra_equipment	HPC	2020	HPC_2020_ROADSHOW	files_privatizations_hifa-port_eng_HaifaPort_Roadshow.pdf	files_privatizations_hifa-port_eng_HaifaPort_Roadshow.pdf	44.0	Use of proceeds	planned_capex			HPC_Privatization_InvestmentPlan	Planned post-privatization investment into HPC	planned_infrastructure_and_equipment	400000.0		NIS_thousands	NIS	year		2020.0		medium	no	no	yes	Roadshow planned use of proceeds: development of infrastructure and equipment.
HPC_2020_ROADSHOW_planned_new_investments_restructuring_financial_robustness	HPC	2020	HPC_2020_ROADSHOW	files_privatizations_hifa-port_eng_HaifaPort_Roadshow.pdf	files_privatizations_hifa-port_eng_HaifaPort_Roadshow.pdf	44.0	Use of proceeds	planned_capex			HPC_Privatization_InvestmentPlan	Planned post-privatization investment into HPC	planned_new_investments_restructuring_financial_robustness	600000.0		NIS_thousands	NIS	year		2020.0		medium	no	no	yes	Roadshow planned use of proceeds bucket.
HPC_2020_ROADSHOW_HPC_KishonEast_length	HPC	2020	HPC_2020_ROADSHOW	files_privatizations_hifa-port_eng_HaifaPort_Roadshow.pdf	files_privatizations_hifa-port_eng_HaifaPort_Roadshow.pdf	7.0	Haifa Port Company overview	project_characteristic	Kishon-East Terminal	terminal_infrastructure	HPC_KishonEast	Kishon-East Terminal	terminal_length_m	677.0		meters		year		2020.0		medium	no	no	no	Roadshow terminal characteristic.
HPC_2020_ROADSHOW_HPC_KishonEast_depth	HPC	2020	HPC_2020_ROADSHOW	files_privatizations_hifa-port_eng_HaifaPort_Roadshow.pdf	files_privatizations_hifa-port_eng_HaifaPort_Roadshow.pdf	7.0	Haifa Port Company overview	project_characteristic	Kishon-East Terminal	terminal_infrastructure	HPC_KishonEast	Kishon-East Terminal	terminal_depth_m	10.0		meters		year		2020.0		medium	no	no	no	Roadshow terminal characteristic.
HPC_2020_ROADSHOW_HPC_KishonEast_area	HPC	2020	HPC_2020_ROADSHOW	files_privatizations_hifa-port_eng_HaifaPort_Roadshow.pdf	files_privatizations_hifa-port_eng_HaifaPort_Roadshow.pdf	7.0	Haifa Port Company overview	project_characteristic	Kishon-East Terminal	terminal_infrastructure	HPC_KishonEast	Kishon-East Terminal	terminal_area_dunam	190.0		dunam		year		2020.0		medium	no	no	no	Roadshow terminal characteristic.
HPC_2020_ROADSHOW_HPC_CarmelContainer_length	HPC	2020	HPC_2020_ROADSHOW	files_privatizations_hifa-port_eng_HaifaPort_Roadshow.pdf	files_privatizations_hifa-port_eng_HaifaPort_Roadshow.pdf	7.0	Haifa Port Company overview	project_characteristic	Carmel Container Terminal	terminal_infrastructure	HPC_CarmelContainer	Carmel Container Terminal	terminal_length_m	700.0		meters		year		2020.0		medium	no	no	no	Roadshow terminal characteristic.
HPC_2020_ROADSHOW_HPC_CarmelContainer_depth	HPC	2020	HPC_2020_ROADSHOW	files_privatizations_hifa-port_eng_HaifaPort_Roadshow.pdf	files_privatizations_hifa-port_eng_HaifaPort_Roadshow.pdf	7.0	Haifa Port Company overview	project_characteristic	Carmel Container Terminal	terminal_infrastructure	HPC_CarmelContainer	Carmel Container Terminal	terminal_depth_m	16.2		meters		year		2020.0		medium	no	no	no	Roadshow terminal characteristic.
HPC_2020_ROADSHOW_HPC_CarmelContainer_area	HPC	2020	HPC_2020_ROADSHOW	files_privatizations_hifa-port_eng_HaifaPort_Roadshow.pdf	files_privatizations_hifa-port_eng_HaifaPort_Roadshow.pdf	7.0	Haifa Port Company overview	project_characteristic	Carmel Container Terminal	terminal_infrastructure	HPC_CarmelContainer	Carmel Container Terminal	terminal_area_dunam	273.0		dunam		year		2020.0		medium	no	no	no	Roadshow terminal characteristic.
